roc,date,holiday
AHMEDABAD,2006-01-11,Eid al-Adha
AHMEDABAD,2006-01-14,Uttarayan
AHMEDABAD,2006-01-26,Republic Day
AHMEDABAD,2006-02-09,Ashura
AHMEDABAD,2006-02-26,Maha Shivaratri
AHMEDABAD,2006-03-15,Holi
AHMEDABAD,2006-03-30,Cheti Chand
AHMEDABAD,2006-04-06,Ram Navami
AHMEDABAD,2006-04-11,Mahavira's Birthday; Prophet's Birthday
AHMEDABAD,2006-04-14,Dr. B. R. Ambedkar's Birthday; Good Friday
AHMEDABAD,2006-04-30,Lord Shri Parshuram's Birthday
AHMEDABAD,2006-05-13,Buddha Purnima
AHMEDABAD,2006-08-09,Raksha Bandhan
AHMEDABAD,2006-08-15,Independence Day
AHMEDABAD,2006-08-16,Janmashtami (Vaishnava)
AHMEDABAD,2006-08-20,Parsi New Year (Shahenshahi)
AHMEDABAD,2006-08-28,Samvatsari Day
AHMEDABAD,2006-10-02,Dussehra; Mahatma Gandhi's Birthday
AHMEDABAD,2006-10-21,Diwali (Deepavali)
AHMEDABAD,2006-10-23,Bhai Duj; Gujarati New Year
AHMEDABAD,2006-10-25,Eid al-Fitr
AHMEDABAD,2006-10-31,Sardar Vallabhbhai Patel's Birthday
AHMEDABAD,2006-11-05,Guru Nanak's Birthday
AHMEDABAD,2006-12-25,Christmas
AHMEDABAD,2007-01-01,Eid al-Adha
AHMEDABAD,2007-01-15,Uttarayan
AHMEDABAD,2007-01-26,Republic Day
AHMEDABAD,2007-01-30,Ashura
AHMEDABAD,2007-02-16,Maha Shivaratri
AHMEDABAD,2007-03-04,Holi
AHMEDABAD,2007-03-19,Cheti Chand
AHMEDABAD,2007-03-26,Ram Navami
AHMEDABAD,2007-03-31,Mahavira's Birthday
AHMEDABAD,2007-04-01,Prophet's Birthday
AHMEDABAD,2007-04-06,Good Friday
AHMEDABAD,2007-04-14,Dr. B. R. Ambedkar's Birthday
AHMEDABAD,2007-04-19,Lord Shri Parshuram's Birthday
AHMEDABAD,2007-05-02,Buddha Purnima
AHMEDABAD,2007-08-15,Independence Day
AHMEDABAD,2007-08-20,Parsi New Year (Shahenshahi)
AHMEDABAD,2007-08-28,Raksha Bandhan
AHMEDABAD,2007-09-04,Janmashtami (Vaishnava)
AHMEDABAD,2007-09-16,Samvatsari Day
AHMEDABAD,2007-10-02,Mahatma Gandhi's Birthday
AHMEDABAD,2007-10-14,Eid al-Fitr
AHMEDABAD,2007-10-21,Dussehra
AHMEDABAD,2007-10-31,Sardar Vallabhbhai Patel's Birthday
AHMEDABAD,2007-11-09,Diwali (Deepavali)
AHMEDABAD,2007-11-10,Gujarati New Year
AHMEDABAD,2007-11-11,Bhai Duj
AHMEDABAD,2007-11-24,Guru Nanak's Birthday
AHMEDABAD,2007-12-21,Eid al-Adha
AHMEDABAD,2007-12-25,Christmas
AHMEDABAD,2008-01-15,Uttarayan
AHMEDABAD,2008-01-19,Ashura
AHMEDABAD,2008-01-26,Republic Day
AHMEDABAD,2008-03-06,Maha Shivaratri
AHMEDABAD,2008-03-21,Good Friday; Prophet's Birthday
AHMEDABAD,2008-03-22,Holi
AHMEDABAD,2008-04-06,Cheti Chand
AHMEDABAD,2008-04-14,Dr. B. R. Ambedkar's Birthday; Ram Navami
AHMEDABAD,2008-04-18,Mahavira's Birthday
AHMEDABAD,2008-05-07,Lord Shri Parshuram's Birthday
AHMEDABAD,2008-05-20,Buddha Purnima
AHMEDABAD,2008-08-15,Independence Day
AHMEDABAD,2008-08-16,Raksha Bandhan
AHMEDABAD,2008-08-19,Parsi New Year (Shahenshahi)
AHMEDABAD,2008-09-04,Samvatsari Day
AHMEDABAD,2008-10-02,Eid al-Fitr; Mahatma Gandhi's Birthday
AHMEDABAD,2008-10-09,Dussehra
AHMEDABAD,2008-10-28,Diwali (Deepavali)
AHMEDABAD,2008-10-29,Gujarati New Year
AHMEDABAD,2008-10-30,Bhai Duj
AHMEDABAD,2008-10-31,Sardar Vallabhbhai Patel's Birthday
AHMEDABAD,2008-11-13,Guru Nanak's Birthday
AHMEDABAD,2008-12-09,Eid al-Adha
AHMEDABAD,2008-12-25,Christmas
AHMEDABAD,2009-01-08,Ashura
AHMEDABAD,2009-01-14,Uttarayan
AHMEDABAD,2009-01-26,Republic Day
AHMEDABAD,2009-03-10,Prophet's Birthday
AHMEDABAD,2009-03-11,Holi
AHMEDABAD,2009-03-27,Cheti Chand
AHMEDABAD,2009-04-03,Ram Navami
AHMEDABAD,2009-04-07,Mahavira's Birthday
AHMEDABAD,2009-04-10,Good Friday
AHMEDABAD,2009-04-14,Dr. B. R. Ambedkar's Birthday
AHMEDABAD,2009-04-27,Lord Shri Parshuram's Birthday
AHMEDABAD,2009-05-08,Buddha Purnima
AHMEDABAD,2009-08-05,Raksha Bandhan
AHMEDABAD,2009-08-14,Janmashtami (Vaishnava)
AHMEDABAD,2009-08-15,Independence Day
AHMEDABAD,2009-08-19,Parsi New Year (Shahenshahi)
AHMEDABAD,2009-08-24,Samvatsari Day
AHMEDABAD,2009-09-21,Eid al-Fitr
AHMEDABAD,2009-09-28,Dussehra
AHMEDABAD,2009-10-02,Mahatma Gandhi's Birthday
AHMEDABAD,2009-10-17,Diwali (Deepavali)
AHMEDABAD,2009-10-19,Bhai Duj; Gujarati New Year
AHMEDABAD,2009-10-31,Sardar Vallabhbhai Patel's Birthday
AHMEDABAD,2009-11-02,Guru Nanak's Birthday
AHMEDABAD,2009-11-28,Eid al-Adha
AHMEDABAD,2009-12-25,Christmas
AHMEDABAD,2009-12-28,Ashura
AHMEDABAD,2010-01-14,Uttarayan
AHMEDABAD,2010-01-26,Republic Day
AHMEDABAD,2010-02-27,Prophet's Birthday
AHMEDABAD,2010-03-01,Holi
AHMEDABAD,2010-03-16,Cheti Chand
AHMEDABAD,2010-03-24,Ram Navami
AHMEDABAD,2010-04-02,Good Friday
AHMEDABAD,2010-04-14,Dr. B. R. Ambedkar's Birthday
AHMEDABAD,2010-04-28,Mahavira's Birthday
AHMEDABAD,2010-05-16,Lord Shri Parshuram's Birthday
AHMEDABAD,2010-05-27,Buddha Purnima
AHMEDABAD,2010-08-15,Independence Day
AHMEDABAD,2010-08-19,Parsi New Year (Shahenshahi)
AHMEDABAD,2010-08-24,Raksha Bandhan
AHMEDABAD,2010-09-02,Janmashtami (Vaishnava)
AHMEDABAD,2010-09-11,Eid al-Fitr
AHMEDABAD,2010-09-12,Samvatsari Day
AHMEDABAD,2010-10-02,Mahatma Gandhi's Birthday
AHMEDABAD,2010-10-17,Dussehra
AHMEDABAD,2010-10-31,Sardar Vallabhbhai Patel's Birthday
AHMEDABAD,2010-11-05,Diwali (Deepavali)
AHMEDABAD,2010-11-07,Bhai Duj; Gujarati New Year
AHMEDABAD,2010-11-17,Eid al-Adha
AHMEDABAD,2010-11-21,Guru Nanak's Birthday
AHMEDABAD,2010-12-17,Ashura
AHMEDABAD,2010-12-25,Christmas
AHMEDABAD,2011-01-15,Uttarayan
AHMEDABAD,2011-01-26,Republic Day
AHMEDABAD,2011-02-16,Prophet's Birthday
AHMEDABAD,2011-03-02,Maha Shivaratri
AHMEDABAD,2011-04-04,Cheti Chand
AHMEDABAD,2011-04-12,Ram Navami
AHMEDABAD,2011-04-14,Dr. B. R. Ambedkar's Birthday
AHMEDABAD,2011-04-16,Mahavira's Birthday
AHMEDABAD,2011-04-22,Good Friday
AHMEDABAD,2011-05-05,Lord Shri Parshuram's Birthday
AHMEDABAD,2011-05-17,Buddha Purnima
AHMEDABAD,2011-08-13,Raksha Bandhan
AHMEDABAD,2011-08-15,Independence Day
AHMEDABAD,2011-08-19,Parsi New Year (Shahenshahi)
AHMEDABAD,2011-08-22,Janmashtami (Vaishnava)
AHMEDABAD,2011-08-31,Eid al-Fitr
AHMEDABAD,2011-09-02,Samvatsari Day
AHMEDABAD,2011-10-02,Mahatma Gandhi's Birthday
AHMEDABAD,2011-10-06,Dussehra
AHMEDABAD,2011-10-26,Diwali (Deepavali)
AHMEDABAD,2011-10-27,Gujarati New Year
AHMEDABAD,2011-10-28,Bhai Duj
AHMEDABAD,2011-10-31,Sardar Vallabhbhai Patel's Birthday
AHMEDABAD,2011-11-07,Eid al-Adha
AHMEDABAD,2011-11-10,Guru Nanak's Birthday
AHMEDABAD,2011-12-06,Ashura
AHMEDABAD,2011-12-25,Christmas
AHMEDABAD,2012-01-15,Uttarayan
AHMEDABAD,2012-01-26,Republic Day
AHMEDABAD,2012-02-05,Prophet's Birthday
AHMEDABAD,2012-02-20,Maha Shivaratri
AHMEDABAD,2012-03-08,Holi
AHMEDABAD,2012-03-23,Cheti Chand
AHMEDABAD,2012-04-05,Mahavira's Birthday
AHMEDABAD,2012-04-06,Good Friday
AHMEDABAD,2012-04-14,Dr. B. R. Ambedkar's Birthday
AHMEDABAD,2012-04-24,Lord Shri Parshuram's Birthday
AHMEDABAD,2012-05-06,Buddha Purnima
AHMEDABAD,2012-08-02,Raksha Bandhan
AHMEDABAD,2012-08-10,Janmashtami (Vaishnava)
AHMEDABAD,2012-08-15,Independence Day
AHMEDABAD,2012-08-18,Parsi New Year (Shahenshahi)
AHMEDABAD,2012-08-20,Eid al-Fitr
AHMEDABAD,2012-09-20,Samvatsari Day
AHMEDABAD,2012-10-02,Mahatma Gandhi's Birthday
AHMEDABAD,2012-10-24,Dussehra
AHMEDABAD,2012-10-27,Eid al-Adha
AHMEDABAD,2012-10-31,Sardar Vallabhbhai Patel's Birthday
AHMEDABAD,2012-11-13,Diwali (Deepavali)
AHMEDABAD,2012-11-14,Gujarati New Year
AHMEDABAD,2012-11-15,Bhai Duj
AHMEDABAD,2012-11-25,Ashura
AHMEDABAD,2012-11-28,Guru Nanak's Birthday
AHMEDABAD,2012-12-25,Christmas
AHMEDABAD,2013-01-14,Uttarayan
AHMEDABAD,2013-01-25,Prophet's Birthday
AHMEDABAD,2013-01-26,Republic Day
AHMEDABAD,2013-03-27,Holi
AHMEDABAD,2013-03-29,Good Friday
AHMEDABAD,2013-04-11,Cheti Chand
AHMEDABAD,2013-04-14,Dr. B. R. Ambedkar's Birthday
AHMEDABAD,2013-04-19,Ram Navami
AHMEDABAD,2013-04-24,Mahavira's Birthday
AHMEDABAD,2013-05-12,Lord Shri Parshuram's Birthday
AHMEDABAD,2013-05-25,Buddha Purnima
AHMEDABAD,2013-08-09,Eid al-Fitr
AHMEDABAD,2013-08-15,Independence Day
AHMEDABAD,2013-08-18,Parsi New Year (Shahenshahi)
AHMEDABAD,2013-08-20,Raksha Bandhan
AHMEDABAD,2013-08-28,Janmashtami (Vaishnava)
AHMEDABAD,2013-09-10,Samvatsari Day
AHMEDABAD,2013-10-02,Mahatma Gandhi's Birthday
AHMEDABAD,2013-10-13,Dussehra
AHMEDABAD,2013-10-16,Eid al-Adha
AHMEDABAD,2013-10-31,Sardar Vallabhbhai Patel's Birthday
AHMEDABAD,2013-11-03,Diwali (Deepavali)
AHMEDABAD,2013-11-04,Gujarati New Year
AHMEDABAD,2013-11-05,Bhai Duj
AHMEDABAD,2013-11-14,Ashura
AHMEDABAD,2013-11-17,Guru Nanak's Birthday
AHMEDABAD,2013-12-25,Christmas
AHMEDABAD,2014-01-14,Prophet's Birthday; Uttarayan
AHMEDABAD,2014-01-26,Republic Day
AHMEDABAD,2014-03-17,Holi
AHMEDABAD,2014-03-31,Cheti Chand
AHMEDABAD,2014-04-08,Ram Navami
AHMEDABAD,2014-04-13,Mahavira's Birthday
AHMEDABAD,2014-04-14,Dr. B. R. Ambedkar's Birthday
AHMEDABAD,2014-04-18,Good Friday
AHMEDABAD,2014-05-01,Lord Shri Parshuram's Birthday
AHMEDABAD,2014-05-14,Buddha Purnima
AHMEDABAD,2014-07-29,Eid al-Fitr
AHMEDABAD,2014-08-10,Raksha Bandhan
AHMEDABAD,2014-08-15,Independence Day
AHMEDABAD,2014-08-18,Janmashtami (Vaishnava); Parsi New Year (Shahenshahi)
AHMEDABAD,2014-08-30,Samvatsari Day
AHMEDABAD,2014-10-02,Mahatma Gandhi's Birthday
AHMEDABAD,2014-10-03,Dussehra
AHMEDABAD,2014-10-06,Eid al-Adha
AHMEDABAD,2014-10-23,Diwali (Deepavali)
AHMEDABAD,2014-10-24,Gujarati New Year
AHMEDABAD,2014-10-25,Bhai Duj
AHMEDABAD,2014-10-31,Sardar Vallabhbhai Patel's Birthday
AHMEDABAD,2014-11-04,Ashura
AHMEDABAD,2014-11-06,Guru Nanak's Birthday
AHMEDABAD,2014-12-25,Christmas
AHMEDABAD,2015-01-04,Prophet's Birthday
AHMEDABAD,2015-01-15,Uttarayan
AHMEDABAD,2015-01-26,Republic Day
AHMEDABAD,2015-03-06,Holi
AHMEDABAD,2015-03-21,Cheti Chand
AHMEDABAD,2015-03-28,Ram Navami
AHMEDABAD,2015-04-02,Mahavira's Birthday
AHMEDABAD,2015-04-03,Good Friday
AHMEDABAD,2015-04-14,Dr. B. R. Ambedkar's Birthday
AHMEDABAD,2015-04-20,Lord Shri Parshuram's Birthday
AHMEDABAD,2015-05-04,Buddha Purnima
AHMEDABAD,2015-07-18,Eid al-Fitr
AHMEDABAD,2015-08-15,Independence Day
AHMEDABAD,2015-08-18,Parsi New Year (Shahenshahi)
AHMEDABAD,2015-08-29,Raksha Bandhan
AHMEDABAD,2015-09-05,Janmashtami (Vaishnava)
AHMEDABAD,2015-09-18,Samvatsari Day
AHMEDABAD,2015-09-25,Eid al-Adha
AHMEDABAD,2015-10-02,Mahatma Gandhi's Birthday
AHMEDABAD,2015-10-22,Dussehra
AHMEDABAD,2015-10-24,Ashura
AHMEDABAD,2015-10-31,Sardar Vallabhbhai Patel's Birthday
AHMEDABAD,2015-11-11,Diwali (Deepavali)
AHMEDABAD,2015-11-12,Gujarati New Year
AHMEDABAD,2015-11-13,Bhai Duj
AHMEDABAD,2015-11-25,Guru Nanak's Birthday
AHMEDABAD,2015-12-24,Prophet's Birthday
AHMEDABAD,2015-12-25,Christmas
AHMEDABAD,2016-01-15,Uttarayan
AHMEDABAD,2016-01-26,Republic Day
AHMEDABAD,2016-03-24,Holi
AHMEDABAD,2016-03-25,Good Friday
AHMEDABAD,2016-04-08,Cheti Chand
AHMEDABAD,2016-04-14,Dr. B. R. Ambedkar's Birthday
AHMEDABAD,2016-04-15,Ram Navami
AHMEDABAD,2016-04-20,Mahavira's Birthday
AHMEDABAD,2016-05-08,Lord Shri Parshuram's Birthday
AHMEDABAD,2016-05-21,Buddha Purnima
AHMEDABAD,2016-07-06,Eid al-Fitr
AHMEDABAD,2016-08-15,Independence Day
AHMEDABAD,2016-08-17,Parsi New Year (Shahenshahi)
AHMEDABAD,2016-08-18,Raksha Bandhan
AHMEDABAD,2016-08-25,Janmashtami (Vaishnava)
AHMEDABAD,2016-09-06,Samvatsari Day
AHMEDABAD,2016-09-12,Eid al-Adha
AHMEDABAD,2016-10-02,Mahatma Gandhi's Birthday
AHMEDABAD,2016-10-11,Dussehra
AHMEDABAD,2016-10-12,Ashura
AHMEDABAD,2016-10-30,Diwali (Deepavali)
AHMEDABAD,2016-10-31,Gujarati New Year; Sardar Vallabhbhai Patel's Birthday
AHMEDABAD,2016-11-01,Bhai Duj
AHMEDABAD,2016-11-14,Guru Nanak's Birthday
AHMEDABAD,2016-12-13,Prophet's Birthday
AHMEDABAD,2016-12-25,Christmas
AHMEDABAD,2017-01-14,Uttarayan
AHMEDABAD,2017-01-26,Republic Day
AHMEDABAD,2017-02-24,Maha Shivaratri
AHMEDABAD,2017-03-13,Holi
AHMEDABAD,2017-03-28,Cheti Chand
AHMEDABAD,2017-04-04,Ram Navami
AHMEDABAD,2017-04-09,Mahavira's Birthday
AHMEDABAD,2017-04-14,Dr. B. R. Ambedkar's Birthday; Good Friday
AHMEDABAD,2017-04-28,Lord Shri Parshuram's Birthday
AHMEDABAD,2017-05-10,Buddha Purnima
AHMEDABAD,2017-06-26,Eid al-Fitr
AHMEDABAD,2017-08-07,Raksha Bandhan
AHMEDABAD,2017-08-15,Independence Day
AHMEDABAD,2017-08-17,Parsi New Year (Shahenshahi)
AHMEDABAD,2017-08-26,Samvatsari Day
AHMEDABAD,2017-09-02,Eid al-Adha
AHMEDABAD,2017-09-30,Dussehra
AHMEDABAD,2017-10-01,Ashura
AHMEDABAD,2017-10-02,Mahatma Gandhi's Birthday
AHMEDABAD,2017-10-19,Diwali (Deepavali)
AHMEDABAD,2017-10-20,Gujarati New Year
AHMEDABAD,2017-10-21,Bhai Duj
AHMEDABAD,2017-10-31,Sardar Vallabhbhai Patel's Birthday
AHMEDABAD,2017-11-04,Guru Nanak's Birthday
AHMEDABAD,2017-12-02,Prophet's Birthday
AHMEDABAD,2017-12-25,Christmas
AHMEDABAD,2018-01-14,Uttarayan
AHMEDABAD,2018-01-26,Republic Day
AHMEDABAD,2018-02-13,Maha Shivaratri
AHMEDABAD,2018-03-02,Holi
AHMEDABAD,2018-03-18,Cheti Chand
AHMEDABAD,2018-03-29,Mahavira's Birthday
AHMEDABAD,2018-03-30,Good Friday
AHMEDABAD,2018-04-14,Dr. B. R. Ambedkar's Birthday
AHMEDABAD,2018-04-18,Lord Shri Parshuram's Birthday
AHMEDABAD,2018-04-30,Buddha Purnima
AHMEDABAD,2018-06-16,Eid al-Fitr
AHMEDABAD,2018-08-15,Independence Day
AHMEDABAD,2018-08-17,Parsi New Year (Shahenshahi)
AHMEDABAD,2018-08-22,Eid al-Adha
AHMEDABAD,2018-08-26,Raksha Bandhan
AHMEDABAD,2018-09-03,Janmashtami (Vaishnava)
AHMEDABAD,2018-09-14,Samvatsari Day
AHMEDABAD,2018-09-21,Ashura
AHMEDABAD,2018-10-02,Mahatma Gandhi's Birthday
AHMEDABAD,2018-10-19,Dussehra
AHMEDABAD,2018-10-31,Sardar Vallabhbhai Patel's Birthday
AHMEDABAD,2018-11-07,Diwali (Deepavali)
AHMEDABAD,2018-11-08,Gujarati New Year
AHMEDABAD,2018-11-09,Bhai Duj
AHMEDABAD,2018-11-21,Prophet's Birthday
AHMEDABAD,2018-11-23,Guru Nanak's Birthday
AHMEDABAD,2018-12-25,Christmas
AHMEDABAD,2019-01-15,Uttarayan
AHMEDABAD,2019-01-26,Republic Day
AHMEDABAD,2019-03-04,Maha Shivaratri
AHMEDABAD,2019-03-21,Holi
AHMEDABAD,2019-04-06,Cheti Chand
AHMEDABAD,2019-04-13,Ram Navami
AHMEDABAD,2019-04-14,Dr. B. R. Ambedkar's Birthday
AHMEDABAD,2019-04-17,Mahavira's Birthday
AHMEDABAD,2019-04-19,Good Friday
AHMEDABAD,2019-05-07,Lord Shri Parshuram's Birthday
AHMEDABAD,2019-05-18,Buddha Purnima
AHMEDABAD,2019-06-05,Eid al-Fitr
AHMEDABAD,2019-08-12,Eid al-Adha
AHMEDABAD,2019-08-15,Independence Day; Raksha Bandhan
AHMEDABAD,2019-08-17,Parsi New Year (Shahenshahi)
AHMEDABAD,2019-08-24,Janmashtami (Vaishnava)
AHMEDABAD,2019-09-03,Samvatsari Day
AHMEDABAD,2019-09-10,Ashura
AHMEDABAD,2019-10-02,Mahatma Gandhi's Birthday
AHMEDABAD,2019-10-08,Dussehra
AHMEDABAD,2019-10-27,Diwali (Deepavali)
AHMEDABAD,2019-10-28,Gujarati New Year
AHMEDABAD,2019-10-29,Bhai Duj
AHMEDABAD,2019-10-31,Sardar Vallabhbhai Patel's Birthday
AHMEDABAD,2019-11-10,Prophet's Birthday
AHMEDABAD,2019-11-12,Guru Nanak's Birthday
AHMEDABAD,2019-12-25,Christmas
AHMEDABAD,2020-01-15,Uttarayan
AHMEDABAD,2020-01-26,Republic Day
AHMEDABAD,2020-03-10,Holi
AHMEDABAD,2020-03-25,Cheti Chand
AHMEDABAD,2020-04-02,Ram Navami
AHMEDABAD,2020-04-06,Mahavira's Birthday
AHMEDABAD,2020-04-10,Good Friday
AHMEDABAD,2020-04-14,Dr. B. R. Ambedkar's Birthday
AHMEDABAD,2020-04-25,Lord Shri Parshuram's Birthday
AHMEDABAD,2020-05-07,Buddha Purnima
AHMEDABAD,2020-05-25,Eid al-Fitr
AHMEDABAD,2020-08-01,Eid al-Adha
AHMEDABAD,2020-08-03,Raksha Bandhan
AHMEDABAD,2020-08-12,Janmashtami (Vaishnava)
AHMEDABAD,2020-08-15,Independence Day
AHMEDABAD,2020-08-16,Parsi New Year (Shahenshahi)
AHMEDABAD,2020-08-23,Samvatsari Day
AHMEDABAD,2020-08-30,Ashura
AHMEDABAD,2020-10-02,Mahatma Gandhi's Birthday
AHMEDABAD,2020-10-25,Dussehra
AHMEDABAD,2020-10-30,Prophet's Birthday
AHMEDABAD,2020-10-31,Sardar Vallabhbhai Patel's Birthday
AHMEDABAD,2020-11-14,Diwali (Deepavali)
AHMEDABAD,2020-11-16,Bhai Duj; Gujarati New Year
AHMEDABAD,2020-11-30,Guru Nanak's Birthday
AHMEDABAD,2020-12-25,Christmas
ANDAMAN,2006-01-11,Eid al-Adha
ANDAMAN,2006-01-26,Republic Day
ANDAMAN,2006-02-09,Ashura
ANDAMAN,2006-02-26,Maha Shivaratri
ANDAMAN,2006-03-15,Holi
ANDAMAN,2006-04-06,Ram Navami
ANDAMAN,2006-04-11,Mahavira's Birthday; Prophet's Birthday
ANDAMAN,2006-04-14,Dr. B. R. Ambedkar's Birthday; Good Friday
ANDAMAN,2006-05-13,Buddha Purnima
ANDAMAN,2006-08-15,Independence Day
ANDAMAN,2006-08-16,Janmashtami (Vaishnava)
ANDAMAN,2006-09-05,Onam
ANDAMAN,2006-10-02,Dussehra; Mahatma Gandhi's Birthday
ANDAMAN,2006-10-21,Diwali (Deepavali)
ANDAMAN,2006-10-25,Eid al-Fitr
ANDAMAN,2006-11-05,Guru Nanak's Birthday
ANDAMAN,2006-12-25,Christmas
ANDAMAN,2007-01-01,Eid al-Adha
ANDAMAN,2007-01-26,Republic Day
ANDAMAN,2007-01-30,Ashura
ANDAMAN,2007-02-16,Maha Shivaratri
ANDAMAN,2007-03-04,Holi
ANDAMAN,2007-03-26,Ram Navami
ANDAMAN,2007-03-31,Mahavira's Birthday
ANDAMAN,2007-04-01,Prophet's Birthday
ANDAMAN,2007-04-06,Good Friday
ANDAMAN,2007-04-14,Dr. B. R. Ambedkar's Birthday
ANDAMAN,2007-05-02,Buddha Purnima
ANDAMAN,2007-08-15,Independence Day
ANDAMAN,2007-08-26,Onam
ANDAMAN,2007-09-04,Janmashtami (Vaishnava)
ANDAMAN,2007-10-02,Mahatma Gandhi's Birthday
ANDAMAN,2007-10-14,Eid al-Fitr
ANDAMAN,2007-10-21,Dussehra
ANDAMAN,2007-11-09,Diwali (Deepavali)
ANDAMAN,2007-11-24,Guru Nanak's Birthday
ANDAMAN,2007-12-21,Eid al-Adha
ANDAMAN,2007-12-25,Christmas
ANDAMAN,2008-01-19,Ashura
ANDAMAN,2008-01-26,Republic Day
ANDAMAN,2008-03-06,Maha Shivaratri
ANDAMAN,2008-03-21,Good Friday; Prophet's Birthday
ANDAMAN,2008-03-22,Holi
ANDAMAN,2008-04-14,Dr. B. R. Ambedkar's Birthday; Ram Navami
ANDAMAN,2008-04-18,Mahavira's Birthday
ANDAMAN,2008-05-20,Buddha Purnima
ANDAMAN,2008-08-15,Independence Day
ANDAMAN,2008-09-12,Onam
ANDAMAN,2008-10-02,Eid al-Fitr; Mahatma Gandhi's Birthday
ANDAMAN,2008-10-09,Dussehra
ANDAMAN,2008-10-28,Diwali (Deepavali)
ANDAMAN,2008-11-13,Guru Nanak's Birthday
ANDAMAN,2008-12-09,Eid al-Adha
ANDAMAN,2008-12-25,Christmas
ANDAMAN,2009-01-08,Ashura
ANDAMAN,2009-01-26,Republic Day
ANDAMAN,2009-03-10,Prophet's Birthday
ANDAMAN,2009-03-11,Holi
ANDAMAN,2009-04-03,Ram Navami
ANDAMAN,2009-04-07,Mahavira's Birthday
ANDAMAN,2009-04-10,Good Friday
ANDAMAN,2009-04-14,Dr. B. R. Ambedkar's Birthday
ANDAMAN,2009-05-08,Buddha Purnima
ANDAMAN,2009-08-14,Janmashtami (Vaishnava)
ANDAMAN,2009-08-15,Independence Day
ANDAMAN,2009-09-02,Onam
ANDAMAN,2009-09-21,Eid al-Fitr
ANDAMAN,2009-09-28,Dussehra
ANDAMAN,2009-10-02,Mahatma Gandhi's Birthday
ANDAMAN,2009-10-17,Diwali (Deepavali)
ANDAMAN,2009-11-02,Guru Nanak's Birthday
ANDAMAN,2009-11-28,Eid al-Adha
ANDAMAN,2009-12-25,Christmas
ANDAMAN,2009-12-28,Ashura
ANDAMAN,2010-01-26,Republic Day
ANDAMAN,2010-02-27,Prophet's Birthday
ANDAMAN,2010-03-01,Holi
ANDAMAN,2010-03-24,Ram Navami
ANDAMAN,2010-04-02,Good Friday
ANDAMAN,2010-04-14,Dr. B. R. Ambedkar's Birthday
ANDAMAN,2010-04-28,Mahavira's Birthday
ANDAMAN,2010-05-27,Buddha Purnima
ANDAMAN,2010-08-15,Independence Day
ANDAMAN,2010-08-23,Onam
ANDAMAN,2010-09-02,Janmashtami (Vaishnava)
ANDAMAN,2010-09-11,Eid al-Fitr
ANDAMAN,2010-10-02,Mahatma Gandhi's Birthday
ANDAMAN,2010-10-17,Dussehra
ANDAMAN,2010-11-05,Diwali (Deepavali)
ANDAMAN,2010-11-17,Eid al-Adha
ANDAMAN,2010-11-21,Guru Nanak's Birthday
ANDAMAN,2010-12-17,Ashura
ANDAMAN,2010-12-25,Christmas
ANDAMAN,2011-01-26,Republic Day
ANDAMAN,2011-02-16,Prophet's Birthday
ANDAMAN,2011-03-02,Maha Shivaratri
ANDAMAN,2011-04-12,Ram Navami
ANDAMAN,2011-04-14,Dr. B. R. Ambedkar's Birthday
ANDAMAN,2011-04-16,Mahavira's Birthday
ANDAMAN,2011-04-22,Good Friday
ANDAMAN,2011-05-17,Buddha Purnima
ANDAMAN,2011-08-15,Independence Day
ANDAMAN,2011-08-22,Janmashtami (Vaishnava)
ANDAMAN,2011-08-31,Eid al-Fitr
ANDAMAN,2011-09-09,Onam
ANDAMAN,2011-10-02,Mahatma Gandhi's Birthday
ANDAMAN,2011-10-06,Dussehra
ANDAMAN,2011-10-26,Diwali (Deepavali)
ANDAMAN,2011-11-07,Eid al-Adha
ANDAMAN,2011-11-10,Guru Nanak's Birthday
ANDAMAN,2011-12-06,Ashura
ANDAMAN,2011-12-25,Christmas
ANDAMAN,2012-01-26,Republic Day
ANDAMAN,2012-02-05,Prophet's Birthday
ANDAMAN,2012-02-20,Maha Shivaratri
ANDAMAN,2012-03-08,Holi
ANDAMAN,2012-04-05,Mahavira's Birthday
ANDAMAN,2012-04-06,Good Friday
ANDAMAN,2012-04-14,Dr. B. R. Ambedkar's Birthday
ANDAMAN,2012-05-06,Buddha Purnima
ANDAMAN,2012-08-10,Janmashtami (Vaishnava)
ANDAMAN,2012-08-15,Independence Day
ANDAMAN,2012-08-20,Eid al-Fitr
ANDAMAN,2012-08-29,Onam
ANDAMAN,2012-10-02,Mahatma Gandhi's Birthday
ANDAMAN,2012-10-24,Dussehra
ANDAMAN,2012-10-27,Eid al-Adha
ANDAMAN,2012-11-13,Diwali (Deepavali)
ANDAMAN,2012-11-25,Ashura
ANDAMAN,2012-11-28,Guru Nanak's Birthday
ANDAMAN,2012-12-25,Christmas
ANDAMAN,2013-01-25,Prophet's Birthday
ANDAMAN,2013-01-26,Republic Day
ANDAMAN,2013-03-27,Holi
ANDAMAN,2013-03-29,Good Friday
ANDAMAN,2013-04-14,Dr. B. R. Ambedkar's Birthday
ANDAMAN,2013-04-19,Ram Navami
ANDAMAN,2013-04-24,Mahavira's Birthday
ANDAMAN,2013-05-25,Buddha Purnima
ANDAMAN,2013-08-09,Eid al-Fitr
ANDAMAN,2013-08-15,Independence Day
ANDAMAN,2013-08-20,Onam
ANDAMAN,2013-08-28,Janmashtami (Vaishnava)
ANDAMAN,2013-10-02,Mahatma Gandhi's Birthday
ANDAMAN,2013-10-13,Dussehra
ANDAMAN,2013-10-16,Eid al-Adha
ANDAMAN,2013-11-03,Diwali (Deepavali)
ANDAMAN,2013-11-14,Ashura
ANDAMAN,2013-11-17,Guru Nanak's Birthday
ANDAMAN,2013-12-25,Christmas
ANDAMAN,2014-01-14,Prophet's Birthday
ANDAMAN,2014-01-26,Republic Day
ANDAMAN,2014-03-17,Holi
ANDAMAN,2014-04-08,Ram Navami
ANDAMAN,2014-04-13,Mahavira's Birthday
ANDAMAN,2014-04-14,Dr. B. R. Ambedkar's Birthday
ANDAMAN,2014-04-18,Good Friday
ANDAMAN,2014-05-14,Buddha Purnima
ANDAMAN,2014-07-29,Eid al-Fitr
ANDAMAN,2014-08-15,Independence Day
ANDAMAN,2014-08-18,Janmashtami (Vaishnava)
ANDAMAN,2014-09-06,Onam
ANDAMAN,2014-10-02,Mahatma Gandhi's Birthday
ANDAMAN,2014-10-03,Dussehra
ANDAMAN,2014-10-06,Eid al-Adha
ANDAMAN,2014-10-23,Diwali (Deepavali)
ANDAMAN,2014-11-04,Ashura
ANDAMAN,2014-11-06,Guru Nanak's Birthday
ANDAMAN,2014-12-25,Christmas
ANDAMAN,2015-01-04,Prophet's Birthday
ANDAMAN,2015-01-26,Republic Day
ANDAMAN,2015-03-06,Holi
ANDAMAN,2015-03-28,Ram Navami
ANDAMAN,2015-04-02,Mahavira's Birthday
ANDAMAN,2015-04-03,Good Friday
ANDAMAN,2015-04-14,Dr. B. R. Ambedkar's Birthday
ANDAMAN,2015-05-04,Buddha Purnima
ANDAMAN,2015-07-18,Eid al-Fitr
ANDAMAN,2015-08-15,Independence Day
ANDAMAN,2015-08-28,Onam
ANDAMAN,2015-09-05,Janmashtami (Vaishnava)
ANDAMAN,2015-09-25,Eid al-Adha
ANDAMAN,2015-10-02,Mahatma Gandhi's Birthday
ANDAMAN,2015-10-22,Dussehra
ANDAMAN,2015-10-24,Ashura
ANDAMAN,2015-11-11,Diwali (Deepavali)
ANDAMAN,2015-11-25,Guru Nanak's Birthday
ANDAMAN,2015-12-24,Prophet's Birthday
ANDAMAN,2015-12-25,Christmas
ANDAMAN,2016-01-26,Republic Day
ANDAMAN,2016-03-24,Holi
ANDAMAN,2016-03-25,Good Friday
ANDAMAN,2016-04-14,Dr. B. R. Ambedkar's Birthday
ANDAMAN,2016-04-15,Ram Navami
ANDAMAN,2016-04-20,Mahavira's Birthday
ANDAMAN,2016-05-21,Buddha Purnima
ANDAMAN,2016-07-06,Eid al-Fitr
ANDAMAN,2016-08-15,Independence Day
ANDAMAN,2016-08-25,Janmashtami (Vaishnava)
ANDAMAN,2016-09-12,Eid al-Adha
ANDAMAN,2016-09-13,Onam
ANDAMAN,2016-10-02,Mahatma Gandhi's Birthday
ANDAMAN,2016-10-11,Dussehra
ANDAMAN,2016-10-12,Ashura
ANDAMAN,2016-10-30,Diwali (Deepavali)
ANDAMAN,2016-11-14,Guru Nanak's Birthday
ANDAMAN,2016-12-13,Prophet's Birthday
ANDAMAN,2016-12-25,Christmas
ANDAMAN,2017-01-26,Republic Day
ANDAMAN,2017-02-24,Maha Shivaratri
ANDAMAN,2017-03-13,Holi
ANDAMAN,2017-04-04,Ram Navami
ANDAMAN,2017-04-09,Mahavira's Birthday
ANDAMAN,2017-04-14,Dr. B. R. Ambedkar's Birthday; Good Friday
ANDAMAN,2017-05-10,Buddha Purnima
ANDAMAN,2017-06-26,Eid al-Fitr
ANDAMAN,2017-08-15,Independence Day
ANDAMAN,2017-09-02,Eid al-Adha
ANDAMAN,2017-09-04,Onam
ANDAMAN,2017-09-30,Dussehra
ANDAMAN,2017-10-01,Ashura
ANDAMAN,2017-10-02,Mahatma Gandhi's Birthday
ANDAMAN,2017-10-19,Diwali (Deepavali)
ANDAMAN,2017-11-04,Guru Nanak's Birthday
ANDAMAN,2017-12-02,Prophet's Birthday
ANDAMAN,2017-12-25,Christmas
ANDAMAN,2018-01-26,Republic Day
ANDAMAN,2018-02-13,Maha Shivaratri
ANDAMAN,2018-03-02,Holi
ANDAMAN,2018-03-29,Mahavira's Birthday
ANDAMAN,2018-03-30,Good Friday
ANDAMAN,2018-04-14,Dr. B. R. Ambedkar's Birthday
ANDAMAN,2018-04-30,Buddha Purnima
ANDAMAN,2018-06-16,Eid al-Fitr
ANDAMAN,2018-08-15,Independence Day
ANDAMAN,2018-08-22,Eid al-Adha
ANDAMAN,2018-08-24,Onam
ANDAMAN,2018-09-03,Janmashtami (Vaishnava)
ANDAMAN,2018-09-21,Ashura
ANDAMAN,2018-10-02,Mahatma Gandhi's Birthday
ANDAMAN,2018-10-19,Dussehra
ANDAMAN,2018-11-07,Diwali (Deepavali)
ANDAMAN,2018-11-21,Prophet's Birthday
ANDAMAN,2018-11-23,Guru Nanak's Birthday
ANDAMAN,2018-12-25,Christmas
ANDAMAN,2019-01-26,Republic Day
ANDAMAN,2019-03-04,Maha Shivaratri
ANDAMAN,2019-03-21,Holi
ANDAMAN,2019-04-13,Ram Navami
ANDAMAN,2019-04-14,Dr. B. R. Ambedkar's Birthday
ANDAMAN,2019-04-17,Mahavira's Birthday
ANDAMAN,2019-04-19,Good Friday
ANDAMAN,2019-05-18,Buddha Purnima
ANDAMAN,2019-06-05,Eid al-Fitr
ANDAMAN,2019-08-12,Eid al-Adha
ANDAMAN,2019-08-15,Independence Day
ANDAMAN,2019-08-24,Janmashtami (Vaishnava)
ANDAMAN,2019-09-10,Ashura
ANDAMAN,2019-09-11,Onam
ANDAMAN,2019-10-02,Mahatma Gandhi's Birthday
ANDAMAN,2019-10-08,Dussehra
ANDAMAN,2019-10-27,Diwali (Deepavali)
ANDAMAN,2019-11-10,Prophet's Birthday
ANDAMAN,2019-11-12,Guru Nanak's Birthday
ANDAMAN,2019-12-25,Christmas
ANDAMAN,2020-01-26,Republic Day
ANDAMAN,2020-03-10,Holi
ANDAMAN,2020-04-02,Ram Navami
ANDAMAN,2020-04-06,Mahavira's Birthday
ANDAMAN,2020-04-10,Good Friday
ANDAMAN,2020-04-14,Dr. B. R. Ambedkar's Birthday
ANDAMAN,2020-05-07,Buddha Purnima
ANDAMAN,2020-05-25,Eid al-Fitr
ANDAMAN,2020-08-01,Eid al-Adha
ANDAMAN,2020-08-12,Janmashtami (Vaishnava)
ANDAMAN,2020-08-15,Independence Day
ANDAMAN,2020-08-30,Ashura
ANDAMAN,2020-08-31,Onam
ANDAMAN,2020-10-02,Mahatma Gandhi's Birthday
ANDAMAN,2020-10-25,Dussehra
ANDAMAN,2020-10-30,Prophet's Birthday
ANDAMAN,2020-11-14,Diwali (Deepavali)
ANDAMAN,2020-11-30,Guru Nanak's Birthday
ANDAMAN,2020-12-25,Christmas
BANGALORE,2006-01-11,Eid al-Adha
BANGALORE,2006-01-14,Makar Sankranti
BANGALORE,2006-01-26,Republic Day
BANGALORE,2006-02-09,Ashura
BANGALORE,2006-02-26,Maha Shivaratri
BANGALORE,2006-03-15,Holi
BANGALORE,2006-03-30,Ugadi
BANGALORE,2006-04-06,Ram Navami
BANGALORE,2006-04-11,Mahavira's Birthday; Prophet's Birthday
BANGALORE,2006-04-14,Dr. B. R. Ambedkar's Birthday; Good Friday
BANGALORE,2006-05-01,May Day
BANGALORE,2006-05-13,Buddha Purnima
BANGALORE,2006-08-15,Independence Day
BANGALORE,2006-08-16,Janmashtami (Vaishnava)
BANGALORE,2006-08-27,Ganesh Chaturthi
BANGALORE,2006-10-02,Dussehra; Mahatma Gandhi's Birthday
BANGALORE,2006-10-21,Diwali (Deepavali)
BANGALORE,2006-10-25,Eid al-Fitr
BANGALORE,2006-11-05,Guru Nanak's Birthday
BANGALORE,2006-12-25,Christmas
BANGALORE,2007-01-01,Eid al-Adha
BANGALORE,2007-01-15,Makar Sankranti
BANGALORE,2007-01-26,Republic Day
BANGALORE,2007-01-30,Ashura
BANGALORE,2007-02-16,Maha Shivaratri
BANGALORE,2007-03-04,Holi
BANGALORE,2007-03-19,Ugadi
BANGALORE,2007-03-26,Ram Navami
BANGALORE,2007-03-31,Mahavira's Birthday
BANGALORE,2007-04-01,Prophet's Birthday
BANGALORE,2007-04-06,Good Friday
BANGALORE,2007-04-14,Dr. B. R. Ambedkar's Birthday
BANGALORE,2007-05-01,May Day
BANGALORE,2007-05-02,Buddha Purnima
BANGALORE,2007-08-15,Independence Day
BANGALORE,2007-09-04,Janmashtami (Vaishnava)
BANGALORE,2007-09-15,Ganesh Chaturthi
BANGALORE,2007-10-02,Mahatma Gandhi's Birthday
BANGALORE,2007-10-14,Eid al-Fitr
BANGALORE,2007-10-21,Dussehra
BANGALORE,2007-11-09,Diwali (Deepavali)
BANGALORE,2007-11-24,Guru Nanak's Birthday
BANGALORE,2007-12-21,Eid al-Adha
BANGALORE,2007-12-25,Christmas
BANGALORE,2008-01-15,Makar Sankranti
BANGALORE,2008-01-19,Ashura
BANGALORE,2008-01-26,Republic Day
BANGALORE,2008-03-06,Maha Shivaratri
BANGALORE,2008-03-21,Good Friday; Prophet's Birthday
BANGALORE,2008-03-22,Holi
BANGALORE,2008-04-06,Ugadi
BANGALORE,2008-04-14,Dr. B. R. Ambedkar's Birthday; Ram Navami
BANGALORE,2008-04-18,Mahavira's Birthday
BANGALORE,2008-05-01,May Day
BANGALORE,2008-05-20,Buddha Purnima
BANGALORE,2008-08-15,Independence Day
BANGALORE,2008-09-03,Ganesh Chaturthi
BANGALORE,2008-10-02,Eid al-Fitr; Mahatma Gandhi's Birthday
BANGALORE,2008-10-09,Dussehra
BANGALORE,2008-10-28,Diwali (Deepavali)
BANGALORE,2008-11-13,Guru Nanak's Birthday
BANGALORE,2008-12-09,Eid al-Adha
BANGALORE,2008-12-25,Christmas
BANGALORE,2009-01-08,Ashura
BANGALORE,2009-01-14,Makar Sankranti
BANGALORE,2009-01-26,Republic Day
BANGALORE,2009-03-10,Prophet's Birthday
BANGALORE,2009-03-11,Holi
BANGALORE,2009-03-27,Ugadi
BANGALORE,2009-04-03,Ram Navami
BANGALORE,2009-04-07,Mahavira's Birthday
BANGALORE,2009-04-10,Good Friday
BANGALORE,2009-04-14,Dr. B. R. Ambedkar's Birthday
BANGALORE,2009-05-01,May Day
BANGALORE,2009-05-08,Buddha Purnima
BANGALORE,2009-08-14,Janmashtami (Vaishnava)
BANGALORE,2009-08-15,Independence Day
BANGALORE,2009-08-23,Ganesh Chaturthi
BANGALORE,2009-09-21,Eid al-Fitr
BANGALORE,2009-09-28,Dussehra
BANGALORE,2009-10-02,Mahatma Gandhi's Birthday
BANGALORE,2009-10-17,Diwali (Deepavali)
BANGALORE,2009-11-02,Guru Nanak's Birthday
BANGALORE,2009-11-28,Eid al-Adha
BANGALORE,2009-12-25,Christmas
BANGALORE,2009-12-28,Ashura
BANGALORE,2010-01-14,Makar Sankranti
BANGALORE,2010-01-26,Republic Day
BANGALORE,2010-02-27,Prophet's Birthday
BANGALORE,2010-03-01,Holi
BANGALORE,2010-03-16,Ugadi
BANGALORE,2010-03-24,Ram Navami
BANGALORE,2010-04-02,Good Friday
BANGALORE,2010-04-14,Dr. B. R. Ambedkar's Birthday
BANGALORE,2010-04-28,Mahavira's Birthday
BANGALORE,2010-05-01,May Day
BANGALORE,2010-05-27,Buddha Purnima
BANGALORE,2010-08-15,Independence Day
BANGALORE,2010-09-02,Janmashtami (Vaishnava)
BANGALORE,2010-09-11,Eid al-Fitr; Ganesh Chaturthi
BANGALORE,2010-10-02,Mahatma Gandhi's Birthday
BANGALORE,2010-10-17,Dussehra
BANGALORE,2010-11-05,Diwali (Deepavali)
BANGALORE,2010-11-17,Eid al-Adha
BANGALORE,2010-11-21,Guru Nanak's Birthday
BANGALORE,2010-12-17,Ashura
BANGALORE,2010-12-25,Christmas
BANGALORE,2011-01-15,Makar Sankranti
BANGALORE,2011-01-26,Republic Day
BANGALORE,2011-02-16,Prophet's Birthday
BANGALORE,2011-03-02,Maha Shivaratri
BANGALORE,2011-04-04,Ugadi
BANGALORE,2011-04-12,Ram Navami
BANGALORE,2011-04-14,Dr. B. R. Ambedkar's Birthday
BANGALORE,2011-04-16,Mahavira's Birthday
BANGALORE,2011-04-22,Good Friday
BANGALORE,2011-05-01,May Day
BANGALORE,2011-05-17,Buddha Purnima
BANGALORE,2011-08-15,Independence Day
BANGALORE,2011-08-22,Janmashtami (Vaishnava)
BANGALORE,2011-08-31,Eid al-Fitr
BANGALORE,2011-09-01,Ganesh Chaturthi
BANGALORE,2011-10-02,Mahatma Gandhi's Birthday
BANGALORE,2011-10-06,Dussehra
BANGALORE,2011-10-26,Diwali (Deepavali)
BANGALORE,2011-11-07,Eid al-Adha
BANGALORE,2011-11-10,Guru Nanak's Birthday
BANGALORE,2011-12-06,Ashura
BANGALORE,2011-12-25,Christmas
BANGALORE,2012-01-15,Makar Sankranti
BANGALORE,2012-01-26,Republic Day
BANGALORE,2012-02-05,Prophet's Birthday
BANGALORE,2012-02-20,Maha Shivaratri
BANGALORE,2012-03-08,Holi
BANGALORE,2012-03-23,Ugadi
BANGALORE,2012-04-05,Mahavira's Birthday
BANGALORE,2012-04-06,Good Friday
BANGALORE,2012-04-14,Dr. B. R. Ambedkar's Birthday
BANGALORE,2012-05-01,May Day
BANGALORE,2012-05-06,Buddha Purnima
BANGALORE,2012-08-10,Janmashtami (Vaishnava)
BANGALORE,2012-08-15,Independence Day
BANGALORE,2012-08-20,Eid al-Fitr
BANGALORE,2012-09-19,Ganesh Chaturthi
BANGALORE,2012-10-02,Mahatma Gandhi's Birthday
BANGALORE,2012-10-24,Dussehra
BANGALORE,2012-10-27,Eid al-Adha
BANGALORE,2012-11-13,Diwali (Deepavali)
BANGALORE,2012-11-25,Ashura
BANGALORE,2012-11-28,Guru Nanak's Birthday
BANGALORE,2012-12-25,Christmas
BANGALORE,2013-01-14,Makar Sankranti
BANGALORE,2013-01-25,Prophet's Birthday
BANGALORE,2013-01-26,Republic Day
BANGALORE,2013-03-27,Holi
BANGALORE,2013-03-29,Good Friday
BANGALORE,2013-04-11,Ugadi
BANGALORE,2013-04-14,Dr. B. R. Ambedkar's Birthday
BANGALORE,2013-04-19,Ram Navami
BANGALORE,2013-04-24,Mahavira's Birthday
BANGALORE,2013-05-01,May Day
BANGALORE,2013-05-25,Buddha Purnima
BANGALORE,2013-08-09,Eid al-Fitr
BANGALORE,2013-08-15,Independence Day
BANGALORE,2013-08-28,Janmashtami (Vaishnava)
BANGALORE,2013-09-09,Ganesh Chaturthi
BANGALORE,2013-10-02,Mahatma Gandhi's Birthday
BANGALORE,2013-10-13,Dussehra
BANGALORE,2013-10-16,Eid al-Adha
BANGALORE,2013-11-03,Diwali (Deepavali)
BANGALORE,2013-11-14,Ashura
BANGALORE,2013-11-17,Guru Nanak's Birthday
BANGALORE,2013-12-25,Christmas
BANGALORE,2014-01-14,Makar Sankranti; Prophet's Birthday
BANGALORE,2014-01-26,Republic Day
BANGALORE,2014-03-17,Holi
BANGALORE,2014-03-31,Ugadi
BANGALORE,2014-04-08,Ram Navami
BANGALORE,2014-04-13,Mahavira's Birthday
BANGALORE,2014-04-14,Dr. B. R. Ambedkar's Birthday
BANGALORE,2014-04-18,Good Friday
BANGALORE,2014-05-01,May Day
BANGALORE,2014-05-14,Buddha Purnima
BANGALORE,2014-07-29,Eid al-Fitr
BANGALORE,2014-08-15,Independence Day
BANGALORE,2014-08-18,Janmashtami (Vaishnava)
BANGALORE,2014-08-29,Ganesh Chaturthi
BANGALORE,2014-10-02,Mahatma Gandhi's Birthday
BANGALORE,2014-10-03,Dussehra
BANGALORE,2014-10-06,Eid al-Adha
BANGALORE,2014-10-23,Diwali (Deepavali)
BANGALORE,2014-11-04,Ashura
BANGALORE,2014-11-06,Guru Nanak's Birthday
BANGALORE,2014-12-25,Christmas
BANGALORE,2015-01-04,Prophet's Birthday
BANGALORE,2015-01-15,Makar Sankranti
BANGALORE,2015-01-26,Republic Day
BANGALORE,2015-03-06,Holi
BANGALORE,2015-03-21,Ugadi
BANGALORE,2015-03-28,Ram Navami
BANGALORE,2015-04-02,Mahavira's Birthday
BANGALORE,2015-04-03,Good Friday
BANGALORE,2015-04-14,Dr. B. R. Ambedkar's Birthday
BANGALORE,2015-05-01,May Day
BANGALORE,2015-05-04,Buddha Purnima
BANGALORE,2015-07-18,Eid al-Fitr
BANGALORE,2015-08-15,Independence Day
BANGALORE,2015-09-05,Janmashtami (Vaishnava)
BANGALORE,2015-09-17,Ganesh Chaturthi
BANGALORE,2015-09-25,Eid al-Adha
BANGALORE,2015-10-02,Mahatma Gandhi's Birthday
BANGALORE,2015-10-22,Dussehra
BANGALORE,2015-10-24,Ashura
BANGALORE,2015-11-11,Diwali (Deepavali)
BANGALORE,2015-11-25,Guru Nanak's Birthday
BANGALORE,2015-12-24,Prophet's Birthday
BANGALORE,2015-12-25,Christmas
BANGALORE,2016-01-15,Makar Sankranti
BANGALORE,2016-01-26,Republic Day
BANGALORE,2016-03-24,Holi
BANGALORE,2016-03-25,Good Friday
BANGALORE,2016-04-08,Ugadi
BANGALORE,2016-04-14,Dr. B. R. Ambedkar's Birthday
BANGALORE,2016-04-15,Ram Navami
BANGALORE,2016-04-20,Mahavira's Birthday
BANGALORE,2016-05-01,May Day
BANGALORE,2016-05-21,Buddha Purnima
BANGALORE,2016-07-06,Eid al-Fitr
BANGALORE,2016-08-15,Independence Day
BANGALORE,2016-08-25,Janmashtami (Vaishnava)
BANGALORE,2016-09-05,Ganesh Chaturthi
BANGALORE,2016-09-12,Eid al-Adha
BANGALORE,2016-10-02,Mahatma Gandhi's Birthday
BANGALORE,2016-10-11,Dussehra
BANGALORE,2016-10-12,Ashura
BANGALORE,2016-10-30,Diwali (Deepavali)
BANGALORE,2016-11-14,Guru Nanak's Birthday
BANGALORE,2016-12-13,Prophet's Birthday
BANGALORE,2016-12-25,Christmas
BANGALORE,2017-01-14,Makar Sankranti
BANGALORE,2017-01-26,Republic Day
BANGALORE,2017-02-24,Maha Shivaratri
BANGALORE,2017-03-13,Holi
BANGALORE,2017-03-28,Ugadi
BANGALORE,2017-04-04,Ram Navami
BANGALORE,2017-04-09,Mahavira's Birthday
BANGALORE,2017-04-14,Dr. B. R. Ambedkar's Birthday; Good Friday
BANGALORE,2017-05-01,May Day
BANGALORE,2017-05-10,Buddha Purnima
BANGALORE,2017-06-26,Eid al-Fitr
BANGALORE,2017-08-15,Independence Day
BANGALORE,2017-08-25,Ganesh Chaturthi
BANGALORE,2017-09-02,Eid al-Adha
BANGALORE,2017-09-30,Dussehra
BANGALORE,2017-10-01,Ashura
BANGALORE,2017-10-02,Mahatma Gandhi's Birthday
BANGALORE,2017-10-19,Diwali (Deepavali)
BANGALORE,2017-11-04,Guru Nanak's Birthday
BANGALORE,2017-12-02,Prophet's Birthday
BANGALORE,2017-12-25,Christmas
BANGALORE,2018-01-14,Makar Sankranti
BANGALORE,2018-01-26,Republic Day
BANGALORE,2018-02-13,Maha Shivaratri
BANGALORE,2018-03-02,Holi
BANGALORE,2018-03-18,Ugadi
BANGALORE,2018-03-29,Mahavira's Birthday
BANGALORE,2018-03-30,Good Friday
BANGALORE,2018-04-14,Dr. B. R. Ambedkar's Birthday
BANGALORE,2018-04-30,Buddha Purnima
BANGALORE,2018-05-01,May Day
BANGALORE,2018-06-16,Eid al-Fitr
BANGALORE,2018-08-15,Independence Day
BANGALORE,2018-08-22,Eid al-Adha
BANGALORE,2018-09-03,Janmashtami (Vaishnava)
BANGALORE,2018-09-13,Ganesh Chaturthi
BANGALORE,2018-09-21,Ashura
BANGALORE,2018-10-02,Mahatma Gandhi's Birthday
BANGALORE,2018-10-19,Dussehra
BANGALORE,2018-11-07,Diwali (Deepavali)
BANGALORE,2018-11-21,Prophet's Birthday
BANGALORE,2018-11-23,Guru Nanak's Birthday
BANGALORE,2018-12-25,Christmas
BANGALORE,2019-01-15,Makar Sankranti
BANGALORE,2019-01-26,Republic Day
BANGALORE,2019-03-04,Maha Shivaratri
BANGALORE,2019-03-21,Holi
BANGALORE,2019-04-06,Ugadi
BANGALORE,2019-04-13,Ram Navami
BANGALORE,2019-04-14,Dr. B. R. Ambedkar's Birthday
BANGALORE,2019-04-17,Mahavira's Birthday
BANGALORE,2019-04-19,Good Friday
BANGALORE,2019-05-01,May Day
BANGALORE,2019-05-18,Buddha Purnima
BANGALORE,2019-06-05,Eid al-Fitr
BANGALORE,2019-08-12,Eid al-Adha
BANGALORE,2019-08-15,Independence Day
BANGALORE,2019-08-24,Janmashtami (Vaishnava)
BANGALORE,2019-09-02,Ganesh Chaturthi
BANGALORE,2019-09-10,Ashura
BANGALORE,2019-10-02,Mahatma Gandhi's Birthday
BANGALORE,2019-10-08,Dussehra
BANGALORE,2019-10-27,Diwali (Deepavali)
BANGALORE,2019-11-10,Prophet's Birthday
BANGALORE,2019-11-12,Guru Nanak's Birthday
BANGALORE,2019-12-25,Christmas
BANGALORE,2020-01-15,Makar Sankranti
BANGALORE,2020-01-26,Republic Day
BANGALORE,2020-03-10,Holi
BANGALORE,2020-03-25,Ugadi
BANGALORE,2020-04-02,Ram Navami
BANGALORE,2020-04-06,Mahavira's Birthday
BANGALORE,2020-04-10,Good Friday
BANGALORE,2020-04-14,Dr. B. R. Ambedkar's Birthday
BANGALORE,2020-05-01,May Day
BANGALORE,2020-05-07,Buddha Purnima
BANGALORE,2020-05-25,Eid al-Fitr
BANGALORE,2020-08-01,Eid al-Adha
BANGALORE,2020-08-12,Janmashtami (Vaishnava)
BANGALORE,2020-08-15,Independence Day
BANGALORE,2020-08-22,Ganesh Chaturthi
BANGALORE,2020-08-30,Ashura
BANGALORE,2020-10-02,Mahatma Gandhi's Birthday
BANGALORE,2020-10-25,Dussehra
BANGALORE,2020-10-30,Prophet's Birthday
BANGALORE,2020-11-14,Diwali (Deepavali)
BANGALORE,2020-11-30,Guru Nanak's Birthday
BANGALORE,2020-12-25,Christmas
CHANDIGARH,2006-01-05,Guru Gobind Singh's Birthday
CHANDIGARH,2006-01-11,Eid al-Adha
CHANDIGARH,2006-01-26,Republic Day
CHANDIGARH,2006-02-09,Ashura
CHANDIGARH,2006-02-26,Maha Shivaratri
CHANDIGARH,2006-03-15,Holi
CHANDIGARH,2006-04-06,Ram Navami
CHANDIGARH,2006-04-11,Mahavira's Birthday; Prophet's Birthday
CHANDIGARH,2006-04-14,Dr. B. R. Ambedkar's Birthday; Good Friday
CHANDIGARH,2006-05-13,Buddha Purnima
CHANDIGARH,2006-08-15,Independence Day
CHANDIGARH,2006-08-16,Janmashtami (Vaishnava)
CHANDIGARH,2006-10-02,Dussehra; Mahatma Gandhi's Birthday
CHANDIGARH,2006-10-07,Maharishi Valmiki's Birthday
CHANDIGARH,2006-10-21,Diwali (Deepavali)
CHANDIGARH,2006-10-25,Eid al-Fitr
CHANDIGARH,2006-11-05,Guru Nanak's Birthday
CHANDIGARH,2006-12-25,Christmas
CHANDIGARH,2007-01-01,Eid al-Adha
CHANDIGARH,2007-01-05,Guru Gobind Singh's Birthday
CHANDIGARH,2007-01-26,Republic Day
CHANDIGARH,2007-01-30,Ashura
CHANDIGARH,2007-02-16,Maha Shivaratri
CHANDIGARH,2007-03-04,Holi
CHANDIGARH,2007-03-26,Ram Navami
CHANDIGARH,2007-03-31,Mahavira's Birthday
CHANDIGARH,2007-04-01,Prophet's Birthday
CHANDIGARH,2007-04-06,Good Friday
CHANDIGARH,2007-04-14,Dr. B. R. Ambedkar's Birthday
CHANDIGARH,2007-05-02,Buddha Purnima
CHANDIGARH,2007-08-15,Independence Day
CHANDIGARH,2007-09-04,Janmashtami (Vaishnava)
CHANDIGARH,2007-10-02,Mahatma Gandhi's Birthday
CHANDIGARH,2007-10-14,Eid al-Fitr
CHANDIGARH,2007-10-21,Dussehra
CHANDIGARH,2007-10-26,Maharishi Valmiki's Birthday
CHANDIGARH,2007-11-09,Diwali (Deepavali)
CHANDIGARH,2007-11-24,Guru Nanak's Birthday
CHANDIGARH,2007-12-21,Eid al-Adha
CHANDIGARH,2007-12-25,Christmas
CHANDIGARH,2008-01-05,Guru Gobind Singh's Birthday
CHANDIGARH,2008-01-19,Ashura
CHANDIGARH,2008-01-26,Republic Day
CHANDIGARH,2008-03-06,Maha Shivaratri
CHANDIGARH,2008-03-21,Good Friday; Prophet's Birthday
CHANDIGARH,2008-03-22,Holi
CHANDIGARH,2008-04-14,Dr. B. R. Ambedkar's Birthday; Ram Navami
CHANDIGARH,2008-04-18,Mahavira's Birthday
CHANDIGARH,2008-05-20,Buddha Purnima
CHANDIGARH,2008-08-15,Independence Day
CHANDIGARH,2008-10-02,Eid al-Fitr; Mahatma Gandhi's Birthday
CHANDIGARH,2008-10-09,Dussehra
CHANDIGARH,2008-10-14,Maharishi Valmiki's Birthday
CHANDIGARH,2008-10-28,Diwali (Deepavali)
CHANDIGARH,2008-11-13,Guru Nanak's Birthday
CHANDIGARH,2008-12-09,Eid al-Adha
CHANDIGARH,2008-12-25,Christmas
CHANDIGARH,2009-01-05,Guru Gobind Singh's Birthday
CHANDIGARH,2009-01-08,Ashura
CHANDIGARH,2009-01-26,Republic Day
CHANDIGARH,2009-03-10,Prophet's Birthday
CHANDIGARH,2009-03-11,Holi
CHANDIGARH,2009-04-03,Ram Navami
CHANDIGARH,2009-04-07,Mahavira's Birthday
CHANDIGARH,2009-04-10,Good Friday
CHANDIGARH,2009-04-14,Dr. B. R. Ambedkar's Birthday
CHANDIGARH,2009-05-08,Buddha Purnima
CHANDIGARH,2009-08-14,Janmashtami (Vaishnava)
CHANDIGARH,2009-08-15,Independence Day
CHANDIGARH,2009-09-21,Eid al-Fitr
CHANDIGARH,2009-09-28,Dussehra
CHANDIGARH,2009-10-02,Mahatma Gandhi's Birthday
CHANDIGARH,2009-10-04,Maharishi Valmiki's Birthday
CHANDIGARH,2009-10-17,Diwali (Deepavali)
CHANDIGARH,2009-11-02,Guru Nanak's Birthday
CHANDIGARH,2009-11-28,Eid al-Adha
CHANDIGARH,2009-12-25,Christmas
CHANDIGARH,2009-12-28,Ashura
CHANDIGARH,2010-01-05,Guru Gobind Singh's Birthday
CHANDIGARH,2010-01-26,Republic Day
CHANDIGARH,2010-02-27,Prophet's Birthday
CHANDIGARH,2010-03-01,Holi
CHANDIGARH,2010-03-24,Ram Navami
CHANDIGARH,2010-04-02,Good Friday
CHANDIGARH,2010-04-14,Dr. B. R. Ambedkar's Birthday
CHANDIGARH,2010-04-28,Mahavira's Birthday
CHANDIGARH,2010-05-27,Buddha Purnima
CHANDIGARH,2010-08-15,Independence Day
CHANDIGARH,2010-09-02,Janmashtami (Vaishnava)
CHANDIGARH,2010-09-11,Eid al-Fitr
CHANDIGARH,2010-10-02,Mahatma Gandhi's Birthday
CHANDIGARH,2010-10-17,Dussehra
CHANDIGARH,2010-10-22,Maharishi Valmiki's Birthday
CHANDIGARH,2010-11-05,Diwali (Deepavali)
CHANDIGARH,2010-11-17,Eid al-Adha
CHANDIGARH,2010-11-21,Guru Nanak's Birthday
CHANDIGARH,2010-12-17,Ashura
CHANDIGARH,2010-12-25,Christmas
CHANDIGARH,2011-01-26,Republic Day
CHANDIGARH,2011-01-31,Guru Gobind Singh's Birthday
CHANDIGARH,2011-02-16,Prophet's Birthday
CHANDIGARH,2011-03-02,Maha Shivaratri
CHANDIGARH,2011-04-12,Ram Navami
CHANDIGARH,2011-04-14,Dr. B. R. Ambedkar's Birthday
CHANDIGARH,2011-04-16,Mahavira's Birthday
CHANDIGARH,2011-04-22,Good Friday
CHANDIGARH,2011-05-17,Buddha Purnima
CHANDIGARH,2011-08-15,Independence Day
CHANDIGARH,2011-08-22,Janmashtami (Vaishnava)
CHANDIGARH,2011-08-31,Eid al-Fitr
CHANDIGARH,2011-10-02,Mahatma Gandhi's Birthday
CHANDIGARH,2011-10-06,Dussehra
CHANDIGARH,2011-10-11,Maharishi Valmiki's Birthday
CHANDIGARH,2011-10-26,Diwali (Deepavali)
CHANDIGARH,2011-11-07,Eid al-Adha
CHANDIGARH,2011-11-10,Guru Nanak's Birthday
CHANDIGARH,2011-12-06,Ashura
CHANDIGARH,2011-12-25,Christmas
CHANDIGARH,2012-01-05,Guru Gobind Singh's Birthday
CHANDIGARH,2012-01-26,Republic Day
CHANDIGARH,2012-02-05,Prophet's Birthday
CHANDIGARH,2012-02-20,Maha Shivaratri
CHANDIGARH,2012-03-08,Holi
CHANDIGARH,2012-04-05,Mahavira's Birthday
CHANDIGARH,2012-04-06,Good Friday
CHANDIGARH,2012-04-14,Dr. B. R. Ambedkar's Birthday
CHANDIGARH,2012-05-06,Buddha Purnima
CHANDIGARH,2012-08-10,Janmashtami (Vaishnava)
CHANDIGARH,2012-08-15,Independence Day
CHANDIGARH,2012-08-20,Eid al-Fitr
CHANDIGARH,2012-10-02,Mahatma Gandhi's Birthday
CHANDIGARH,2012-10-24,Dussehra
CHANDIGARH,2012-10-27,Eid al-Adha
CHANDIGARH,2012-10-29,Maharishi Valmiki's Birthday
CHANDIGARH,2012-11-13,Diwali (Deepavali)
CHANDIGARH,2012-11-25,Ashura
CHANDIGARH,2012-11-28,Guru Nanak's Birthday
CHANDIGARH,2012-12-25,Christmas
CHANDIGARH,2013-01-18,Guru Gobind Singh's Birthday
CHANDIGARH,2013-01-25,Prophet's Birthday
CHANDIGARH,2013-01-26,Republic Day
CHANDIGARH,2013-03-27,Holi
CHANDIGARH,2013-03-29,Good Friday
CHANDIGARH,2013-04-14,Dr. B. R. Ambedkar's Birthday
CHANDIGARH,2013-04-19,Ram Navami
CHANDIGARH,2013-04-24,Mahavira's Birthday
CHANDIGARH,2013-05-25,Buddha Purnima
CHANDIGARH,2013-08-09,Eid al-Fitr
CHANDIGARH,2013-08-15,Independence Day
CHANDIGARH,2013-08-28,Janmashtami (Vaishnava)
CHANDIGARH,2013-10-02,Mahatma Gandhi's Birthday
CHANDIGARH,2013-10-13,Dussehra
CHANDIGARH,2013-10-16,Eid al-Adha
CHANDIGARH,2013-10-18,Maharishi Valmiki's Birthday
CHANDIGARH,2013-11-03,Diwali (Deepavali)
CHANDIGARH,2013-11-14,Ashura
CHANDIGARH,2013-11-17,Guru Nanak's Birthday
CHANDIGARH,2013-12-25,Christmas
CHANDIGARH,2014-01-07,Guru Gobind Singh's Birthday
CHANDIGARH,2014-01-14,Prophet's Birthday
CHANDIGARH,2014-01-26,Republic Day
CHANDIGARH,2014-03-17,Holi
CHANDIGARH,2014-04-08,Ram Navami
CHANDIGARH,2014-04-13,Mahavira's Birthday
CHANDIGARH,2014-04-14,Dr. B. R. Ambedkar's Birthday
CHANDIGARH,2014-04-18,Good Friday
CHANDIGARH,2014-05-14,Buddha Purnima
CHANDIGARH,2014-07-29,Eid al-Fitr
CHANDIGARH,2014-08-15,Independence Day
CHANDIGARH,2014-08-18,Janmashtami (Vaishnava)
CHANDIGARH,2014-10-02,Mahatma Gandhi's Birthday
CHANDIGARH,2014-10-03,Dussehra
CHANDIGARH,2014-10-06,Eid al-Adha
CHANDIGARH,2014-10-08,Maharishi Valmiki's Birthday
CHANDIGARH,2014-10-23,Diwali (Deepavali)
CHANDIGARH,2014-11-04,Ashura
CHANDIGARH,2014-11-06,Guru Nanak's Birthday
CHANDIGARH,2014-12-25,Christmas
CHANDIGARH,2015-01-04,Prophet's Birthday
CHANDIGARH,2015-01-05,Guru Gobind Singh's Birthday
CHANDIGARH,2015-01-26,Republic Day
CHANDIGARH,2015-03-06,Holi
CHANDIGARH,2015-03-28,Ram Navami
CHANDIGARH,2015-04-02,Mahavira's Birthday
CHANDIGARH,2015-04-03,Good Friday
CHANDIGARH,2015-04-14,Dr. B. R. Ambedkar's Birthday
CHANDIGARH,2015-05-04,Buddha Purnima
CHANDIGARH,2015-07-18,Eid al-Fitr
CHANDIGARH,2015-08-15,Independence Day
CHANDIGARH,2015-09-05,Janmashtami (Vaishnava)
CHANDIGARH,2015-09-25,Eid al-Adha
CHANDIGARH,2015-10-02,Mahatma Gandhi's Birthday
CHANDIGARH,2015-10-22,Dussehra
CHANDIGARH,2015-10-24,Ashura
CHANDIGARH,2015-10-27,Maharishi Valmiki's Birthday
CHANDIGARH,2015-11-11,Diwali (Deepavali)
CHANDIGARH,2015-11-25,Guru Nanak's Birthday
CHANDIGARH,2015-12-24,Prophet's Birthday
CHANDIGARH,2015-12-25,Christmas
CHANDIGARH,2016-01-16,Guru Gobind Singh's Birthday
CHANDIGARH,2016-01-26,Republic Day
CHANDIGARH,2016-03-24,Holi
CHANDIGARH,2016-03-25,Good Friday
CHANDIGARH,2016-04-14,Dr. B. R. Ambedkar's Birthday
CHANDIGARH,2016-04-15,Ram Navami
CHANDIGARH,2016-04-20,Mahavira's Birthday
CHANDIGARH,2016-05-21,Buddha Purnima
CHANDIGARH,2016-07-06,Eid al-Fitr
CHANDIGARH,2016-08-15,Independence Day
CHANDIGARH,2016-08-25,Janmashtami (Vaishnava)
CHANDIGARH,2016-09-12,Eid al-Adha
CHANDIGARH,2016-10-02,Mahatma Gandhi's Birthday
CHANDIGARH,2016-10-11,Dussehra
CHANDIGARH,2016-10-12,Ashura
CHANDIGARH,2016-10-16,Maharishi Valmiki's Birthday
CHANDIGARH,2016-10-30,Diwali (Deepavali)
CHANDIGARH,2016-11-14,Guru Nanak's Birthday
CHANDIGARH,2016-12-13,Prophet's Birthday
CHANDIGARH,2016-12-25,Christmas
CHANDIGARH,2017-01-05,Guru Gobind Singh's Birthday
CHANDIGARH,2017-01-26,Republic Day
CHANDIGARH,2017-02-24,Maha Shivaratri
CHANDIGARH,2017-03-13,Holi
CHANDIGARH,2017-04-04,Ram Navami
CHANDIGARH,2017-04-09,Mahavira's Birthday
CHANDIGARH,2017-04-14,Dr. B. R. Ambedkar's Birthday; Good Friday
CHANDIGARH,2017-05-10,Buddha Purnima
CHANDIGARH,2017-06-26,Eid al-Fitr
CHANDIGARH,2017-08-15,Independence Day
CHANDIGARH,2017-09-02,Eid al-Adha
CHANDIGARH,2017-09-30,Dussehra
CHANDIGARH,2017-10-01,Ashura
CHANDIGARH,2017-10-02,Mahatma Gandhi's Birthday
CHANDIGARH,2017-10-05,Maharishi Valmiki's Birthday
CHANDIGARH,2017-10-19,Diwali (Deepavali)
CHANDIGARH,2017-11-04,Guru Nanak's Birthday
CHANDIGARH,2017-12-02,Prophet's Birthday
CHANDIGARH,2017-12-25,Christmas; Guru Gobind Singh's Birthday
CHANDIGARH,2018-01-26,Republic Day
CHANDIGARH,2018-02-13,Maha Shivaratri
CHANDIGARH,2018-03-02,Holi
CHANDIGARH,2018-03-29,Mahavira's Birthday
CHANDIGARH,2018-03-30,Good Friday
CHANDIGARH,2018-04-14,Dr. B. R. Ambedkar's Birthday
CHANDIGARH,2018-04-30,Buddha Purnima
CHANDIGARH,2018-06-16,Eid al-Fitr
CHANDIGARH,2018-08-15,Independence Day
CHANDIGARH,2018-08-22,Eid al-Adha
CHANDIGARH,2018-09-03,Janmashtami (Vaishnava)
CHANDIGARH,2018-09-21,Ashura
CHANDIGARH,2018-10-02,Mahatma Gandhi's Birthday
CHANDIGARH,2018-10-19,Dussehra
CHANDIGARH,2018-10-24,Maharishi Valmiki's Birthday
CHANDIGARH,2018-11-07,Diwali (Deepavali)
CHANDIGARH,2018-11-21,Prophet's Birthday
CHANDIGARH,2018-11-23,Guru Nanak's Birthday
CHANDIGARH,2018-12-25,Christmas
CHANDIGARH,2019-01-13,Guru Gobind Singh's Birthday
CHANDIGARH,2019-01-26,Republic Day
CHANDIGARH,2019-03-04,Maha Shivaratri
CHANDIGARH,2019-03-21,Holi
CHANDIGARH,2019-04-13,Ram Navami
CHANDIGARH,2019-04-14,Dr. B. R. Ambedkar's Birthday
CHANDIGARH,2019-04-17,Mahavira's Birthday
CHANDIGARH,2019-04-19,Good Friday
CHANDIGARH,2019-05-18,Buddha Purnima
CHANDIGARH,2019-06-05,Eid al-Fitr
CHANDIGARH,2019-08-12,Eid al-Adha
CHANDIGARH,2019-08-15,Independence Day
CHANDIGARH,2019-08-24,Janmashtami (Vaishnava)
CHANDIGARH,2019-09-10,Ashura
CHANDIGARH,2019-10-02,Mahatma Gandhi's Birthday
CHANDIGARH,2019-10-08,Dussehra
CHANDIGARH,2019-10-13,Maharishi Valmiki's Birthday
CHANDIGARH,2019-10-27,Diwali (Deepavali)
CHANDIGARH,2019-11-10,Prophet's Birthday
CHANDIGARH,2019-11-12,Guru Nanak's Birthday
CHANDIGARH,2019-12-25,Christmas
CHANDIGARH,2020-01-02,Guru Gobind Singh's Birthday
CHANDIGARH,2020-01-26,Republic Day
CHANDIGARH,2020-03-10,Holi
CHANDIGARH,2020-04-02,Ram Navami
CHANDIGARH,2020-04-06,Mahavira's Birthday
CHANDIGARH,2020-04-10,Good Friday
CHANDIGARH,2020-04-14,Dr. B. R. Ambedkar's Birthday
CHANDIGARH,2020-05-07,Buddha Purnima
CHANDIGARH,2020-05-25,Eid al-Fitr
CHANDIGARH,2020-08-01,Eid al-Adha
CHANDIGARH,2020-08-12,Janmashtami (Vaishnava)
CHANDIGARH,2020-08-15,Independence Day
CHANDIGARH,2020-08-30,Ashura
CHANDIGARH,2020-10-02,Mahatma Gandhi's Birthday
CHANDIGARH,2020-10-25,Dussehra
CHANDIGARH,2020-10-30,Prophet's Birthday
CHANDIGARH,2020-10-31,Maharishi Valmiki's Birthday
CHANDIGARH,2020-11-14,Diwali (Deepavali)
CHANDIGARH,2020-11-30,Guru Nanak's Birthday
CHANDIGARH,2020-12-25,Christmas
CHENNAI,2006-01-11,Eid al-Adha
CHENNAI,2006-01-14,Pongal
CHENNAI,2006-01-15,Thiruvalluvar Day / Mattu Pongal
CHENNAI,2006-01-16,Uzhavar Thirunal
CHENNAI,2006-01-26,Republic Day
CHENNAI,2006-02-09,Ashura
CHENNAI,2006-02-26,Maha Shivaratri
CHENNAI,2006-03-15,Holi
CHENNAI,2006-04-06,Ram Navami
CHENNAI,2006-04-11,Mahavira's Birthday; Prophet's Birthday
CHENNAI,2006-04-14,Dr. B. R. Ambedkar's Birthday; Good Friday; Puthandu (Tamil New Year)
CHENNAI,2006-05-13,Buddha Purnima
CHENNAI,2006-08-15,Independence Day
CHENNAI,2006-08-16,Janmashtami (Vaishnava)
CHENNAI,2006-10-02,Dussehra; Mahatma Gandhi's Birthday
CHENNAI,2006-10-21,Diwali (Deepavali)
CHENNAI,2006-10-25,Eid al-Fitr
CHENNAI,2006-11-05,Guru Nanak's Birthday
CHENNAI,2006-12-25,Christmas
CHENNAI,2007-01-01,Eid al-Adha
CHENNAI,2007-01-15,Pongal
CHENNAI,2007-01-16,Thiruvalluvar Day / Mattu Pongal
CHENNAI,2007-01-17,Uzhavar Thirunal
CHENNAI,2007-01-26,Republic Day
CHENNAI,2007-01-30,Ashura
CHENNAI,2007-02-16,Maha Shivaratri
CHENNAI,2007-03-04,Holi
CHENNAI,2007-03-26,Ram Navami
CHENNAI,2007-03-31,Mahavira's Birthday
CHENNAI,2007-04-01,Prophet's Birthday
CHENNAI,2007-04-06,Good Friday
CHENNAI,2007-04-14,Dr. B. R. Ambedkar's Birthday; Puthandu (Tamil New Year)
CHENNAI,2007-05-02,Buddha Purnima
CHENNAI,2007-08-15,Independence Day
CHENNAI,2007-09-04,Janmashtami (Vaishnava)
CHENNAI,2007-10-02,Mahatma Gandhi's Birthday
CHENNAI,2007-10-14,Eid al-Fitr
CHENNAI,2007-10-21,Dussehra
CHENNAI,2007-11-09,Diwali (Deepavali)
CHENNAI,2007-11-24,Guru Nanak's Birthday
CHENNAI,2007-12-21,Eid al-Adha
CHENNAI,2007-12-25,Christmas
CHENNAI,2008-01-15,Pongal
CHENNAI,2008-01-16,Thiruvalluvar Day / Mattu Pongal
CHENNAI,2008-01-17,Uzhavar Thirunal
CHENNAI,2008-01-19,Ashura
CHENNAI,2008-01-26,Republic Day
CHENNAI,2008-03-06,Maha Shivaratri
CHENNAI,2008-03-21,Good Friday; Prophet's Birthday
CHENNAI,2008-03-22,Holi
CHENNAI,2008-04-14,Dr. B. R. Ambedkar's Birthday; Puthandu (Tamil New Year); Ram Navami
CHENNAI,2008-04-18,Mahavira's Birthday
CHENNAI,2008-05-20,Buddha Purnima
CHENNAI,2008-08-15,Independence Day
CHENNAI,2008-10-02,Eid al-Fitr; Mahatma Gandhi's Birthday
CHENNAI,2008-10-09,Dussehra
CHENNAI,2008-10-28,Diwali (Deepavali)
CHENNAI,2008-11-13,Guru Nanak's Birthday
CHENNAI,2008-12-09,Eid al-Adha
CHENNAI,2008-12-25,Christmas
CHENNAI,2009-01-08,Ashura
CHENNAI,2009-01-14,Pongal
CHENNAI,2009-01-15,Thiruvalluvar Day / Mattu Pongal
CHENNAI,2009-01-16,Uzhavar Thirunal
CHENNAI,2009-01-26,Republic Day
CHENNAI,2009-03-10,Prophet's Birthday
CHENNAI,2009-03-11,Holi
CHENNAI,2009-04-03,Ram Navami
CHENNAI,2009-04-07,Mahavira's Birthday
CHENNAI,2009-04-10,Good Friday
CHENNAI,2009-04-14,Dr. B. R. Ambedkar's Birthday; Puthandu (Tamil New Year)
CHENNAI,2009-05-08,Buddha Purnima
CHENNAI,2009-08-14,Janmashtami (Vaishnava)
CHENNAI,2009-08-15,Independence Day
CHENNAI,2009-09-21,Eid al-Fitr
CHENNAI,2009-09-28,Dussehra
CHENNAI,2009-10-02,Mahatma Gandhi's Birthday
CHENNAI,2009-10-17,Diwali (Deepavali)
CHENNAI,2009-11-02,Guru Nanak's Birthday
CHENNAI,2009-11-28,Eid al-Adha
CHENNAI,2009-12-25,Christmas
CHENNAI,2009-12-28,Ashura
CHENNAI,2010-01-14,Pongal
CHENNAI,2010-01-15,Thiruvalluvar Day / Mattu Pongal
CHENNAI,2010-01-16,Uzhavar Thirunal
CHENNAI,2010-01-26,Republic Day
CHENNAI,2010-02-27,Prophet's Birthday
CHENNAI,2010-03-01,Holi
CHENNAI,2010-03-24,Ram Navami
CHENNAI,2010-04-02,Good Friday
CHENNAI,2010-04-14,Dr. B. R. Ambedkar's Birthday; Puthandu (Tamil New Year)
CHENNAI,2010-04-28,Mahavira's Birthday
CHENNAI,2010-05-27,Buddha Purnima
CHENNAI,2010-08-15,Independence Day
CHENNAI,2010-09-02,Janmashtami (Vaishnava)
CHENNAI,2010-09-11,Eid al-Fitr
CHENNAI,2010-10-02,Mahatma Gandhi's Birthday
CHENNAI,2010-10-17,Dussehra
CHENNAI,2010-11-05,Diwali (Deepavali)
CHENNAI,2010-11-17,Eid al-Adha
CHENNAI,2010-11-21,Guru Nanak's Birthday
CHENNAI,2010-12-17,Ashura
CHENNAI,2010-12-25,Christmas
CHENNAI,2011-01-15,Pongal
CHENNAI,2011-01-16,Thiruvalluvar Day / Mattu Pongal
CHENNAI,2011-01-17,Uzhavar Thirunal
CHENNAI,2011-01-26,Republic Day
CHENNAI,2011-02-16,Prophet's Birthday
CHENNAI,2011-03-02,Maha Shivaratri
CHENNAI,2011-04-12,Ram Navami
CHENNAI,2011-04-14,Dr. B. R. Ambedkar's Birthday; Puthandu (Tamil New Year)
CHENNAI,2011-04-16,Mahavira's Birthday
CHENNAI,2011-04-22,Good Friday
CHENNAI,2011-05-17,Buddha Purnima
CHENNAI,2011-08-15,Independence Day
CHENNAI,2011-08-22,Janmashtami (Vaishnava)
CHENNAI,2011-08-31,Eid al-Fitr
CHENNAI,2011-10-02,Mahatma Gandhi's Birthday
CHENNAI,2011-10-06,Dussehra
CHENNAI,2011-10-26,Diwali (Deepavali)
CHENNAI,2011-11-07,Eid al-Adha
CHENNAI,2011-11-10,Guru Nanak's Birthday
CHENNAI,2011-12-06,Ashura
CHENNAI,2011-12-25,Christmas
CHENNAI,2012-01-15,Pongal
CHENNAI,2012-01-16,Thiruvalluvar Day / Mattu Pongal
CHENNAI,2012-01-17,Uzhavar Thirunal
CHENNAI,2012-01-26,Republic Day
CHENNAI,2012-02-05,Prophet's Birthday
CHENNAI,2012-02-20,Maha Shivaratri
CHENNAI,2012-03-08,Holi
CHENNAI,2012-04-05,Mahavira's Birthday
CHENNAI,2012-04-06,Good Friday
CHENNAI,2012-04-14,Dr. B. R. Ambedkar's Birthday; Puthandu (Tamil New Year)
CHENNAI,2012-05-06,Buddha Purnima
CHENNAI,2012-08-10,Janmashtami (Vaishnava)
CHENNAI,2012-08-15,Independence Day
CHENNAI,2012-08-20,Eid al-Fitr
CHENNAI,2012-10-02,Mahatma Gandhi's Birthday
CHENNAI,2012-10-24,Dussehra
CHENNAI,2012-10-27,Eid al-Adha
CHENNAI,2012-11-13,Diwali (Deepavali)
CHENNAI,2012-11-25,Ashura
CHENNAI,2012-11-28,Guru Nanak's Birthday
CHENNAI,2012-12-25,Christmas
CHENNAI,2013-01-14,Pongal
CHENNAI,2013-01-15,Thiruvalluvar Day / Mattu Pongal
CHENNAI,2013-01-16,Uzhavar Thirunal
CHENNAI,2013-01-25,Prophet's Birthday
CHENNAI,2013-01-26,Republic Day
CHENNAI,2013-03-27,Holi
CHENNAI,2013-03-29,Good Friday
CHENNAI,2013-04-14,Dr. B. R. Ambedkar's Birthday; Puthandu (Tamil New Year)
CHENNAI,2013-04-19,Ram Navami
CHENNAI,2013-04-24,Mahavira's Birthday
CHENNAI,2013-05-25,Buddha Purnima
CHENNAI,2013-08-09,Eid al-Fitr
CHENNAI,2013-08-15,Independence Day
CHENNAI,2013-08-28,Janmashtami (Vaishnava)
CHENNAI,2013-10-02,Mahatma Gandhi's Birthday
CHENNAI,2013-10-13,Dussehra
CHENNAI,2013-10-16,Eid al-Adha
CHENNAI,2013-11-03,Diwali (Deepavali)
CHENNAI,2013-11-14,Ashura
CHENNAI,2013-11-17,Guru Nanak's Birthday
CHENNAI,2013-12-25,Christmas
CHENNAI,2014-01-14,Pongal; Prophet's Birthday
CHENNAI,2014-01-15,Thiruvalluvar Day / Mattu Pongal
CHENNAI,2014-01-16,Uzhavar Thirunal
CHENNAI,2014-01-26,Republic Day
CHENNAI,2014-03-17,Holi
CHENNAI,2014-04-08,Ram Navami
CHENNAI,2014-04-13,Mahavira's Birthday
CHENNAI,2014-04-14,Dr. B. R. Ambedkar's Birthday; Puthandu (Tamil New Year)
CHENNAI,2014-04-18,Good Friday
CHENNAI,2014-05-14,Buddha Purnima
CHENNAI,2014-07-29,Eid al-Fitr
CHENNAI,2014-08-15,Independence Day
CHENNAI,2014-08-18,Janmashtami (Vaishnava)
CHENNAI,2014-10-02,Mahatma Gandhi's Birthday
CHENNAI,2014-10-03,Dussehra
CHENNAI,2014-10-06,Eid al-Adha
CHENNAI,2014-10-23,Diwali (Deepavali)
CHENNAI,2014-11-04,Ashura
CHENNAI,2014-11-06,Guru Nanak's Birthday
CHENNAI,2014-12-25,Christmas
CHENNAI,2015-01-04,Prophet's Birthday
CHENNAI,2015-01-15,Pongal
CHENNAI,2015-01-16,Thiruvalluvar Day / Mattu Pongal
CHENNAI,2015-01-17,Uzhavar Thirunal
CHENNAI,2015-01-26,Republic Day
CHENNAI,2015-03-06,Holi
CHENNAI,2015-03-28,Ram Navami
CHENNAI,2015-04-02,Mahavira's Birthday
CHENNAI,2015-04-03,Good Friday
CHENNAI,2015-04-14,Dr. B. R. Ambedkar's Birthday; Puthandu (Tamil New Year)
CHENNAI,2015-05-04,Buddha Purnima
CHENNAI,2015-07-18,Eid al-Fitr
CHENNAI,2015-08-15,Independence Day
CHENNAI,2015-09-05,Janmashtami (Vaishnava)
CHENNAI,2015-09-25,Eid al-Adha
CHENNAI,2015-10-02,Mahatma Gandhi's Birthday
CHENNAI,2015-10-22,Dussehra
CHENNAI,2015-10-24,Ashura
CHENNAI,2015-11-11,Diwali (Deepavali)
CHENNAI,2015-11-25,Guru Nanak's Birthday
CHENNAI,2015-12-24,Prophet's Birthday
CHENNAI,2015-12-25,Christmas
CHENNAI,2016-01-15,Pongal
CHENNAI,2016-01-16,Thiruvalluvar Day / Mattu Pongal
CHENNAI,2016-01-17,Uzhavar Thirunal
CHENNAI,2016-01-26,Republic Day
CHENNAI,2016-03-24,Holi
CHENNAI,2016-03-25,Good Friday
CHENNAI,2016-04-14,Dr. B. R. Ambedkar's Birthday; Puthandu (Tamil New Year)
CHENNAI,2016-04-15,Ram Navami
CHENNAI,2016-04-20,Mahavira's Birthday
CHENNAI,2016-05-21,Buddha Purnima
CHENNAI,2016-07-06,Eid al-Fitr
CHENNAI,2016-08-15,Independence Day
CHENNAI,2016-08-25,Janmashtami (Vaishnava)
CHENNAI,2016-09-12,Eid al-Adha
CHENNAI,2016-10-02,Mahatma Gandhi's Birthday
CHENNAI,2016-10-11,Dussehra
CHENNAI,2016-10-12,Ashura
CHENNAI,2016-10-30,Diwali (Deepavali)
CHENNAI,2016-11-14,Guru Nanak's Birthday
CHENNAI,2016-12-13,Prophet's Birthday
CHENNAI,2016-12-25,Christmas
CHENNAI,2017-01-14,Pongal
CHENNAI,2017-01-15,Thiruvalluvar Day / Mattu Pongal
CHENNAI,2017-01-16,Uzhavar Thirunal
CHENNAI,2017-01-26,Republic Day
CHENNAI,2017-02-24,Maha Shivaratri
CHENNAI,2017-03-13,Holi
CHENNAI,2017-04-04,Ram Navami
CHENNAI,2017-04-09,Mahavira's Birthday
CHENNAI,2017-04-14,Dr. B. R. Ambedkar's Birthday; Good Friday; Puthandu (Tamil New Year)
CHENNAI,2017-05-10,Buddha Purnima
CHENNAI,2017-06-26,Eid al-Fitr
CHENNAI,2017-08-15,Independence Day
CHENNAI,2017-09-02,Eid al-Adha
CHENNAI,2017-09-30,Dussehra
CHENNAI,2017-10-01,Ashura
CHENNAI,2017-10-02,Mahatma Gandhi's Birthday
CHENNAI,2017-10-19,Diwali (Deepavali)
CHENNAI,2017-11-04,Guru Nanak's Birthday
CHENNAI,2017-12-02,Prophet's Birthday
CHENNAI,2017-12-25,Christmas
CHENNAI,2018-01-14,Pongal
CHENNAI,2018-01-15,Thiruvalluvar Day / Mattu Pongal
CHENNAI,2018-01-16,Uzhavar Thirunal
CHENNAI,2018-01-26,Republic Day
CHENNAI,2018-02-13,Maha Shivaratri
CHENNAI,2018-03-02,Holi
CHENNAI,2018-03-29,Mahavira's Birthday
CHENNAI,2018-03-30,Good Friday
CHENNAI,2018-04-14,Dr. B. R. Ambedkar's Birthday; Puthandu (Tamil New Year)
CHENNAI,2018-04-30,Buddha Purnima
CHENNAI,2018-06-16,Eid al-Fitr
CHENNAI,2018-08-15,Independence Day
CHENNAI,2018-08-22,Eid al-Adha
CHENNAI,2018-09-03,Janmashtami (Vaishnava)
CHENNAI,2018-09-21,Ashura
CHENNAI,2018-10-02,Mahatma Gandhi's Birthday
CHENNAI,2018-10-19,Dussehra
CHENNAI,2018-11-07,Diwali (Deepavali)
CHENNAI,2018-11-21,Prophet's Birthday
CHENNAI,2018-11-23,Guru Nanak's Birthday
CHENNAI,2018-12-25,Christmas
CHENNAI,2019-01-15,Pongal
CHENNAI,2019-01-16,Thiruvalluvar Day / Mattu Pongal
CHENNAI,2019-01-17,Uzhavar Thirunal
CHENNAI,2019-01-26,Republic Day
CHENNAI,2019-03-04,Maha Shivaratri
CHENNAI,2019-03-21,Holi
CHENNAI,2019-04-13,Ram Navami
CHENNAI,2019-04-14,Dr. B. R. Ambedkar's Birthday; Puthandu (Tamil New Year)
CHENNAI,2019-04-17,Mahavira's Birthday
CHENNAI,2019-04-19,Good Friday
CHENNAI,2019-05-18,Buddha Purnima
CHENNAI,2019-06-05,Eid al-Fitr
CHENNAI,2019-08-12,Eid al-Adha
CHENNAI,2019-08-15,Independence Day
CHENNAI,2019-08-24,Janmashtami (Vaishnava)
CHENNAI,2019-09-10,Ashura
CHENNAI,2019-10-02,Mahatma Gandhi's Birthday
CHENNAI,2019-10-08,Dussehra
CHENNAI,2019-10-27,Diwali (Deepavali)
CHENNAI,2019-11-10,Prophet's Birthday
CHENNAI,2019-11-12,Guru Nanak's Birthday
CHENNAI,2019-12-25,Christmas
CHENNAI,2020-01-15,Pongal
CHENNAI,2020-01-16,Thiruvalluvar Day / Mattu Pongal
CHENNAI,2020-01-17,Uzhavar Thirunal
CHENNAI,2020-01-26,Republic Day
CHENNAI,2020-03-10,Holi
CHENNAI,2020-04-02,Ram Navami
CHENNAI,2020-04-06,Mahavira's Birthday
CHENNAI,2020-04-10,Good Friday
CHENNAI,2020-04-14,Dr. B. R. Ambedkar's Birthday; Puthandu (Tamil New Year)
CHENNAI,2020-05-07,Buddha Purnima
CHENNAI,2020-05-25,Eid al-Fitr
CHENNAI,2020-08-01,Eid al-Adha
CHENNAI,2020-08-12,Janmashtami (Vaishnava)
CHENNAI,2020-08-15,Independence Day
CHENNAI,2020-08-30,Ashura
CHENNAI,2020-10-02,Mahatma Gandhi's Birthday
CHENNAI,2020-10-25,Dussehra
CHENNAI,2020-10-30,Prophet's Birthday
CHENNAI,2020-11-14,Diwali (Deepavali)
CHENNAI,2020-11-30,Guru Nanak's Birthday
CHENNAI,2020-12-25,Christmas
CHHATTISGARH,2006-01-11,Eid al-Adha
CHHATTISGARH,2006-01-26,Republic Day
CHHATTISGARH,2006-02-09,Ashura
CHHATTISGARH,2006-02-26,Maha Shivaratri
CHHATTISGARH,2006-03-15,Holi
CHHATTISGARH,2006-04-06,Ram Navami
CHHATTISGARH,2006-04-11,Mahavira's Birthday; Prophet's Birthday
CHHATTISGARH,2006-04-14,Dr. B. R. Ambedkar's Birthday; Good Friday
CHHATTISGARH,2006-05-13,Buddha Purnima
CHHATTISGARH,2006-08-15,Independence Day
CHHATTISGARH,2006-08-16,Janmashtami (Vaishnava)
CHHATTISGARH,2006-10-02,Dussehra; Mahatma Gandhi's Birthday
CHHATTISGARH,2006-10-21,Diwali (Deepavali)
CHHATTISGARH,2006-10-25,Eid al-Fitr
CHHATTISGARH,2006-11-05,Guru Nanak's Birthday
CHHATTISGARH,2006-12-25,Christmas
CHHATTISGARH,2007-01-01,Eid al-Adha
CHHATTISGARH,2007-01-26,Republic Day
CHHATTISGARH,2007-01-30,Ashura
CHHATTISGARH,2007-02-16,Maha Shivaratri
CHHATTISGARH,2007-03-04,Holi
CHHATTISGARH,2007-03-26,Ram Navami
CHHATTISGARH,2007-03-31,Mahavira's Birthday
CHHATTISGARH,2007-04-01,Prophet's Birthday
CHHATTISGARH,2007-04-06,Good Friday
CHHATTISGARH,2007-04-14,Dr. B. R. Ambedkar's Birthday
CHHATTISGARH,2007-05-02,Buddha Purnima
CHHATTISGARH,2007-08-15,Independence Day
CHHATTISGARH,2007-09-04,Janmashtami (Vaishnava)
CHHATTISGARH,2007-10-02,Mahatma Gandhi's Birthday
CHHATTISGARH,2007-10-14,Eid al-Fitr
CHHATTISGARH,2007-10-21,Dussehra
CHHATTISGARH,2007-11-09,Diwali (Deepavali)
CHHATTISGARH,2007-11-24,Guru Nanak's Birthday
CHHATTISGARH,2007-12-21,Eid al-Adha
CHHATTISGARH,2007-12-25,Christmas
CHHATTISGARH,2008-01-19,Ashura
CHHATTISGARH,2008-01-26,Republic Day
CHHATTISGARH,2008-03-06,Maha Shivaratri
CHHATTISGARH,2008-03-21,Good Friday; Prophet's Birthday
CHHATTISGARH,2008-03-22,Holi
CHHATTISGARH,2008-04-14,Dr. B. R. Ambedkar's Birthday; Ram Navami
CHHATTISGARH,2008-04-18,Mahavira's Birthday
CHHATTISGARH,2008-05-20,Buddha Purnima
CHHATTISGARH,2008-08-15,Independence Day
CHHATTISGARH,2008-10-02,Eid al-Fitr; Mahatma Gandhi's Birthday
CHHATTISGARH,2008-10-09,Dussehra
CHHATTISGARH,2008-10-28,Diwali (Deepavali)
CHHATTISGARH,2008-11-13,Guru Nanak's Birthday
CHHATTISGARH,2008-12-09,Eid al-Adha
CHHATTISGARH,2008-12-25,Christmas
CHHATTISGARH,2009-01-08,Ashura
CHHATTISGARH,2009-01-26,Republic Day
CHHATTISGARH,2009-03-10,Prophet's Birthday
CHHATTISGARH,2009-03-11,Holi
CHHATTISGARH,2009-04-03,Ram Navami
CHHATTISGARH,2009-04-07,Mahavira's Birthday
CHHATTISGARH,2009-04-10,Good Friday
CHHATTISGARH,2009-04-14,Dr. B. R. Ambedkar's Birthday
CHHATTISGARH,2009-05-08,Buddha Purnima
CHHATTISGARH,2009-08-14,Janmashtami (Vaishnava)
CHHATTISGARH,2009-08-15,Independence Day
CHHATTISGARH,2009-09-21,Eid al-Fitr
CHHATTISGARH,2009-09-28,Dussehra
CHHATTISGARH,2009-10-02,Mahatma Gandhi's Birthday
CHHATTISGARH,2009-10-17,Diwali (Deepavali)
CHHATTISGARH,2009-11-02,Guru Nanak's Birthday
CHHATTISGARH,2009-11-28,Eid al-Adha
CHHATTISGARH,2009-12-25,Christmas
CHHATTISGARH,2009-12-28,Ashura
CHHATTISGARH,2010-01-26,Republic Day
CHHATTISGARH,2010-02-27,Prophet's Birthday
CHHATTISGARH,2010-03-01,Holi
CHHATTISGARH,2010-03-24,Ram Navami
CHHATTISGARH,2010-04-02,Good Friday
CHHATTISGARH,2010-04-14,Dr. B. R. Ambedkar's Birthday
CHHATTISGARH,2010-04-28,Mahavira's Birthday
CHHATTISGARH,2010-05-27,Buddha Purnima
CHHATTISGARH,2010-08-15,Independence Day
CHHATTISGARH,2010-09-02,Janmashtami (Vaishnava)
CHHATTISGARH,2010-09-11,Eid al-Fitr
CHHATTISGARH,2010-10-02,Mahatma Gandhi's Birthday
CHHATTISGARH,2010-10-17,Dussehra
CHHATTISGARH,2010-11-05,Diwali (Deepavali)
CHHATTISGARH,2010-11-17,Eid al-Adha
CHHATTISGARH,2010-11-21,Guru Nanak's Birthday
CHHATTISGARH,2010-12-17,Ashura
CHHATTISGARH,2010-12-25,Christmas
CHHATTISGARH,2011-01-26,Republic Day
CHHATTISGARH,2011-02-16,Prophet's Birthday
CHHATTISGARH,2011-03-02,Maha Shivaratri
CHHATTISGARH,2011-04-12,Ram Navami
CHHATTISGARH,2011-04-14,Dr. B. R. Ambedkar's Birthday
CHHATTISGARH,2011-04-16,Mahavira's Birthday
CHHATTISGARH,2011-04-22,Good Friday
CHHATTISGARH,2011-05-17,Buddha Purnima
CHHATTISGARH,2011-08-15,Independence Day
CHHATTISGARH,2011-08-22,Janmashtami (Vaishnava)
CHHATTISGARH,2011-08-31,Eid al-Fitr
CHHATTISGARH,2011-10-02,Mahatma Gandhi's Birthday
CHHATTISGARH,2011-10-06,Dussehra
CHHATTISGARH,2011-10-26,Diwali (Deepavali)
CHHATTISGARH,2011-11-07,Eid al-Adha
CHHATTISGARH,2011-11-10,Guru Nanak's Birthday
CHHATTISGARH,2011-12-06,Ashura
CHHATTISGARH,2011-12-25,Christmas
CHHATTISGARH,2012-01-26,Republic Day
CHHATTISGARH,2012-02-05,Prophet's Birthday
CHHATTISGARH,2012-02-20,Maha Shivaratri
CHHATTISGARH,2012-03-08,Holi
CHHATTISGARH,2012-04-05,Mahavira's Birthday
CHHATTISGARH,2012-04-06,Good Friday
CHHATTISGARH,2012-04-14,Dr. B. R. Ambedkar's Birthday
CHHATTISGARH,2012-05-06,Buddha Purnima
CHHATTISGARH,2012-08-10,Janmashtami (Vaishnava)
CHHATTISGARH,2012-08-15,Independence Day
CHHATTISGARH,2012-08-20,Eid al-Fitr
CHHATTISGARH,2012-10-02,Mahatma Gandhi's Birthday
CHHATTISGARH,2012-10-24,Dussehra
CHHATTISGARH,2012-10-27,Eid al-Adha
CHHATTISGARH,2012-11-13,Diwali (Deepavali)
CHHATTISGARH,2012-11-25,Ashura
CHHATTISGARH,2012-11-28,Guru Nanak's Birthday
CHHATTISGARH,2012-12-25,Christmas
CHHATTISGARH,2013-01-25,Prophet's Birthday
CHHATTISGARH,2013-01-26,Republic Day
CHHATTISGARH,2013-03-27,Holi
CHHATTISGARH,2013-03-29,Good Friday
CHHATTISGARH,2013-04-14,Dr. B. R. Ambedkar's Birthday
CHHATTISGARH,2013-04-19,Ram Navami
CHHATTISGARH,2013-04-24,Mahavira's Birthday
CHHATTISGARH,2013-05-25,Buddha Purnima
CHHATTISGARH,2013-08-09,Eid al-Fitr
CHHATTISGARH,2013-08-15,Independence Day
CHHATTISGARH,2013-08-28,Janmashtami (Vaishnava)
CHHATTISGARH,2013-10-02,Mahatma Gandhi's Birthday
CHHATTISGARH,2013-10-13,Dussehra
CHHATTISGARH,2013-10-16,Eid al-Adha
CHHATTISGARH,2013-11-03,Diwali (Deepavali)
CHHATTISGARH,2013-11-14,Ashura
CHHATTISGARH,2013-11-17,Guru Nanak's Birthday
CHHATTISGARH,2013-12-25,Christmas
CHHATTISGARH,2014-01-14,Prophet's Birthday
CHHATTISGARH,2014-01-26,Republic Day
CHHATTISGARH,2014-03-17,Holi
CHHATTISGARH,2014-04-08,Ram Navami
CHHATTISGARH,2014-04-13,Mahavira's Birthday
CHHATTISGARH,2014-04-14,Dr. B. R. Ambedkar's Birthday
CHHATTISGARH,2014-04-18,Good Friday
CHHATTISGARH,2014-05-14,Buddha Purnima
CHHATTISGARH,2014-07-29,Eid al-Fitr
CHHATTISGARH,2014-08-15,Independence Day
CHHATTISGARH,2014-08-18,Janmashtami (Vaishnava)
CHHATTISGARH,2014-10-02,Mahatma Gandhi's Birthday
CHHATTISGARH,2014-10-03,Dussehra
CHHATTISGARH,2014-10-06,Eid al-Adha
CHHATTISGARH,2014-10-23,Diwali (Deepavali)
CHHATTISGARH,2014-11-04,Ashura
CHHATTISGARH,2014-11-06,Guru Nanak's Birthday
CHHATTISGARH,2014-12-25,Christmas
CHHATTISGARH,2015-01-04,Prophet's Birthday
CHHATTISGARH,2015-01-26,Republic Day
CHHATTISGARH,2015-03-06,Holi
CHHATTISGARH,2015-03-28,Ram Navami
CHHATTISGARH,2015-04-02,Mahavira's Birthday
CHHATTISGARH,2015-04-03,Good Friday
CHHATTISGARH,2015-04-14,Dr. B. R. Ambedkar's Birthday
CHHATTISGARH,2015-05-04,Buddha Purnima
CHHATTISGARH,2015-07-18,Eid al-Fitr
CHHATTISGARH,2015-08-15,Independence Day
CHHATTISGARH,2015-09-05,Janmashtami (Vaishnava)
CHHATTISGARH,2015-09-25,Eid al-Adha
CHHATTISGARH,2015-10-02,Mahatma Gandhi's Birthday
CHHATTISGARH,2015-10-22,Dussehra
CHHATTISGARH,2015-10-24,Ashura
CHHATTISGARH,2015-11-11,Diwali (Deepavali)
CHHATTISGARH,2015-11-25,Guru Nanak's Birthday
CHHATTISGARH,2015-12-24,Prophet's Birthday
CHHATTISGARH,2015-12-25,Christmas
CHHATTISGARH,2016-01-26,Republic Day
CHHATTISGARH,2016-03-24,Holi
CHHATTISGARH,2016-03-25,Good Friday
CHHATTISGARH,2016-04-14,Dr. B. R. Ambedkar's Birthday
CHHATTISGARH,2016-04-15,Ram Navami
CHHATTISGARH,2016-04-20,Mahavira's Birthday
CHHATTISGARH,2016-05-21,Buddha Purnima
CHHATTISGARH,2016-07-06,Eid al-Fitr
CHHATTISGARH,2016-08-15,Independence Day
CHHATTISGARH,2016-08-25,Janmashtami (Vaishnava)
CHHATTISGARH,2016-09-12,Eid al-Adha
CHHATTISGARH,2016-10-02,Mahatma Gandhi's Birthday
CHHATTISGARH,2016-10-11,Dussehra
CHHATTISGARH,2016-10-12,Ashura
CHHATTISGARH,2016-10-30,Diwali (Deepavali)
CHHATTISGARH,2016-11-14,Guru Nanak's Birthday
CHHATTISGARH,2016-12-13,Prophet's Birthday
CHHATTISGARH,2016-12-25,Christmas
CHHATTISGARH,2017-01-26,Republic Day
CHHATTISGARH,2017-02-24,Maha Shivaratri
CHHATTISGARH,2017-03-13,Holi
CHHATTISGARH,2017-04-04,Ram Navami
CHHATTISGARH,2017-04-09,Mahavira's Birthday
CHHATTISGARH,2017-04-14,Dr. B. R. Ambedkar's Birthday; Good Friday
CHHATTISGARH,2017-05-10,Buddha Purnima
CHHATTISGARH,2017-06-26,Eid al-Fitr
CHHATTISGARH,2017-08-15,Independence Day
CHHATTISGARH,2017-09-02,Eid al-Adha
CHHATTISGARH,2017-09-30,Dussehra
CHHATTISGARH,2017-10-01,Ashura
CHHATTISGARH,2017-10-02,Mahatma Gandhi's Birthday
CHHATTISGARH,2017-10-19,Diwali (Deepavali)
CHHATTISGARH,2017-11-04,Guru Nanak's Birthday
CHHATTISGARH,2017-12-02,Prophet's Birthday
CHHATTISGARH,2017-12-25,Christmas
CHHATTISGARH,2018-01-26,Republic Day
CHHATTISGARH,2018-02-13,Maha Shivaratri
CHHATTISGARH,2018-03-02,Holi
CHHATTISGARH,2018-03-29,Mahavira's Birthday
CHHATTISGARH,2018-03-30,Good Friday
CHHATTISGARH,2018-04-14,Dr. B. R. Ambedkar's Birthday
CHHATTISGARH,2018-04-30,Buddha Purnima
CHHATTISGARH,2018-06-16,Eid al-Fitr
CHHATTISGARH,2018-08-15,Independence Day
CHHATTISGARH,2018-08-22,Eid al-Adha
CHHATTISGARH,2018-09-03,Janmashtami (Vaishnava)
CHHATTISGARH,2018-09-21,Ashura
CHHATTISGARH,2018-10-02,Mahatma Gandhi's Birthday
CHHATTISGARH,2018-10-19,Dussehra
CHHATTISGARH,2018-11-07,Diwali (Deepavali)
CHHATTISGARH,2018-11-21,Prophet's Birthday
CHHATTISGARH,2018-11-23,Guru Nanak's Birthday
CHHATTISGARH,2018-12-25,Christmas
CHHATTISGARH,2019-01-26,Republic Day
CHHATTISGARH,2019-03-04,Maha Shivaratri
CHHATTISGARH,2019-03-21,Holi
CHHATTISGARH,2019-04-13,Ram Navami
CHHATTISGARH,2019-04-14,Dr. B. R. Ambedkar's Birthday
CHHATTISGARH,2019-04-17,Mahavira's Birthday
CHHATTISGARH,2019-04-19,Good Friday
CHHATTISGARH,2019-05-18,Buddha Purnima
CHHATTISGARH,2019-06-05,Eid al-Fitr
CHHATTISGARH,2019-08-12,Eid al-Adha
CHHATTISGARH,2019-08-15,Independence Day
CHHATTISGARH,2019-08-24,Janmashtami (Vaishnava)
CHHATTISGARH,2019-09-10,Ashura
CHHATTISGARH,2019-10-02,Mahatma Gandhi's Birthday
CHHATTISGARH,2019-10-08,Dussehra
CHHATTISGARH,2019-10-27,Diwali (Deepavali)
CHHATTISGARH,2019-11-10,Prophet's Birthday
CHHATTISGARH,2019-11-12,Guru Nanak's Birthday
CHHATTISGARH,2019-12-25,Christmas
CHHATTISGARH,2020-01-26,Republic Day
CHHATTISGARH,2020-03-10,Holi
CHHATTISGARH,2020-04-02,Ram Navami
CHHATTISGARH,2020-04-06,Mahavira's Birthday
CHHATTISGARH,2020-04-10,Good Friday
CHHATTISGARH,2020-04-14,Dr. B. R. Ambedkar's Birthday
CHHATTISGARH,2020-05-07,Buddha Purnima
CHHATTISGARH,2020-05-25,Eid al-Fitr
CHHATTISGARH,2020-08-01,Eid al-Adha
CHHATTISGARH,2020-08-12,Janmashtami (Vaishnava)
CHHATTISGARH,2020-08-15,Independence Day
CHHATTISGARH,2020-08-30,Ashura
CHHATTISGARH,2020-10-02,Mahatma Gandhi's Birthday
CHHATTISGARH,2020-10-25,Dussehra
CHHATTISGARH,2020-10-30,Prophet's Birthday
CHHATTISGARH,2020-11-14,Diwali (Deepavali)
CHHATTISGARH,2020-11-30,Guru Nanak's Birthday
CHHATTISGARH,2020-12-25,Christmas
COIMBATORE,2006-01-11,Eid al-Adha
COIMBATORE,2006-01-14,Pongal
COIMBATORE,2006-01-15,Thiruvalluvar Day / Mattu Pongal
COIMBATORE,2006-01-16,Uzhavar Thirunal
COIMBATORE,2006-01-26,Republic Day
COIMBATORE,2006-02-09,Ashura
COIMBATORE,2006-02-26,Maha Shivaratri
COIMBATORE,2006-03-15,Holi
COIMBATORE,2006-04-06,Ram Navami
COIMBATORE,2006-04-11,Mahavira's Birthday; Prophet's Birthday
COIMBATORE,2006-04-14,Dr. B. R. Ambedkar's Birthday; Good Friday; Puthandu (Tamil New Year)
COIMBATORE,2006-05-13,Buddha Purnima
COIMBATORE,2006-08-15,Independence Day
COIMBATORE,2006-08-16,Janmashtami (Vaishnava)
COIMBATORE,2006-10-02,Dussehra; Mahatma Gandhi's Birthday
COIMBATORE,2006-10-21,Diwali (Deepavali)
COIMBATORE,2006-10-25,Eid al-Fitr
COIMBATORE,2006-11-05,Guru Nanak's Birthday
COIMBATORE,2006-12-25,Christmas
COIMBATORE,2007-01-01,Eid al-Adha
COIMBATORE,2007-01-15,Pongal
COIMBATORE,2007-01-16,Thiruvalluvar Day / Mattu Pongal
COIMBATORE,2007-01-17,Uzhavar Thirunal
COIMBATORE,2007-01-26,Republic Day
COIMBATORE,2007-01-30,Ashura
COIMBATORE,2007-02-16,Maha Shivaratri
COIMBATORE,2007-03-04,Holi
COIMBATORE,2007-03-26,Ram Navami
COIMBATORE,2007-03-31,Mahavira's Birthday
COIMBATORE,2007-04-01,Prophet's Birthday
COIMBATORE,2007-04-06,Good Friday
COIMBATORE,2007-04-14,Dr. B. R. Ambedkar's Birthday; Puthandu (Tamil New Year)
COIMBATORE,2007-05-02,Buddha Purnima
COIMBATORE,2007-08-15,Independence Day
COIMBATORE,2007-09-04,Janmashtami (Vaishnava)
COIMBATORE,2007-10-02,Mahatma Gandhi's Birthday
COIMBATORE,2007-10-14,Eid al-Fitr
COIMBATORE,2007-10-21,Dussehra
COIMBATORE,2007-11-09,Diwali (Deepavali)
COIMBATORE,2007-11-24,Guru Nanak's Birthday
COIMBATORE,2007-12-21,Eid al-Adha
COIMBATORE,2007-12-25,Christmas
COIMBATORE,2008-01-15,Pongal
COIMBATORE,2008-01-16,Thiruvalluvar Day / Mattu Pongal
COIMBATORE,2008-01-17,Uzhavar Thirunal
COIMBATORE,2008-01-19,Ashura
COIMBATORE,2008-01-26,Republic Day
COIMBATORE,2008-03-06,Maha Shivaratri
COIMBATORE,2008-03-21,Good Friday; Prophet's Birthday
COIMBATORE,2008-03-22,Holi
COIMBATORE,2008-04-14,Dr. B. R. Ambedkar's Birthday; Puthandu (Tamil New Year); Ram Navami
COIMBATORE,2008-04-18,Mahavira's Birthday
COIMBATORE,2008-05-20,Buddha Purnima
COIMBATORE,2008-08-15,Independence Day
COIMBATORE,2008-10-02,Eid al-Fitr; Mahatma Gandhi's Birthday
COIMBATORE,2008-10-09,Dussehra
COIMBATORE,2008-10-28,Diwali (Deepavali)
COIMBATORE,2008-11-13,Guru Nanak's Birthday
COIMBATORE,2008-12-09,Eid al-Adha
COIMBATORE,2008-12-25,Christmas
COIMBATORE,2009-01-08,Ashura
COIMBATORE,2009-01-14,Pongal
COIMBATORE,2009-01-15,Thiruvalluvar Day / Mattu Pongal
COIMBATORE,2009-01-16,Uzhavar Thirunal
COIMBATORE,2009-01-26,Republic Day
COIMBATORE,2009-03-10,Prophet's Birthday
COIMBATORE,2009-03-11,Holi
COIMBATORE,2009-04-03,Ram Navami
COIMBATORE,2009-04-07,Mahavira's Birthday
COIMBATORE,2009-04-10,Good Friday
COIMBATORE,2009-04-14,Dr. B. R. Ambedkar's Birthday; Puthandu (Tamil New Year)
COIMBATORE,2009-05-08,Buddha Purnima
COIMBATORE,2009-08-14,Janmashtami (Vaishnava)
COIMBATORE,2009-08-15,Independence Day
COIMBATORE,2009-09-21,Eid al-Fitr
COIMBATORE,2009-09-28,Dussehra
COIMBATORE,2009-10-02,Mahatma Gandhi's Birthday
COIMBATORE,2009-10-17,Diwali (Deepavali)
COIMBATORE,2009-11-02,Guru Nanak's Birthday
COIMBATORE,2009-11-28,Eid al-Adha
COIMBATORE,2009-12-25,Christmas
COIMBATORE,2009-12-28,Ashura
COIMBATORE,2010-01-14,Pongal
COIMBATORE,2010-01-15,Thiruvalluvar Day / Mattu Pongal
COIMBATORE,2010-01-16,Uzhavar Thirunal
COIMBATORE,2010-01-26,Republic Day
COIMBATORE,2010-02-27,Prophet's Birthday
COIMBATORE,2010-03-01,Holi
COIMBATORE,2010-03-24,Ram Navami
COIMBATORE,2010-04-02,Good Friday
COIMBATORE,2010-04-14,Dr. B. R. Ambedkar's Birthday; Puthandu (Tamil New Year)
COIMBATORE,2010-04-28,Mahavira's Birthday
COIMBATORE,2010-05-27,Buddha Purnima
COIMBATORE,2010-08-15,Independence Day
COIMBATORE,2010-09-02,Janmashtami (Vaishnava)
COIMBATORE,2010-09-11,Eid al-Fitr
COIMBATORE,2010-10-02,Mahatma Gandhi's Birthday
COIMBATORE,2010-10-17,Dussehra
COIMBATORE,2010-11-05,Diwali (Deepavali)
COIMBATORE,2010-11-17,Eid al-Adha
COIMBATORE,2010-11-21,Guru Nanak's Birthday
COIMBATORE,2010-12-17,Ashura
COIMBATORE,2010-12-25,Christmas
COIMBATORE,2011-01-15,Pongal
COIMBATORE,2011-01-16,Thiruvalluvar Day / Mattu Pongal
COIMBATORE,2011-01-17,Uzhavar Thirunal
COIMBATORE,2011-01-26,Republic Day
COIMBATORE,2011-02-16,Prophet's Birthday
COIMBATORE,2011-03-02,Maha Shivaratri
COIMBATORE,2011-04-12,Ram Navami
COIMBATORE,2011-04-14,Dr. B. R. Ambedkar's Birthday; Puthandu (Tamil New Year)
COIMBATORE,2011-04-16,Mahavira's Birthday
COIMBATORE,2011-04-22,Good Friday
COIMBATORE,2011-05-17,Buddha Purnima
COIMBATORE,2011-08-15,Independence Day
COIMBATORE,2011-08-22,Janmashtami (Vaishnava)
COIMBATORE,2011-08-31,Eid al-Fitr
COIMBATORE,2011-10-02,Mahatma Gandhi's Birthday
COIMBATORE,2011-10-06,Dussehra
COIMBATORE,2011-10-26,Diwali (Deepavali)
COIMBATORE,2011-11-07,Eid al-Adha
COIMBATORE,2011-11-10,Guru Nanak's Birthday
COIMBATORE,2011-12-06,Ashura
COIMBATORE,2011-12-25,Christmas
COIMBATORE,2012-01-15,Pongal
COIMBATORE,2012-01-16,Thiruvalluvar Day / Mattu Pongal
COIMBATORE,2012-01-17,Uzhavar Thirunal
COIMBATORE,2012-01-26,Republic Day
COIMBATORE,2012-02-05,Prophet's Birthday
COIMBATORE,2012-02-20,Maha Shivaratri
COIMBATORE,2012-03-08,Holi
COIMBATORE,2012-04-05,Mahavira's Birthday
COIMBATORE,2012-04-06,Good Friday
COIMBATORE,2012-04-14,Dr. B. R. Ambedkar's Birthday; Puthandu (Tamil New Year)
COIMBATORE,2012-05-06,Buddha Purnima
COIMBATORE,2012-08-10,Janmashtami (Vaishnava)
COIMBATORE,2012-08-15,Independence Day
COIMBATORE,2012-08-20,Eid al-Fitr
COIMBATORE,2012-10-02,Mahatma Gandhi's Birthday
COIMBATORE,2012-10-24,Dussehra
COIMBATORE,2012-10-27,Eid al-Adha
COIMBATORE,2012-11-13,Diwali (Deepavali)
COIMBATORE,2012-11-25,Ashura
COIMBATORE,2012-11-28,Guru Nanak's Birthday
COIMBATORE,2012-12-25,Christmas
COIMBATORE,2013-01-14,Pongal
COIMBATORE,2013-01-15,Thiruvalluvar Day / Mattu Pongal
COIMBATORE,2013-01-16,Uzhavar Thirunal
COIMBATORE,2013-01-25,Prophet's Birthday
COIMBATORE,2013-01-26,Republic Day
COIMBATORE,2013-03-27,Holi
COIMBATORE,2013-03-29,Good Friday
COIMBATORE,2013-04-14,Dr. B. R. Ambedkar's Birthday; Puthandu (Tamil New Year)
COIMBATORE,2013-04-19,Ram Navami
COIMBATORE,2013-04-24,Mahavira's Birthday
COIMBATORE,2013-05-25,Buddha Purnima
COIMBATORE,2013-08-09,Eid al-Fitr
COIMBATORE,2013-08-15,Independence Day
COIMBATORE,2013-08-28,Janmashtami (Vaishnava)
COIMBATORE,2013-10-02,Mahatma Gandhi's Birthday
COIMBATORE,2013-10-13,Dussehra
COIMBATORE,2013-10-16,Eid al-Adha
COIMBATORE,2013-11-03,Diwali (Deepavali)
COIMBATORE,2013-11-14,Ashura
COIMBATORE,2013-11-17,Guru Nanak's Birthday
COIMBATORE,2013-12-25,Christmas
COIMBATORE,2014-01-14,Pongal; Prophet's Birthday
COIMBATORE,2014-01-15,Thiruvalluvar Day / Mattu Pongal
COIMBATORE,2014-01-16,Uzhavar Thirunal
COIMBATORE,2014-01-26,Republic Day
COIMBATORE,2014-03-17,Holi
COIMBATORE,2014-04-08,Ram Navami
COIMBATORE,2014-04-13,Mahavira's Birthday
COIMBATORE,2014-04-14,Dr. B. R. Ambedkar's Birthday; Puthandu (Tamil New Year)
COIMBATORE,2014-04-18,Good Friday
COIMBATORE,2014-05-14,Buddha Purnima
COIMBATORE,2014-07-29,Eid al-Fitr
COIMBATORE,2014-08-15,Independence Day
COIMBATORE,2014-08-18,Janmashtami (Vaishnava)
COIMBATORE,2014-10-02,Mahatma Gandhi's Birthday
COIMBATORE,2014-10-03,Dussehra
COIMBATORE,2014-10-06,Eid al-Adha
COIMBATORE,2014-10-23,Diwali (Deepavali)
COIMBATORE,2014-11-04,Ashura
COIMBATORE,2014-11-06,Guru Nanak's Birthday
COIMBATORE,2014-12-25,Christmas
COIMBATORE,2015-01-04,Prophet's Birthday
COIMBATORE,2015-01-15,Pongal
COIMBATORE,2015-01-16,Thiruvalluvar Day / Mattu Pongal
COIMBATORE,2015-01-17,Uzhavar Thirunal
COIMBATORE,2015-01-26,Republic Day
COIMBATORE,2015-03-06,Holi
COIMBATORE,2015-03-28,Ram Navami
COIMBATORE,2015-04-02,Mahavira's Birthday
COIMBATORE,2015-04-03,Good Friday
COIMBATORE,2015-04-14,Dr. B. R. Ambedkar's Birthday; Puthandu (Tamil New Year)
COIMBATORE,2015-05-04,Buddha Purnima
COIMBATORE,2015-07-18,Eid al-Fitr
COIMBATORE,2015-08-15,Independence Day
COIMBATORE,2015-09-05,Janmashtami (Vaishnava)
COIMBATORE,2015-09-25,Eid al-Adha
COIMBATORE,2015-10-02,Mahatma Gandhi's Birthday
COIMBATORE,2015-10-22,Dussehra
COIMBATORE,2015-10-24,Ashura
COIMBATORE,2015-11-11,Diwali (Deepavali)
COIMBATORE,2015-11-25,Guru Nanak's Birthday
COIMBATORE,2015-12-24,Prophet's Birthday
COIMBATORE,2015-12-25,Christmas
COIMBATORE,2016-01-15,Pongal
COIMBATORE,2016-01-16,Thiruvalluvar Day / Mattu Pongal
COIMBATORE,2016-01-17,Uzhavar Thirunal
COIMBATORE,2016-01-26,Republic Day
COIMBATORE,2016-03-24,Holi
COIMBATORE,2016-03-25,Good Friday
COIMBATORE,2016-04-14,Dr. B. R. Ambedkar's Birthday; Puthandu (Tamil New Year)
COIMBATORE,2016-04-15,Ram Navami
COIMBATORE,2016-04-20,Mahavira's Birthday
COIMBATORE,2016-05-21,Buddha Purnima
COIMBATORE,2016-07-06,Eid al-Fitr
COIMBATORE,2016-08-15,Independence Day
COIMBATORE,2016-08-25,Janmashtami (Vaishnava)
COIMBATORE,2016-09-12,Eid al-Adha
COIMBATORE,2016-10-02,Mahatma Gandhi's Birthday
COIMBATORE,2016-10-11,Dussehra
COIMBATORE,2016-10-12,Ashura
COIMBATORE,2016-10-30,Diwali (Deepavali)
COIMBATORE,2016-11-14,Guru Nanak's Birthday
COIMBATORE,2016-12-13,Prophet's Birthday
COIMBATORE,2016-12-25,Christmas
COIMBATORE,2017-01-14,Pongal
COIMBATORE,2017-01-15,Thiruvalluvar Day / Mattu Pongal
COIMBATORE,2017-01-16,Uzhavar Thirunal
COIMBATORE,2017-01-26,Republic Day
COIMBATORE,2017-02-24,Maha Shivaratri
COIMBATORE,2017-03-13,Holi
COIMBATORE,2017-04-04,Ram Navami
COIMBATORE,2017-04-09,Mahavira's Birthday
COIMBATORE,2017-04-14,Dr. B. R. Ambedkar's Birthday; Good Friday; Puthandu (Tamil New Year)
COIMBATORE,2017-05-10,Buddha Purnima
COIMBATORE,2017-06-26,Eid al-Fitr
COIMBATORE,2017-08-15,Independence Day
COIMBATORE,2017-09-02,Eid al-Adha
COIMBATORE,2017-09-30,Dussehra
COIMBATORE,2017-10-01,Ashura
COIMBATORE,2017-10-02,Mahatma Gandhi's Birthday
COIMBATORE,2017-10-19,Diwali (Deepavali)
COIMBATORE,2017-11-04,Guru Nanak's Birthday
COIMBATORE,2017-12-02,Prophet's Birthday
COIMBATORE,2017-12-25,Christmas
COIMBATORE,2018-01-14,Pongal
COIMBATORE,2018-01-15,Thiruvalluvar Day / Mattu Pongal
COIMBATORE,2018-01-16,Uzhavar Thirunal
COIMBATORE,2018-01-26,Republic Day
COIMBATORE,2018-02-13,Maha Shivaratri
COIMBATORE,2018-03-02,Holi
COIMBATORE,2018-03-29,Mahavira's Birthday
COIMBATORE,2018-03-30,Good Friday
COIMBATORE,2018-04-14,Dr. B. R. Ambedkar's Birthday; Puthandu (Tamil New Year)
COIMBATORE,2018-04-30,Buddha Purnima
COIMBATORE,2018-06-16,Eid al-Fitr
COIMBATORE,2018-08-15,Independence Day
COIMBATORE,2018-08-22,Eid al-Adha
COIMBATORE,2018-09-03,Janmashtami (Vaishnava)
COIMBATORE,2018-09-21,Ashura
COIMBATORE,2018-10-02,Mahatma Gandhi's Birthday
COIMBATORE,2018-10-19,Dussehra
COIMBATORE,2018-11-07,Diwali (Deepavali)
COIMBATORE,2018-11-21,Prophet's Birthday
COIMBATORE,2018-11-23,Guru Nanak's Birthday
COIMBATORE,2018-12-25,Christmas
COIMBATORE,2019-01-15,Pongal
COIMBATORE,2019-01-16,Thiruvalluvar Day / Mattu Pongal
COIMBATORE,2019-01-17,Uzhavar Thirunal
COIMBATORE,2019-01-26,Republic Day
COIMBATORE,2019-03-04,Maha Shivaratri
COIMBATORE,2019-03-21,Holi
COIMBATORE,2019-04-13,Ram Navami
COIMBATORE,2019-04-14,Dr. B. R. Ambedkar's Birthday; Puthandu (Tamil New Year)
COIMBATORE,2019-04-17,Mahavira's Birthday
COIMBATORE,2019-04-19,Good Friday
COIMBATORE,2019-05-18,Buddha Purnima
COIMBATORE,2019-06-05,Eid al-Fitr
COIMBATORE,2019-08-12,Eid al-Adha
COIMBATORE,2019-08-15,Independence Day
COIMBATORE,2019-08-24,Janmashtami (Vaishnava)
COIMBATORE,2019-09-10,Ashura
COIMBATORE,2019-10-02,Mahatma Gandhi's Birthday
COIMBATORE,2019-10-08,Dussehra
COIMBATORE,2019-10-27,Diwali (Deepavali)
COIMBATORE,2019-11-10,Prophet's Birthday
COIMBATORE,2019-11-12,Guru Nanak's Birthday
COIMBATORE,2019-12-25,Christmas
COIMBATORE,2020-01-15,Pongal
COIMBATORE,2020-01-16,Thiruvalluvar Day / Mattu Pongal
COIMBATORE,2020-01-17,Uzhavar Thirunal
COIMBATORE,2020-01-26,Republic Day
COIMBATORE,2020-03-10,Holi
COIMBATORE,2020-04-02,Ram Navami
COIMBATORE,2020-04-06,Mahavira's Birthday
COIMBATORE,2020-04-10,Good Friday
COIMBATORE,2020-04-14,Dr. B. R. Ambedkar's Birthday; Puthandu (Tamil New Year)
COIMBATORE,2020-05-07,Buddha Purnima
COIMBATORE,2020-05-25,Eid al-Fitr
COIMBATORE,2020-08-01,Eid al-Adha
COIMBATORE,2020-08-12,Janmashtami (Vaishnava)
COIMBATORE,2020-08-15,Independence Day
COIMBATORE,2020-08-30,Ashura
COIMBATORE,2020-10-02,Mahatma Gandhi's Birthday
COIMBATORE,2020-10-25,Dussehra
COIMBATORE,2020-10-30,Prophet's Birthday
COIMBATORE,2020-11-14,Diwali (Deepavali)
COIMBATORE,2020-11-30,Guru Nanak's Birthday
COIMBATORE,2020-12-25,Christmas
CUTTAK,2006-01-11,Eid al-Adha
CUTTAK,2006-01-26,Republic Day
CUTTAK,2006-02-09,Ashura
CUTTAK,2006-02-26,Maha Shivaratri
CUTTAK,2006-03-15,Holi
CUTTAK,2006-04-01,Odisha Day (Utkala Dibasa)
CUTTAK,2006-04-06,Ram Navami
CUTTAK,2006-04-11,Mahavira's Birthday; Prophet's Birthday
CUTTAK,2006-04-14,Dr. B. R. Ambedkar's Birthday; Good Friday
CUTTAK,2006-04-15,Maha Vishuva Sankranti / Pana Sankranti
CUTTAK,2006-05-13,Buddha Purnima
CUTTAK,2006-08-15,Independence Day
CUTTAK,2006-08-16,Janmashtami (Vaishnava)
CUTTAK,2006-10-02,Dussehra; Mahatma Gandhi's Birthday
CUTTAK,2006-10-21,Diwali (Deepavali)
CUTTAK,2006-10-25,Eid al-Fitr
CUTTAK,2006-11-05,Guru Nanak's Birthday
CUTTAK,2006-12-25,Christmas
CUTTAK,2007-01-01,Eid al-Adha
CUTTAK,2007-01-26,Republic Day
CUTTAK,2007-01-30,Ashura
CUTTAK,2007-02-16,Maha Shivaratri
CUTTAK,2007-03-04,Holi
CUTTAK,2007-03-26,Ram Navami
CUTTAK,2007-03-31,Mahavira's Birthday
CUTTAK,2007-04-01,Odisha Day (Utkala Dibasa); Prophet's Birthday
CUTTAK,2007-04-06,Good Friday
CUTTAK,2007-04-14,Dr. B. R. Ambedkar's Birthday
CUTTAK,2007-04-15,Maha Vishuva Sankranti / Pana Sankranti
CUTTAK,2007-05-02,Buddha Purnima
CUTTAK,2007-08-15,Independence Day
CUTTAK,2007-09-04,Janmashtami (Vaishnava)
CUTTAK,2007-10-02,Mahatma Gandhi's Birthday
CUTTAK,2007-10-14,Eid al-Fitr
CUTTAK,2007-10-21,Dussehra
CUTTAK,2007-11-09,Diwali (Deepavali)
CUTTAK,2007-11-24,Guru Nanak's Birthday
CUTTAK,2007-12-21,Eid al-Adha
CUTTAK,2007-12-25,Christmas
CUTTAK,2008-01-19,Ashura
CUTTAK,2008-01-26,Republic Day
CUTTAK,2008-03-06,Maha Shivaratri
CUTTAK,2008-03-21,Good Friday; Prophet's Birthday
CUTTAK,2008-03-22,Holi
CUTTAK,2008-04-01,Odisha Day (Utkala Dibasa)
CUTTAK,2008-04-14,Dr. B. R. Ambedkar's Birthday; Ram Navami
CUTTAK,2008-04-15,Maha Vishuva Sankranti / Pana Sankranti
CUTTAK,2008-04-18,Mahavira's Birthday
CUTTAK,2008-05-20,Buddha Purnima
CUTTAK,2008-08-15,Independence Day
CUTTAK,2008-10-02,Eid al-Fitr; Mahatma Gandhi's Birthday
CUTTAK,2008-10-09,Dussehra
CUTTAK,2008-10-28,Diwali (Deepavali)
CUTTAK,2008-11-13,Guru Nanak's Birthday
CUTTAK,2008-12-09,Eid al-Adha
CUTTAK,2008-12-25,Christmas
CUTTAK,2009-01-08,Ashura
CUTTAK,2009-01-26,Republic Day
CUTTAK,2009-03-10,Prophet's Birthday
CUTTAK,2009-03-11,Holi
CUTTAK,2009-04-01,Odisha Day (Utkala Dibasa)
CUTTAK,2009-04-03,Ram Navami
CUTTAK,2009-04-07,Mahavira's Birthday
CUTTAK,2009-04-10,Good Friday
CUTTAK,2009-04-14,Dr. B. R. Ambedkar's Birthday
CUTTAK,2009-04-15,Maha Vishuva Sankranti / Pana Sankranti
CUTTAK,2009-05-08,Buddha Purnima
CUTTAK,2009-08-14,Janmashtami (Vaishnava)
CUTTAK,2009-08-15,Independence Day
CUTTAK,2009-09-21,Eid al-Fitr
CUTTAK,2009-09-28,Dussehra
CUTTAK,2009-10-02,Mahatma Gandhi's Birthday
CUTTAK,2009-10-17,Diwali (Deepavali)
CUTTAK,2009-11-02,Guru Nanak's Birthday
CUTTAK,2009-11-28,Eid al-Adha
CUTTAK,2009-12-25,Christmas
CUTTAK,2009-12-28,Ashura
CUTTAK,2010-01-26,Republic Day
CUTTAK,2010-02-27,Prophet's Birthday
CUTTAK,2010-03-01,Holi
CUTTAK,2010-03-24,Ram Navami
CUTTAK,2010-04-01,Odisha Day (Utkala Dibasa)
CUTTAK,2010-04-02,Good Friday
CUTTAK,2010-04-14,Dr. B. R. Ambedkar's Birthday
CUTTAK,2010-04-15,Maha Vishuva Sankranti / Pana Sankranti
CUTTAK,2010-04-28,Mahavira's Birthday
CUTTAK,2010-05-27,Buddha Purnima
CUTTAK,2010-08-15,Independence Day
CUTTAK,2010-09-02,Janmashtami (Vaishnava)
CUTTAK,2010-09-11,Eid al-Fitr
CUTTAK,2010-10-02,Mahatma Gandhi's Birthday
CUTTAK,2010-10-17,Dussehra
CUTTAK,2010-11-05,Diwali (Deepavali)
CUTTAK,2010-11-17,Eid al-Adha
CUTTAK,2010-11-21,Guru Nanak's Birthday
CUTTAK,2010-12-17,Ashura
CUTTAK,2010-12-25,Christmas
CUTTAK,2011-01-26,Republic Day
CUTTAK,2011-02-16,Prophet's Birthday
CUTTAK,2011-03-02,Maha Shivaratri
CUTTAK,2011-04-01,Odisha Day (Utkala Dibasa)
CUTTAK,2011-04-12,Ram Navami
CUTTAK,2011-04-14,Dr. B. R. Ambedkar's Birthday
CUTTAK,2011-04-15,Maha Vishuva Sankranti / Pana Sankranti
CUTTAK,2011-04-16,Mahavira's Birthday
CUTTAK,2011-04-22,Good Friday
CUTTAK,2011-05-17,Buddha Purnima
CUTTAK,2011-08-15,Independence Day
CUTTAK,2011-08-22,Janmashtami (Vaishnava)
CUTTAK,2011-08-31,Eid al-Fitr
CUTTAK,2011-10-02,Mahatma Gandhi's Birthday
CUTTAK,2011-10-06,Dussehra
CUTTAK,2011-10-26,Diwali (Deepavali)
CUTTAK,2011-11-07,Eid al-Adha
CUTTAK,2011-11-10,Guru Nanak's Birthday
CUTTAK,2011-12-06,Ashura
CUTTAK,2011-12-25,Christmas
CUTTAK,2012-01-26,Republic Day
CUTTAK,2012-02-05,Prophet's Birthday
CUTTAK,2012-02-20,Maha Shivaratri
CUTTAK,2012-03-08,Holi
CUTTAK,2012-04-01,Odisha Day (Utkala Dibasa)
CUTTAK,2012-04-05,Mahavira's Birthday
CUTTAK,2012-04-06,Good Friday
CUTTAK,2012-04-14,Dr. B. R. Ambedkar's Birthday
CUTTAK,2012-04-15,Maha Vishuva Sankranti / Pana Sankranti
CUTTAK,2012-05-06,Buddha Purnima
CUTTAK,2012-08-10,Janmashtami (Vaishnava)
CUTTAK,2012-08-15,Independence Day
CUTTAK,2012-08-20,Eid al-Fitr
CUTTAK,2012-10-02,Mahatma Gandhi's Birthday
CUTTAK,2012-10-24,Dussehra
CUTTAK,2012-10-27,Eid al-Adha
CUTTAK,2012-11-13,Diwali (Deepavali)
CUTTAK,2012-11-25,Ashura
CUTTAK,2012-11-28,Guru Nanak's Birthday
CUTTAK,2012-12-25,Christmas
CUTTAK,2013-01-25,Prophet's Birthday
CUTTAK,2013-01-26,Republic Day
CUTTAK,2013-03-27,Holi
CUTTAK,2013-03-29,Good Friday
CUTTAK,2013-04-01,Odisha Day (Utkala Dibasa)
CUTTAK,2013-04-14,Dr. B. R. Ambedkar's Birthday
CUTTAK,2013-04-15,Maha Vishuva Sankranti / Pana Sankranti
CUTTAK,2013-04-19,Ram Navami
CUTTAK,2013-04-24,Mahavira's Birthday
CUTTAK,2013-05-25,Buddha Purnima
CUTTAK,2013-08-09,Eid al-Fitr
CUTTAK,2013-08-15,Independence Day
CUTTAK,2013-08-28,Janmashtami (Vaishnava)
CUTTAK,2013-10-02,Mahatma Gandhi's Birthday
CUTTAK,2013-10-13,Dussehra
CUTTAK,2013-10-16,Eid al-Adha
CUTTAK,2013-11-03,Diwali (Deepavali)
CUTTAK,2013-11-14,Ashura
CUTTAK,2013-11-17,Guru Nanak's Birthday
CUTTAK,2013-12-25,Christmas
CUTTAK,2014-01-14,Prophet's Birthday
CUTTAK,2014-01-26,Republic Day
CUTTAK,2014-03-17,Holi
CUTTAK,2014-04-01,Odisha Day (Utkala Dibasa)
CUTTAK,2014-04-08,Ram Navami
CUTTAK,2014-04-13,Mahavira's Birthday
CUTTAK,2014-04-14,Dr. B. R. Ambedkar's Birthday
CUTTAK,2014-04-15,Maha Vishuva Sankranti / Pana Sankranti
CUTTAK,2014-04-18,Good Friday
CUTTAK,2014-05-14,Buddha Purnima
CUTTAK,2014-07-29,Eid al-Fitr
CUTTAK,2014-08-15,Independence Day
CUTTAK,2014-08-18,Janmashtami (Vaishnava)
CUTTAK,2014-10-02,Mahatma Gandhi's Birthday
CUTTAK,2014-10-03,Dussehra
CUTTAK,2014-10-06,Eid al-Adha
CUTTAK,2014-10-23,Diwali (Deepavali)
CUTTAK,2014-11-04,Ashura
CUTTAK,2014-11-06,Guru Nanak's Birthday
CUTTAK,2014-12-25,Christmas
CUTTAK,2015-01-04,Prophet's Birthday
CUTTAK,2015-01-26,Republic Day
CUTTAK,2015-03-06,Holi
CUTTAK,2015-03-28,Ram Navami
CUTTAK,2015-04-01,Odisha Day (Utkala Dibasa)
CUTTAK,2015-04-02,Mahavira's Birthday
CUTTAK,2015-04-03,Good Friday
CUTTAK,2015-04-14,Dr. B. R. Ambedkar's Birthday
CUTTAK,2015-04-15,Maha Vishuva Sankranti / Pana Sankranti
CUTTAK,2015-05-04,Buddha Purnima
CUTTAK,2015-07-18,Eid al-Fitr
CUTTAK,2015-08-15,Independence Day
CUTTAK,2015-09-05,Janmashtami (Vaishnava)
CUTTAK,2015-09-25,Eid al-Adha
CUTTAK,2015-10-02,Mahatma Gandhi's Birthday
CUTTAK,2015-10-22,Dussehra
CUTTAK,2015-10-24,Ashura
CUTTAK,2015-11-11,Diwali (Deepavali)
CUTTAK,2015-11-25,Guru Nanak's Birthday
CUTTAK,2015-12-24,Prophet's Birthday
CUTTAK,2015-12-25,Christmas
CUTTAK,2016-01-26,Republic Day
CUTTAK,2016-03-24,Holi
CUTTAK,2016-03-25,Good Friday
CUTTAK,2016-04-01,Odisha Day (Utkala Dibasa)
CUTTAK,2016-04-14,Dr. B. R. Ambedkar's Birthday
CUTTAK,2016-04-15,Maha Vishuva Sankranti / Pana Sankranti; Ram Navami
CUTTAK,2016-04-20,Mahavira's Birthday
CUTTAK,2016-05-21,Buddha Purnima
CUTTAK,2016-07-06,Eid al-Fitr
CUTTAK,2016-08-15,Independence Day
CUTTAK,2016-08-25,Janmashtami (Vaishnava)
CUTTAK,2016-09-12,Eid al-Adha
CUTTAK,2016-10-02,Mahatma Gandhi's Birthday
CUTTAK,2016-10-11,Dussehra
CUTTAK,2016-10-12,Ashura
CUTTAK,2016-10-30,Diwali (Deepavali)
CUTTAK,2016-11-14,Guru Nanak's Birthday
CUTTAK,2016-12-13,Prophet's Birthday
CUTTAK,2016-12-25,Christmas
CUTTAK,2017-01-26,Republic Day
CUTTAK,2017-02-24,Maha Shivaratri
CUTTAK,2017-03-13,Holi
CUTTAK,2017-04-01,Odisha Day (Utkala Dibasa)
CUTTAK,2017-04-04,Ram Navami
CUTTAK,2017-04-09,Mahavira's Birthday
CUTTAK,2017-04-14,Dr. B. R. Ambedkar's Birthday; Good Friday
CUTTAK,2017-04-15,Maha Vishuva Sankranti / Pana Sankranti
CUTTAK,2017-05-10,Buddha Purnima
CUTTAK,2017-06-26,Eid al-Fitr
CUTTAK,2017-08-15,Independence Day
CUTTAK,2017-09-02,Eid al-Adha
CUTTAK,2017-09-30,Dussehra
CUTTAK,2017-10-01,Ashura
CUTTAK,2017-10-02,Mahatma Gandhi's Birthday
CUTTAK,2017-10-19,Diwali (Deepavali)
CUTTAK,2017-11-04,Guru Nanak's Birthday
CUTTAK,2017-12-02,Prophet's Birthday
CUTTAK,2017-12-25,Christmas
CUTTAK,2018-01-26,Republic Day
CUTTAK,2018-02-13,Maha Shivaratri
CUTTAK,2018-03-02,Holi
CUTTAK,2018-03-29,Mahavira's Birthday
CUTTAK,2018-03-30,Good Friday
CUTTAK,2018-04-01,Odisha Day (Utkala Dibasa)
CUTTAK,2018-04-14,Dr. B. R. Ambedkar's Birthday
CUTTAK,2018-04-15,Maha Vishuva Sankranti / Pana Sankranti
CUTTAK,2018-04-30,Buddha Purnima
CUTTAK,2018-06-16,Eid al-Fitr
CUTTAK,2018-08-15,Independence Day
CUTTAK,2018-08-22,Eid al-Adha
CUTTAK,2018-09-03,Janmashtami (Vaishnava)
CUTTAK,2018-09-21,Ashura
CUTTAK,2018-10-02,Mahatma Gandhi's Birthday
CUTTAK,2018-10-19,Dussehra
CUTTAK,2018-11-07,Diwali (Deepavali)
CUTTAK,2018-11-21,Prophet's Birthday
CUTTAK,2018-11-23,Guru Nanak's Birthday
CUTTAK,2018-12-25,Christmas
CUTTAK,2019-01-26,Republic Day
CUTTAK,2019-03-04,Maha Shivaratri
CUTTAK,2019-03-21,Holi
CUTTAK,2019-04-01,Odisha Day (Utkala Dibasa)
CUTTAK,2019-04-13,Ram Navami
CUTTAK,2019-04-14,Dr. B. R. Ambedkar's Birthday
CUTTAK,2019-04-15,Maha Vishuva Sankranti / Pana Sankranti
CUTTAK,2019-04-17,Mahavira's Birthday
CUTTAK,2019-04-19,Good Friday
CUTTAK,2019-05-18,Buddha Purnima
CUTTAK,2019-06-05,Eid al-Fitr
CUTTAK,2019-08-12,Eid al-Adha
CUTTAK,2019-08-15,Independence Day
CUTTAK,2019-08-24,Janmashtami (Vaishnava)
CUTTAK,2019-09-10,Ashura
CUTTAK,2019-10-02,Mahatma Gandhi's Birthday
CUTTAK,2019-10-08,Dussehra
CUTTAK,2019-10-27,Diwali (Deepavali)
CUTTAK,2019-11-10,Prophet's Birthday
CUTTAK,2019-11-12,Guru Nanak's Birthday
CUTTAK,2019-12-25,Christmas
CUTTAK,2020-01-26,Republic Day
CUTTAK,2020-03-10,Holi
CUTTAK,2020-04-01,Odisha Day (Utkala Dibasa)
CUTTAK,2020-04-02,Ram Navami
CUTTAK,2020-04-06,Mahavira's Birthday
CUTTAK,2020-04-10,Good Friday
CUTTAK,2020-04-14,Dr. B. R. Ambedkar's Birthday
CUTTAK,2020-04-15,Maha Vishuva Sankranti / Pana Sankranti
CUTTAK,2020-05-07,Buddha Purnima
CUTTAK,2020-05-25,Eid al-Fitr
CUTTAK,2020-08-01,Eid al-Adha
CUTTAK,2020-08-12,Janmashtami (Vaishnava)
CUTTAK,2020-08-15,Independence Day
CUTTAK,2020-08-30,Ashura
CUTTAK,2020-10-02,Mahatma Gandhi's Birthday
CUTTAK,2020-10-25,Dussehra
CUTTAK,2020-10-30,Prophet's Birthday
CUTTAK,2020-11-14,Diwali (Deepavali)
CUTTAK,2020-11-30,Guru Nanak's Birthday
CUTTAK,2020-12-25,Christmas
DELHI,2006-01-11,Eid al-Adha
DELHI,2006-01-26,Republic Day
DELHI,2006-02-09,Ashura
DELHI,2006-02-26,Maha Shivaratri
DELHI,2006-03-15,Holi
DELHI,2006-04-06,Ram Navami
DELHI,2006-04-11,Mahavira's Birthday; Prophet's Birthday
DELHI,2006-04-14,Dr. B. R. Ambedkar's Birthday; Good Friday
DELHI,2006-05-13,Buddha Purnima
DELHI,2006-08-15,Independence Day
DELHI,2006-08-16,Janmashtami (Vaishnava)
DELHI,2006-10-02,Dussehra; Mahatma Gandhi's Birthday
DELHI,2006-10-21,Diwali (Deepavali)
DELHI,2006-10-25,Eid al-Fitr
DELHI,2006-11-05,Guru Nanak's Birthday
DELHI,2006-12-25,Christmas
DELHI,2007-01-01,Eid al-Adha
DELHI,2007-01-26,Republic Day
DELHI,2007-01-30,Ashura
DELHI,2007-02-16,Maha Shivaratri
DELHI,2007-03-04,Holi
DELHI,2007-03-26,Ram Navami
DELHI,2007-03-31,Mahavira's Birthday
DELHI,2007-04-01,Prophet's Birthday
DELHI,2007-04-06,Good Friday
DELHI,2007-04-14,Dr. B. R. Ambedkar's Birthday
DELHI,2007-05-02,Buddha Purnima
DELHI,2007-08-15,Independence Day
DELHI,2007-09-04,Janmashtami (Vaishnava)
DELHI,2007-10-02,Mahatma Gandhi's Birthday
DELHI,2007-10-14,Eid al-Fitr
DELHI,2007-10-21,Dussehra
DELHI,2007-11-09,Diwali (Deepavali)
DELHI,2007-11-24,Guru Nanak's Birthday
DELHI,2007-12-21,Eid al-Adha
DELHI,2007-12-25,Christmas
DELHI,2008-01-19,Ashura
DELHI,2008-01-26,Republic Day
DELHI,2008-03-06,Maha Shivaratri
DELHI,2008-03-21,Good Friday; Prophet's Birthday
DELHI,2008-03-22,Holi
DELHI,2008-04-14,Dr. B. R. Ambedkar's Birthday; Ram Navami
DELHI,2008-04-18,Mahavira's Birthday
DELHI,2008-05-20,Buddha Purnima
DELHI,2008-08-15,Independence Day
DELHI,2008-10-02,Eid al-Fitr; Mahatma Gandhi's Birthday
DELHI,2008-10-09,Dussehra
DELHI,2008-10-28,Diwali (Deepavali)
DELHI,2008-11-13,Guru Nanak's Birthday
DELHI,2008-12-09,Eid al-Adha
DELHI,2008-12-25,Christmas
DELHI,2009-01-08,Ashura
DELHI,2009-01-26,Republic Day
DELHI,2009-03-10,Prophet's Birthday
DELHI,2009-03-11,Holi
DELHI,2009-04-03,Ram Navami
DELHI,2009-04-07,Mahavira's Birthday
DELHI,2009-04-10,Good Friday
DELHI,2009-04-14,Dr. B. R. Ambedkar's Birthday
DELHI,2009-05-08,Buddha Purnima
DELHI,2009-08-14,Janmashtami (Vaishnava)
DELHI,2009-08-15,Independence Day
DELHI,2009-09-21,Eid al-Fitr
DELHI,2009-09-28,Dussehra
DELHI,2009-10-02,Mahatma Gandhi's Birthday
DELHI,2009-10-17,Diwali (Deepavali)
DELHI,2009-11-02,Guru Nanak's Birthday
DELHI,2009-11-28,Eid al-Adha
DELHI,2009-12-25,Christmas
DELHI,2009-12-28,Ashura
DELHI,2010-01-26,Republic Day
DELHI,2010-02-27,Prophet's Birthday
DELHI,2010-03-01,Holi
DELHI,2010-03-24,Ram Navami
DELHI,2010-04-02,Good Friday
DELHI,2010-04-14,Dr. B. R. Ambedkar's Birthday
DELHI,2010-04-28,Mahavira's Birthday
DELHI,2010-05-27,Buddha Purnima
DELHI,2010-08-15,Independence Day
DELHI,2010-09-02,Janmashtami (Vaishnava)
DELHI,2010-09-11,Eid al-Fitr
DELHI,2010-10-02,Mahatma Gandhi's Birthday
DELHI,2010-10-17,Dussehra
DELHI,2010-11-05,Diwali (Deepavali)
DELHI,2010-11-17,Eid al-Adha
DELHI,2010-11-21,Guru Nanak's Birthday
DELHI,2010-12-17,Ashura
DELHI,2010-12-25,Christmas
DELHI,2011-01-26,Republic Day
DELHI,2011-02-16,Prophet's Birthday
DELHI,2011-03-02,Maha Shivaratri
DELHI,2011-04-12,Ram Navami
DELHI,2011-04-14,Dr. B. R. Ambedkar's Birthday
DELHI,2011-04-16,Mahavira's Birthday
DELHI,2011-04-22,Good Friday
DELHI,2011-05-17,Buddha Purnima
DELHI,2011-08-15,Independence Day
DELHI,2011-08-22,Janmashtami (Vaishnava)
DELHI,2011-08-31,Eid al-Fitr
DELHI,2011-10-02,Mahatma Gandhi's Birthday
DELHI,2011-10-06,Dussehra
DELHI,2011-10-26,Diwali (Deepavali)
DELHI,2011-11-07,Eid al-Adha
DELHI,2011-11-10,Guru Nanak's Birthday
DELHI,2011-12-06,Ashura
DELHI,2011-12-25,Christmas
DELHI,2012-01-26,Republic Day
DELHI,2012-02-05,Prophet's Birthday
DELHI,2012-02-20,Maha Shivaratri
DELHI,2012-03-08,Holi
DELHI,2012-04-05,Mahavira's Birthday
DELHI,2012-04-06,Good Friday
DELHI,2012-04-14,Dr. B. R. Ambedkar's Birthday
DELHI,2012-05-06,Buddha Purnima
DELHI,2012-08-10,Janmashtami (Vaishnava)
DELHI,2012-08-15,Independence Day
DELHI,2012-08-20,Eid al-Fitr
DELHI,2012-10-02,Mahatma Gandhi's Birthday
DELHI,2012-10-24,Dussehra
DELHI,2012-10-27,Eid al-Adha
DELHI,2012-11-13,Diwali (Deepavali)
DELHI,2012-11-25,Ashura
DELHI,2012-11-28,Guru Nanak's Birthday
DELHI,2012-12-25,Christmas
DELHI,2013-01-25,Prophet's Birthday
DELHI,2013-01-26,Republic Day
DELHI,2013-03-27,Holi
DELHI,2013-03-29,Good Friday
DELHI,2013-04-14,Dr. B. R. Ambedkar's Birthday
DELHI,2013-04-19,Ram Navami
DELHI,2013-04-24,Mahavira's Birthday
DELHI,2013-05-25,Buddha Purnima
DELHI,2013-08-09,Eid al-Fitr
DELHI,2013-08-15,Independence Day
DELHI,2013-08-28,Janmashtami (Vaishnava)
DELHI,2013-10-02,Mahatma Gandhi's Birthday
DELHI,2013-10-13,Dussehra
DELHI,2013-10-16,Eid al-Adha
DELHI,2013-11-03,Diwali (Deepavali)
DELHI,2013-11-14,Ashura
DELHI,2013-11-17,Guru Nanak's Birthday
DELHI,2013-12-25,Christmas
DELHI,2014-01-14,Prophet's Birthday
DELHI,2014-01-26,Republic Day
DELHI,2014-03-17,Holi
DELHI,2014-04-08,Ram Navami
DELHI,2014-04-13,Mahavira's Birthday
DELHI,2014-04-14,Dr. B. R. Ambedkar's Birthday
DELHI,2014-04-18,Good Friday
DELHI,2014-05-14,Buddha Purnima
DELHI,2014-07-29,Eid al-Fitr
DELHI,2014-08-15,Independence Day
DELHI,2014-08-18,Janmashtami (Vaishnava)
DELHI,2014-10-02,Mahatma Gandhi's Birthday
DELHI,2014-10-03,Dussehra
DELHI,2014-10-06,Eid al-Adha
DELHI,2014-10-23,Diwali (Deepavali)
DELHI,2014-11-04,Ashura
DELHI,2014-11-06,Guru Nanak's Birthday
DELHI,2014-12-25,Christmas
DELHI,2015-01-04,Prophet's Birthday
DELHI,2015-01-26,Republic Day
DELHI,2015-03-06,Holi
DELHI,2015-03-28,Ram Navami
DELHI,2015-04-02,Mahavira's Birthday
DELHI,2015-04-03,Good Friday
DELHI,2015-04-14,Dr. B. R. Ambedkar's Birthday
DELHI,2015-05-04,Buddha Purnima
DELHI,2015-07-18,Eid al-Fitr
DELHI,2015-08-15,Independence Day
DELHI,2015-09-05,Janmashtami (Vaishnava)
DELHI,2015-09-25,Eid al-Adha
DELHI,2015-10-02,Mahatma Gandhi's Birthday
DELHI,2015-10-22,Dussehra
DELHI,2015-10-24,Ashura
DELHI,2015-11-11,Diwali (Deepavali)
DELHI,2015-11-25,Guru Nanak's Birthday
DELHI,2015-12-24,Prophet's Birthday
DELHI,2015-12-25,Christmas
DELHI,2016-01-26,Republic Day
DELHI,2016-03-24,Holi
DELHI,2016-03-25,Good Friday
DELHI,2016-04-14,Dr. B. R. Ambedkar's Birthday
DELHI,2016-04-15,Ram Navami
DELHI,2016-04-20,Mahavira's Birthday
DELHI,2016-05-21,Buddha Purnima
DELHI,2016-07-06,Eid al-Fitr
DELHI,2016-08-15,Independence Day
DELHI,2016-08-25,Janmashtami (Vaishnava)
DELHI,2016-09-12,Eid al-Adha
DELHI,2016-10-02,Mahatma Gandhi's Birthday
DELHI,2016-10-11,Dussehra
DELHI,2016-10-12,Ashura
DELHI,2016-10-30,Diwali (Deepavali)
DELHI,2016-11-14,Guru Nanak's Birthday
DELHI,2016-12-13,Prophet's Birthday
DELHI,2016-12-25,Christmas
DELHI,2017-01-26,Republic Day
DELHI,2017-02-24,Maha Shivaratri
DELHI,2017-03-13,Holi
DELHI,2017-04-04,Ram Navami
DELHI,2017-04-09,Mahavira's Birthday
DELHI,2017-04-14,Dr. B. R. Ambedkar's Birthday; Good Friday
DELHI,2017-05-10,Buddha Purnima
DELHI,2017-06-26,Eid al-Fitr
DELHI,2017-08-15,Independence Day
DELHI,2017-09-02,Eid al-Adha
DELHI,2017-09-30,Dussehra
DELHI,2017-10-01,Ashura
DELHI,2017-10-02,Mahatma Gandhi's Birthday
DELHI,2017-10-19,Diwali (Deepavali)
DELHI,2017-11-04,Guru Nanak's Birthday
DELHI,2017-12-02,Prophet's Birthday
DELHI,2017-12-25,Christmas
DELHI,2018-01-26,Republic Day
DELHI,2018-02-13,Maha Shivaratri
DELHI,2018-03-02,Holi
DELHI,2018-03-29,Mahavira's Birthday
DELHI,2018-03-30,Good Friday
DELHI,2018-04-14,Dr. B. R. Ambedkar's Birthday
DELHI,2018-04-30,Buddha Purnima
DELHI,2018-06-16,Eid al-Fitr
DELHI,2018-08-15,Independence Day
DELHI,2018-08-22,Eid al-Adha
DELHI,2018-09-03,Janmashtami (Vaishnava)
DELHI,2018-09-21,Ashura
DELHI,2018-10-02,Mahatma Gandhi's Birthday
DELHI,2018-10-19,Dussehra
DELHI,2018-11-07,Diwali (Deepavali)
DELHI,2018-11-21,Prophet's Birthday
DELHI,2018-11-23,Guru Nanak's Birthday
DELHI,2018-12-25,Christmas
DELHI,2019-01-26,Republic Day
DELHI,2019-03-04,Maha Shivaratri
DELHI,2019-03-21,Holi
DELHI,2019-04-13,Ram Navami
DELHI,2019-04-14,Dr. B. R. Ambedkar's Birthday
DELHI,2019-04-17,Mahavira's Birthday
DELHI,2019-04-19,Good Friday
DELHI,2019-05-18,Buddha Purnima
DELHI,2019-06-05,Eid al-Fitr
DELHI,2019-08-12,Eid al-Adha
DELHI,2019-08-15,Independence Day
DELHI,2019-08-24,Janmashtami (Vaishnava)
DELHI,2019-09-10,Ashura
DELHI,2019-10-02,Mahatma Gandhi's Birthday
DELHI,2019-10-08,Dussehra
DELHI,2019-10-27,Diwali (Deepavali)
DELHI,2019-11-10,Prophet's Birthday
DELHI,2019-11-12,Guru Nanak's Birthday
DELHI,2019-12-25,Christmas
DELHI,2020-01-26,Republic Day
DELHI,2020-03-10,Holi
DELHI,2020-04-02,Ram Navami
DELHI,2020-04-06,Mahavira's Birthday
DELHI,2020-04-10,Good Friday
DELHI,2020-04-14,Dr. B. R. Ambedkar's Birthday
DELHI,2020-05-07,Buddha Purnima
DELHI,2020-05-25,Eid al-Fitr
DELHI,2020-08-01,Eid al-Adha
DELHI,2020-08-12,Janmashtami (Vaishnava)
DELHI,2020-08-15,Independence Day
DELHI,2020-08-30,Ashura
DELHI,2020-10-02,Mahatma Gandhi's Birthday
DELHI,2020-10-25,Dussehra
DELHI,2020-10-30,Prophet's Birthday
DELHI,2020-11-14,Diwali (Deepavali)
DELHI,2020-11-30,Guru Nanak's Birthday
DELHI,2020-12-25,Christmas
ERNAKULAM,2006-01-11,Eid al-Adha
ERNAKULAM,2006-01-26,Republic Day
ERNAKULAM,2006-02-09,Ashura
ERNAKULAM,2006-02-26,Maha Shivaratri
ERNAKULAM,2006-03-15,Holi
ERNAKULAM,2006-04-06,Ram Navami
ERNAKULAM,2006-04-11,Mahavira's Birthday; Prophet's Birthday
ERNAKULAM,2006-04-14,Dr. B. R. Ambedkar's Birthday; Good Friday
ERNAKULAM,2006-05-13,Buddha Purnima
ERNAKULAM,2006-08-15,Independence Day
ERNAKULAM,2006-08-16,Janmashtami (Vaishnava)
ERNAKULAM,2006-09-05,Onam
ERNAKULAM,2006-10-02,Dussehra; Mahatma Gandhi's Birthday
ERNAKULAM,2006-10-21,Diwali (Deepavali)
ERNAKULAM,2006-10-25,Eid al-Fitr
ERNAKULAM,2006-11-01,Kerala Foundation Day
ERNAKULAM,2006-11-05,Guru Nanak's Birthday
ERNAKULAM,2006-12-25,Christmas
ERNAKULAM,2007-01-01,Eid al-Adha
ERNAKULAM,2007-01-26,Republic Day
ERNAKULAM,2007-01-30,Ashura
ERNAKULAM,2007-02-16,Maha Shivaratri
ERNAKULAM,2007-03-04,Holi
ERNAKULAM,2007-03-26,Ram Navami
ERNAKULAM,2007-03-31,Mahavira's Birthday
ERNAKULAM,2007-04-01,Prophet's Birthday
ERNAKULAM,2007-04-06,Good Friday
ERNAKULAM,2007-04-14,Dr. B. R. Ambedkar's Birthday
ERNAKULAM,2007-05-02,Buddha Purnima
ERNAKULAM,2007-08-15,Independence Day
ERNAKULAM,2007-08-26,Onam
ERNAKULAM,2007-09-04,Janmashtami (Vaishnava)
ERNAKULAM,2007-10-02,Mahatma Gandhi's Birthday
ERNAKULAM,2007-10-14,Eid al-Fitr
ERNAKULAM,2007-10-21,Dussehra
ERNAKULAM,2007-11-01,Kerala Foundation Day
ERNAKULAM,2007-11-09,Diwali (Deepavali)
ERNAKULAM,2007-11-24,Guru Nanak's Birthday
ERNAKULAM,2007-12-21,Eid al-Adha
ERNAKULAM,2007-12-25,Christmas
ERNAKULAM,2008-01-19,Ashura
ERNAKULAM,2008-01-26,Republic Day
ERNAKULAM,2008-03-06,Maha Shivaratri
ERNAKULAM,2008-03-21,Good Friday; Prophet's Birthday
ERNAKULAM,2008-03-22,Holi
ERNAKULAM,2008-04-14,Dr. B. R. Ambedkar's Birthday; Ram Navami
ERNAKULAM,2008-04-18,Mahavira's Birthday
ERNAKULAM,2008-05-20,Buddha Purnima
ERNAKULAM,2008-08-15,Independence Day
ERNAKULAM,2008-09-12,Onam
ERNAKULAM,2008-10-02,Eid al-Fitr; Mahatma Gandhi's Birthday
ERNAKULAM,2008-10-09,Dussehra
ERNAKULAM,2008-10-28,Diwali (Deepavali)
ERNAKULAM,2008-11-01,Kerala Foundation Day
ERNAKULAM,2008-11-13,Guru Nanak's Birthday
ERNAKULAM,2008-12-09,Eid al-Adha
ERNAKULAM,2008-12-25,Christmas
ERNAKULAM,2009-01-08,Ashura
ERNAKULAM,2009-01-26,Republic Day
ERNAKULAM,2009-03-10,Prophet's Birthday
ERNAKULAM,2009-03-11,Holi
ERNAKULAM,2009-04-03,Ram Navami
ERNAKULAM,2009-04-07,Mahavira's Birthday
ERNAKULAM,2009-04-10,Good Friday
ERNAKULAM,2009-04-14,Dr. B. R. Ambedkar's Birthday
ERNAKULAM,2009-05-08,Buddha Purnima
ERNAKULAM,2009-08-14,Janmashtami (Vaishnava)
ERNAKULAM,2009-08-15,Independence Day
ERNAKULAM,2009-09-02,Onam
ERNAKULAM,2009-09-21,Eid al-Fitr
ERNAKULAM,2009-09-28,Dussehra
ERNAKULAM,2009-10-02,Mahatma Gandhi's Birthday
ERNAKULAM,2009-10-17,Diwali (Deepavali)
ERNAKULAM,2009-11-01,Kerala Foundation Day
ERNAKULAM,2009-11-02,Guru Nanak's Birthday
ERNAKULAM,2009-11-28,Eid al-Adha
ERNAKULAM,2009-12-25,Christmas
ERNAKULAM,2009-12-28,Ashura
ERNAKULAM,2010-01-26,Republic Day
ERNAKULAM,2010-02-27,Prophet's Birthday
ERNAKULAM,2010-03-01,Holi
ERNAKULAM,2010-03-24,Ram Navami
ERNAKULAM,2010-04-02,Good Friday
ERNAKULAM,2010-04-14,Dr. B. R. Ambedkar's Birthday
ERNAKULAM,2010-04-28,Mahavira's Birthday
ERNAKULAM,2010-05-27,Buddha Purnima
ERNAKULAM,2010-08-15,Independence Day
ERNAKULAM,2010-08-23,Onam
ERNAKULAM,2010-09-02,Janmashtami (Vaishnava)
ERNAKULAM,2010-09-11,Eid al-Fitr
ERNAKULAM,2010-10-02,Mahatma Gandhi's Birthday
ERNAKULAM,2010-10-17,Dussehra
ERNAKULAM,2010-11-01,Kerala Foundation Day
ERNAKULAM,2010-11-05,Diwali (Deepavali)
ERNAKULAM,2010-11-17,Eid al-Adha
ERNAKULAM,2010-11-21,Guru Nanak's Birthday
ERNAKULAM,2010-12-17,Ashura
ERNAKULAM,2010-12-25,Christmas
ERNAKULAM,2011-01-26,Republic Day
ERNAKULAM,2011-02-16,Prophet's Birthday
ERNAKULAM,2011-03-02,Maha Shivaratri
ERNAKULAM,2011-04-12,Ram Navami
ERNAKULAM,2011-04-14,Dr. B. R. Ambedkar's Birthday
ERNAKULAM,2011-04-16,Mahavira's Birthday
ERNAKULAM,2011-04-22,Good Friday
ERNAKULAM,2011-05-17,Buddha Purnima
ERNAKULAM,2011-08-15,Independence Day
ERNAKULAM,2011-08-22,Janmashtami (Vaishnava)
ERNAKULAM,2011-08-31,Eid al-Fitr
ERNAKULAM,2011-09-09,Onam
ERNAKULAM,2011-10-02,Mahatma Gandhi's Birthday
ERNAKULAM,2011-10-06,Dussehra
ERNAKULAM,2011-10-26,Diwali (Deepavali)
ERNAKULAM,2011-11-01,Kerala Foundation Day
ERNAKULAM,2011-11-07,Eid al-Adha
ERNAKULAM,2011-11-10,Guru Nanak's Birthday
ERNAKULAM,2011-12-06,Ashura
ERNAKULAM,2011-12-25,Christmas
ERNAKULAM,2012-01-26,Republic Day
ERNAKULAM,2012-02-05,Prophet's Birthday
ERNAKULAM,2012-02-20,Maha Shivaratri
ERNAKULAM,2012-03-08,Holi
ERNAKULAM,2012-04-05,Mahavira's Birthday
ERNAKULAM,2012-04-06,Good Friday
ERNAKULAM,2012-04-14,Dr. B. R. Ambedkar's Birthday
ERNAKULAM,2012-05-06,Buddha Purnima
ERNAKULAM,2012-08-10,Janmashtami (Vaishnava)
ERNAKULAM,2012-08-15,Independence Day
ERNAKULAM,2012-08-20,Eid al-Fitr
ERNAKULAM,2012-08-29,Onam
ERNAKULAM,2012-10-02,Mahatma Gandhi's Birthday
ERNAKULAM,2012-10-24,Dussehra
ERNAKULAM,2012-10-27,Eid al-Adha
ERNAKULAM,2012-11-01,Kerala Foundation Day
ERNAKULAM,2012-11-13,Diwali (Deepavali)
ERNAKULAM,2012-11-25,Ashura
ERNAKULAM,2012-11-28,Guru Nanak's Birthday
ERNAKULAM,2012-12-25,Christmas
ERNAKULAM,2013-01-25,Prophet's Birthday
ERNAKULAM,2013-01-26,Republic Day
ERNAKULAM,2013-03-27,Holi
ERNAKULAM,2013-03-29,Good Friday
ERNAKULAM,2013-04-14,Dr. B. R. Ambedkar's Birthday
ERNAKULAM,2013-04-19,Ram Navami
ERNAKULAM,2013-04-24,Mahavira's Birthday
ERNAKULAM,2013-05-25,Buddha Purnima
ERNAKULAM,2013-08-09,Eid al-Fitr
ERNAKULAM,2013-08-15,Independence Day
ERNAKULAM,2013-08-20,Onam
ERNAKULAM,2013-08-28,Janmashtami (Vaishnava)
ERNAKULAM,2013-10-02,Mahatma Gandhi's Birthday
ERNAKULAM,2013-10-13,Dussehra
ERNAKULAM,2013-10-16,Eid al-Adha
ERNAKULAM,2013-11-01,Kerala Foundation Day
ERNAKULAM,2013-11-03,Diwali (Deepavali)
ERNAKULAM,2013-11-14,Ashura
ERNAKULAM,2013-11-17,Guru Nanak's Birthday
ERNAKULAM,2013-12-25,Christmas
ERNAKULAM,2014-01-14,Prophet's Birthday
ERNAKULAM,2014-01-26,Republic Day
ERNAKULAM,2014-03-17,Holi
ERNAKULAM,2014-04-08,Ram Navami
ERNAKULAM,2014-04-13,Mahavira's Birthday
ERNAKULAM,2014-04-14,Dr. B. R. Ambedkar's Birthday
ERNAKULAM,2014-04-18,Good Friday
ERNAKULAM,2014-05-14,Buddha Purnima
ERNAKULAM,2014-07-29,Eid al-Fitr
ERNAKULAM,2014-08-15,Independence Day
ERNAKULAM,2014-08-18,Janmashtami (Vaishnava)
ERNAKULAM,2014-09-06,Onam
ERNAKULAM,2014-10-02,Mahatma Gandhi's Birthday
ERNAKULAM,2014-10-03,Dussehra
ERNAKULAM,2014-10-06,Eid al-Adha
ERNAKULAM,2014-10-23,Diwali (Deepavali)
ERNAKULAM,2014-11-01,Kerala Foundation Day
ERNAKULAM,2014-11-04,Ashura
ERNAKULAM,2014-11-06,Guru Nanak's Birthday
ERNAKULAM,2014-12-25,Christmas
ERNAKULAM,2015-01-04,Prophet's Birthday
ERNAKULAM,2015-01-26,Republic Day
ERNAKULAM,2015-03-06,Holi
ERNAKULAM,2015-03-28,Ram Navami
ERNAKULAM,2015-04-02,Mahavira's Birthday
ERNAKULAM,2015-04-03,Good Friday
ERNAKULAM,2015-04-14,Dr. B. R. Ambedkar's Birthday
ERNAKULAM,2015-05-04,Buddha Purnima
ERNAKULAM,2015-07-18,Eid al-Fitr
ERNAKULAM,2015-08-15,Independence Day
ERNAKULAM,2015-08-28,Onam
ERNAKULAM,2015-09-05,Janmashtami (Vaishnava)
ERNAKULAM,2015-09-25,Eid al-Adha
ERNAKULAM,2015-10-02,Mahatma Gandhi's Birthday
ERNAKULAM,2015-10-22,Dussehra
ERNAKULAM,2015-10-24,Ashura
ERNAKULAM,2015-11-01,Kerala Foundation Day
ERNAKULAM,2015-11-11,Diwali (Deepavali)
ERNAKULAM,2015-11-25,Guru Nanak's Birthday
ERNAKULAM,2015-12-24,Prophet's Birthday
ERNAKULAM,2015-12-25,Christmas
ERNAKULAM,2016-01-26,Republic Day
ERNAKULAM,2016-03-24,Holi
ERNAKULAM,2016-03-25,Good Friday
ERNAKULAM,2016-04-14,Dr. B. R. Ambedkar's Birthday
ERNAKULAM,2016-04-15,Ram Navami
ERNAKULAM,2016-04-20,Mahavira's Birthday
ERNAKULAM,2016-05-21,Buddha Purnima
ERNAKULAM,2016-07-06,Eid al-Fitr
ERNAKULAM,2016-08-15,Independence Day
ERNAKULAM,2016-08-25,Janmashtami (Vaishnava)
ERNAKULAM,2016-09-12,Eid al-Adha
ERNAKULAM,2016-09-13,Onam
ERNAKULAM,2016-10-02,Mahatma Gandhi's Birthday
ERNAKULAM,2016-10-11,Dussehra
ERNAKULAM,2016-10-12,Ashura
ERNAKULAM,2016-10-30,Diwali (Deepavali)
ERNAKULAM,2016-11-01,Kerala Foundation Day
ERNAKULAM,2016-11-14,Guru Nanak's Birthday
ERNAKULAM,2016-12-13,Prophet's Birthday
ERNAKULAM,2016-12-25,Christmas
ERNAKULAM,2017-01-26,Republic Day
ERNAKULAM,2017-02-24,Maha Shivaratri
ERNAKULAM,2017-03-13,Holi
ERNAKULAM,2017-04-04,Ram Navami
ERNAKULAM,2017-04-09,Mahavira's Birthday
ERNAKULAM,2017-04-14,Dr. B. R. Ambedkar's Birthday; Good Friday
ERNAKULAM,2017-05-10,Buddha Purnima
ERNAKULAM,2017-06-26,Eid al-Fitr
ERNAKULAM,2017-08-15,Independence Day
ERNAKULAM,2017-09-02,Eid al-Adha
ERNAKULAM,2017-09-04,Onam
ERNAKULAM,2017-09-30,Dussehra
ERNAKULAM,2017-10-01,Ashura
ERNAKULAM,2017-10-02,Mahatma Gandhi's Birthday
ERNAKULAM,2017-10-19,Diwali (Deepavali)
ERNAKULAM,2017-11-01,Kerala Foundation Day
ERNAKULAM,2017-11-04,Guru Nanak's Birthday
ERNAKULAM,2017-12-02,Prophet's Birthday
ERNAKULAM,2017-12-25,Christmas
ERNAKULAM,2018-01-26,Republic Day
ERNAKULAM,2018-02-13,Maha Shivaratri
ERNAKULAM,2018-03-02,Holi
ERNAKULAM,2018-03-29,Mahavira's Birthday
ERNAKULAM,2018-03-30,Good Friday
ERNAKULAM,2018-04-14,Dr. B. R. Ambedkar's Birthday
ERNAKULAM,2018-04-30,Buddha Purnima
ERNAKULAM,2018-06-16,Eid al-Fitr
ERNAKULAM,2018-08-15,Independence Day
ERNAKULAM,2018-08-22,Eid al-Adha
ERNAKULAM,2018-08-24,Onam
ERNAKULAM,2018-09-03,Janmashtami (Vaishnava)
ERNAKULAM,2018-09-21,Ashura
ERNAKULAM,2018-10-02,Mahatma Gandhi's Birthday
ERNAKULAM,2018-10-19,Dussehra
ERNAKULAM,2018-11-01,Kerala Foundation Day
ERNAKULAM,2018-11-07,Diwali (Deepavali)
ERNAKULAM,2018-11-21,Prophet's Birthday
ERNAKULAM,2018-11-23,Guru Nanak's Birthday
ERNAKULAM,2018-12-25,Christmas
ERNAKULAM,2019-01-26,Republic Day
ERNAKULAM,2019-03-04,Maha Shivaratri
ERNAKULAM,2019-03-21,Holi
ERNAKULAM,2019-04-13,Ram Navami
ERNAKULAM,2019-04-14,Dr. B. R. Ambedkar's Birthday
ERNAKULAM,2019-04-17,Mahavira's Birthday
ERNAKULAM,2019-04-19,Good Friday
ERNAKULAM,2019-05-18,Buddha Purnima
ERNAKULAM,2019-06-05,Eid al-Fitr
ERNAKULAM,2019-08-12,Eid al-Adha
ERNAKULAM,2019-08-15,Independence Day
ERNAKULAM,2019-08-24,Janmashtami (Vaishnava)
ERNAKULAM,2019-09-10,Ashura
ERNAKULAM,2019-09-11,Onam
ERNAKULAM,2019-10-02,Mahatma Gandhi's Birthday
ERNAKULAM,2019-10-08,Dussehra
ERNAKULAM,2019-10-27,Diwali (Deepavali)
ERNAKULAM,2019-11-01,Kerala Foundation Day
ERNAKULAM,2019-11-10,Prophet's Birthday
ERNAKULAM,2019-11-12,Guru Nanak's Birthday
ERNAKULAM,2019-12-25,Christmas
ERNAKULAM,2020-01-26,Republic Day
ERNAKULAM,2020-03-10,Holi
ERNAKULAM,2020-04-02,Ram Navami
ERNAKULAM,2020-04-06,Mahavira's Birthday
ERNAKULAM,2020-04-10,Good Friday
ERNAKULAM,2020-04-14,Dr. B. R. Ambedkar's Birthday
ERNAKULAM,2020-05-07,Buddha Purnima
ERNAKULAM,2020-05-25,Eid al-Fitr
ERNAKULAM,2020-08-01,Eid al-Adha
ERNAKULAM,2020-08-12,Janmashtami (Vaishnava)
ERNAKULAM,2020-08-15,Independence Day
ERNAKULAM,2020-08-30,Ashura
ERNAKULAM,2020-08-31,Onam
ERNAKULAM,2020-10-02,Mahatma Gandhi's Birthday
ERNAKULAM,2020-10-25,Dussehra
ERNAKULAM,2020-10-30,Prophet's Birthday
ERNAKULAM,2020-11-01,Kerala Foundation Day
ERNAKULAM,2020-11-14,Diwali (Deepavali)
ERNAKULAM,2020-11-30,Guru Nanak's Birthday
ERNAKULAM,2020-12-25,Christmas
GOA,2006-01-11,Eid al-Adha
GOA,2006-01-26,Republic Day
GOA,2006-02-09,Ashura
GOA,2006-02-26,Maha Shivaratri
GOA,2006-03-15,Holi
GOA,2006-03-30,Gudi Padwa
GOA,2006-04-06,Ram Navami
GOA,2006-04-11,Mahavira's Birthday; Prophet's Birthday
GOA,2006-04-14,Dr. B. R. Ambedkar's Birthday; Good Friday
GOA,2006-05-13,Buddha Purnima
GOA,2006-08-15,Independence Day
GOA,2006-08-16,Janmashtami (Vaishnava)
GOA,2006-08-27,Ganesh Chaturthi
GOA,2006-08-28,Ganesh Chaturthi (Day 2)
GOA,2006-10-02,Dussehra; Mahatma Gandhi's Birthday
GOA,2006-10-21,Diwali (Deepavali)
GOA,2006-10-25,Eid al-Fitr
GOA,2006-11-05,Guru Nanak's Birthday
GOA,2006-12-03,Saint Francis Xavier's Day
GOA,2006-12-19,Goa Liberation Day
GOA,2006-12-25,Christmas
GOA,2007-01-01,Eid al-Adha
GOA,2007-01-26,Republic Day
GOA,2007-01-30,Ashura
GOA,2007-02-16,Maha Shivaratri
GOA,2007-03-04,Holi
GOA,2007-03-19,Gudi Padwa
GOA,2007-03-26,Ram Navami
GOA,2007-03-31,Mahavira's Birthday
GOA,2007-04-01,Prophet's Birthday
GOA,2007-04-06,Good Friday
GOA,2007-04-14,Dr. B. R. Ambedkar's Birthday
GOA,2007-05-02,Buddha Purnima
GOA,2007-08-15,Independence Day
GOA,2007-09-04,Janmashtami (Vaishnava)
GOA,2007-09-15,Ganesh Chaturthi
GOA,2007-09-16,Ganesh Chaturthi (Day 2)
GOA,2007-10-02,Mahatma Gandhi's Birthday
GOA,2007-10-14,Eid al-Fitr
GOA,2007-10-21,Dussehra
GOA,2007-11-09,Diwali (Deepavali)
GOA,2007-11-24,Guru Nanak's Birthday
GOA,2007-12-03,Saint Francis Xavier's Day
GOA,2007-12-19,Goa Liberation Day
GOA,2007-12-21,Eid al-Adha
GOA,2007-12-25,Christmas
GOA,2008-01-19,Ashura
GOA,2008-01-26,Republic Day
GOA,2008-03-06,Maha Shivaratri
GOA,2008-03-21,Good Friday; Prophet's Birthday
GOA,2008-03-22,Holi
GOA,2008-04-06,Gudi Padwa
GOA,2008-04-14,Dr. B. R. Ambedkar's Birthday; Ram Navami
GOA,2008-04-18,Mahavira's Birthday
GOA,2008-05-20,Buddha Purnima
GOA,2008-08-15,Independence Day
GOA,2008-09-03,Ganesh Chaturthi
GOA,2008-09-04,Ganesh Chaturthi (Day 2)
GOA,2008-10-02,Eid al-Fitr; Mahatma Gandhi's Birthday
GOA,2008-10-09,Dussehra
GOA,2008-10-28,Diwali (Deepavali)
GOA,2008-11-13,Guru Nanak's Birthday
GOA,2008-12-03,Saint Francis Xavier's Day
GOA,2008-12-09,Eid al-Adha
GOA,2008-12-19,Goa Liberation Day
GOA,2008-12-25,Christmas
GOA,2009-01-08,Ashura
GOA,2009-01-26,Republic Day
GOA,2009-03-10,Prophet's Birthday
GOA,2009-03-11,Holi
GOA,2009-03-27,Gudi Padwa
GOA,2009-04-03,Ram Navami
GOA,2009-04-07,Mahavira's Birthday
GOA,2009-04-10,Good Friday
GOA,2009-04-14,Dr. B. R. Ambedkar's Birthday
GOA,2009-05-08,Buddha Purnima
GOA,2009-08-14,Janmashtami (Vaishnava)
GOA,2009-08-15,Independence Day
GOA,2009-08-23,Ganesh Chaturthi
GOA,2009-08-24,Ganesh Chaturthi (Day 2)
GOA,2009-09-21,Eid al-Fitr
GOA,2009-09-28,Dussehra
GOA,2009-10-02,Mahatma Gandhi's Birthday
GOA,2009-10-17,Diwali (Deepavali)
GOA,2009-11-02,Guru Nanak's Birthday
GOA,2009-11-28,Eid al-Adha
GOA,2009-12-03,Saint Francis Xavier's Day
GOA,2009-12-19,Goa Liberation Day
GOA,2009-12-25,Christmas
GOA,2009-12-28,Ashura
GOA,2010-01-26,Republic Day
GOA,2010-02-27,Prophet's Birthday
GOA,2010-03-01,Holi
GOA,2010-03-16,Gudi Padwa
GOA,2010-03-24,Ram Navami
GOA,2010-04-02,Good Friday
GOA,2010-04-14,Dr. B. R. Ambedkar's Birthday
GOA,2010-04-28,Mahavira's Birthday
GOA,2010-05-27,Buddha Purnima
GOA,2010-08-15,Independence Day
GOA,2010-09-02,Janmashtami (Vaishnava)
GOA,2010-09-11,Eid al-Fitr; Ganesh Chaturthi
GOA,2010-09-12,Ganesh Chaturthi (Day 2)
GOA,2010-10-02,Mahatma Gandhi's Birthday
GOA,2010-10-17,Dussehra
GOA,2010-11-05,Diwali (Deepavali)
GOA,2010-11-17,Eid al-Adha
GOA,2010-11-21,Guru Nanak's Birthday
GOA,2010-12-03,Saint Francis Xavier's Day
GOA,2010-12-17,Ashura
GOA,2010-12-19,Goa Liberation Day
GOA,2010-12-25,Christmas
GOA,2011-01-26,Republic Day
GOA,2011-02-16,Prophet's Birthday
GOA,2011-03-02,Maha Shivaratri
GOA,2011-04-04,Gudi Padwa
GOA,2011-04-12,Ram Navami
GOA,2011-04-14,Dr. B. R. Ambedkar's Birthday
GOA,2011-04-16,Mahavira's Birthday
GOA,2011-04-22,Good Friday
GOA,2011-05-17,Buddha Purnima
GOA,2011-08-15,Independence Day
GOA,2011-08-22,Janmashtami (Vaishnava)
GOA,2011-08-31,Eid al-Fitr
GOA,2011-09-01,Ganesh Chaturthi
GOA,2011-09-02,Ganesh Chaturthi (Day 2)
GOA,2011-10-02,Mahatma Gandhi's Birthday
GOA,2011-10-06,Dussehra
GOA,2011-10-26,Diwali (Deepavali)
GOA,2011-11-07,Eid al-Adha
GOA,2011-11-10,Guru Nanak's Birthday
GOA,2011-12-03,Saint Francis Xavier's Day
GOA,2011-12-06,Ashura
GOA,2011-12-19,Goa Liberation Day
GOA,2011-12-25,Christmas
GOA,2012-01-26,Republic Day
GOA,2012-02-05,Prophet's Birthday
GOA,2012-02-20,Maha Shivaratri
GOA,2012-03-08,Holi
GOA,2012-03-23,Gudi Padwa
GOA,2012-04-05,Mahavira's Birthday
GOA,2012-04-06,Good Friday
GOA,2012-04-14,Dr. B. R. Ambedkar's Birthday
GOA,2012-05-06,Buddha Purnima
GOA,2012-08-10,Janmashtami (Vaishnava)
GOA,2012-08-15,Independence Day
GOA,2012-08-20,Eid al-Fitr
GOA,2012-09-19,Ganesh Chaturthi
GOA,2012-09-20,Ganesh Chaturthi (Day 2)
GOA,2012-10-02,Mahatma Gandhi's Birthday
GOA,2012-10-24,Dussehra
GOA,2012-10-27,Eid al-Adha
GOA,2012-11-13,Diwali (Deepavali)
GOA,2012-11-25,Ashura
GOA,2012-11-28,Guru Nanak's Birthday
GOA,2012-12-03,Saint Francis Xavier's Day
GOA,2012-12-19,Goa Liberation Day
GOA,2012-12-25,Christmas
GOA,2013-01-25,Prophet's Birthday
GOA,2013-01-26,Republic Day
GOA,2013-03-27,Holi
GOA,2013-03-29,Good Friday
GOA,2013-04-11,Gudi Padwa
GOA,2013-04-14,Dr. B. R. Ambedkar's Birthday
GOA,2013-04-19,Ram Navami
GOA,2013-04-24,Mahavira's Birthday
GOA,2013-05-25,Buddha Purnima
GOA,2013-08-09,Eid al-Fitr
GOA,2013-08-15,Independence Day
GOA,2013-08-28,Janmashtami (Vaishnava)
GOA,2013-09-09,Ganesh Chaturthi
GOA,2013-09-10,Ganesh Chaturthi (Day 2)
GOA,2013-10-02,Mahatma Gandhi's Birthday
GOA,2013-10-13,Dussehra
GOA,2013-10-16,Eid al-Adha
GOA,2013-11-03,Diwali (Deepavali)
GOA,2013-11-14,Ashura
GOA,2013-11-17,Guru Nanak's Birthday
GOA,2013-12-03,Saint Francis Xavier's Day
GOA,2013-12-19,Goa Liberation Day
GOA,2013-12-25,Christmas
GOA,2014-01-14,Prophet's Birthday
GOA,2014-01-26,Republic Day
GOA,2014-03-17,Holi
GOA,2014-03-31,Gudi Padwa
GOA,2014-04-08,Ram Navami
GOA,2014-04-13,Mahavira's Birthday
GOA,2014-04-14,Dr. B. R. Ambedkar's Birthday
GOA,2014-04-18,Good Friday
GOA,2014-05-14,Buddha Purnima
GOA,2014-07-29,Eid al-Fitr
GOA,2014-08-15,Independence Day
GOA,2014-08-18,Janmashtami (Vaishnava)
GOA,2014-08-29,Ganesh Chaturthi
GOA,2014-08-30,Ganesh Chaturthi (Day 2)
GOA,2014-10-02,Mahatma Gandhi's Birthday
GOA,2014-10-03,Dussehra
GOA,2014-10-06,Eid al-Adha
GOA,2014-10-23,Diwali (Deepavali)
GOA,2014-11-04,Ashura
GOA,2014-11-06,Guru Nanak's Birthday
GOA,2014-12-03,Saint Francis Xavier's Day
GOA,2014-12-19,Goa Liberation Day
GOA,2014-12-25,Christmas
GOA,2015-01-04,Prophet's Birthday
GOA,2015-01-26,Republic Day
GOA,2015-03-06,Holi
GOA,2015-03-21,Gudi Padwa
GOA,2015-03-28,Ram Navami
GOA,2015-04-02,Mahavira's Birthday
GOA,2015-04-03,Good Friday
GOA,2015-04-14,Dr. B. R. Ambedkar's Birthday
GOA,2015-05-04,Buddha Purnima
GOA,2015-07-18,Eid al-Fitr
GOA,2015-08-15,Independence Day
GOA,2015-09-05,Janmashtami (Vaishnava)
GOA,2015-09-17,Ganesh Chaturthi
GOA,2015-09-18,Ganesh Chaturthi (Day 2)
GOA,2015-09-25,Eid al-Adha
GOA,2015-10-02,Mahatma Gandhi's Birthday
GOA,2015-10-22,Dussehra
GOA,2015-10-24,Ashura
GOA,2015-11-11,Diwali (Deepavali)
GOA,2015-11-25,Guru Nanak's Birthday
GOA,2015-12-03,Saint Francis Xavier's Day
GOA,2015-12-19,Goa Liberation Day
GOA,2015-12-24,Prophet's Birthday
GOA,2015-12-25,Christmas
GOA,2016-01-26,Republic Day
GOA,2016-03-24,Holi
GOA,2016-03-25,Good Friday
GOA,2016-04-08,Gudi Padwa
GOA,2016-04-14,Dr. B. R. Ambedkar's Birthday
GOA,2016-04-15,Ram Navami
GOA,2016-04-20,Mahavira's Birthday
GOA,2016-05-21,Buddha Purnima
GOA,2016-07-06,Eid al-Fitr
GOA,2016-08-15,Independence Day
GOA,2016-08-25,Janmashtami (Vaishnava)
GOA,2016-09-05,Ganesh Chaturthi
GOA,2016-09-06,Ganesh Chaturthi (Day 2)
GOA,2016-09-12,Eid al-Adha
GOA,2016-10-02,Mahatma Gandhi's Birthday
GOA,2016-10-11,Dussehra
GOA,2016-10-12,Ashura
GOA,2016-10-30,Diwali (Deepavali)
GOA,2016-11-14,Guru Nanak's Birthday
GOA,2016-12-03,Saint Francis Xavier's Day
GOA,2016-12-13,Prophet's Birthday
GOA,2016-12-19,Goa Liberation Day
GOA,2016-12-25,Christmas
GOA,2017-01-26,Republic Day
GOA,2017-02-24,Maha Shivaratri
GOA,2017-03-13,Holi
GOA,2017-03-28,Gudi Padwa
GOA,2017-04-04,Ram Navami
GOA,2017-04-09,Mahavira's Birthday
GOA,2017-04-14,Dr. B. R. Ambedkar's Birthday; Good Friday
GOA,2017-05-10,Buddha Purnima
GOA,2017-06-26,Eid al-Fitr
GOA,2017-08-15,Independence Day
GOA,2017-08-25,Ganesh Chaturthi
GOA,2017-08-26,Ganesh Chaturthi (Day 2)
GOA,2017-09-02,Eid al-Adha
GOA,2017-09-30,Dussehra
GOA,2017-10-01,Ashura
GOA,2017-10-02,Mahatma Gandhi's Birthday
GOA,2017-10-19,Diwali (Deepavali)
GOA,2017-11-04,Guru Nanak's Birthday
GOA,2017-12-02,Prophet's Birthday
GOA,2017-12-03,Saint Francis Xavier's Day
GOA,2017-12-19,Goa Liberation Day
GOA,2017-12-25,Christmas
GOA,2018-01-26,Republic Day
GOA,2018-02-13,Maha Shivaratri
GOA,2018-03-02,Holi
GOA,2018-03-18,Gudi Padwa
GOA,2018-03-29,Mahavira's Birthday
GOA,2018-03-30,Good Friday
GOA,2018-04-14,Dr. B. R. Ambedkar's Birthday
GOA,2018-04-30,Buddha Purnima
GOA,2018-06-16,Eid al-Fitr
GOA,2018-08-15,Independence Day
GOA,2018-08-22,Eid al-Adha
GOA,2018-09-03,Janmashtami (Vaishnava)
GOA,2018-09-13,Ganesh Chaturthi
GOA,2018-09-14,Ganesh Chaturthi (Day 2)
GOA,2018-09-21,Ashura
GOA,2018-10-02,Mahatma Gandhi's Birthday
GOA,2018-10-19,Dussehra
GOA,2018-11-07,Diwali (Deepavali)
GOA,2018-11-21,Prophet's Birthday
GOA,2018-11-23,Guru Nanak's Birthday
GOA,2018-12-03,Saint Francis Xavier's Day
GOA,2018-12-19,Goa Liberation Day
GOA,2018-12-25,Christmas
GOA,2019-01-26,Republic Day
GOA,2019-03-04,Maha Shivaratri
GOA,2019-03-21,Holi
GOA,2019-04-06,Gudi Padwa
GOA,2019-04-13,Ram Navami
GOA,2019-04-14,Dr. B. R. Ambedkar's Birthday
GOA,2019-04-17,Mahavira's Birthday
GOA,2019-04-19,Good Friday
GOA,2019-05-18,Buddha Purnima
GOA,2019-06-05,Eid al-Fitr
GOA,2019-08-12,Eid al-Adha
GOA,2019-08-15,Independence Day
GOA,2019-08-24,Janmashtami (Vaishnava)
GOA,2019-09-02,Ganesh Chaturthi
GOA,2019-09-03,Ganesh Chaturthi (Day 2)
GOA,2019-09-10,Ashura
GOA,2019-10-02,Mahatma Gandhi's Birthday
GOA,2019-10-08,Dussehra
GOA,2019-10-27,Diwali (Deepavali)
GOA,2019-11-10,Prophet's Birthday
GOA,2019-11-12,Guru Nanak's Birthday
GOA,2019-12-03,Saint Francis Xavier's Day
GOA,2019-12-19,Goa Liberation Day
GOA,2019-12-25,Christmas
GOA,2020-01-26,Republic Day
GOA,2020-03-10,Holi
GOA,2020-03-25,Gudi Padwa
GOA,2020-04-02,Ram Navami
GOA,2020-04-06,Mahavira's Birthday
GOA,2020-04-10,Good Friday
GOA,2020-04-14,Dr. B. R. Ambedkar's Birthday
GOA,2020-05-07,Buddha Purnima
GOA,2020-05-25,Eid al-Fitr
GOA,2020-08-01,Eid al-Adha
GOA,2020-08-12,Janmashtami (Vaishnava)
GOA,2020-08-15,Independence Day
GOA,2020-08-22,Ganesh Chaturthi
GOA,2020-08-23,Ganesh Chaturthi (Day 2)
GOA,2020-08-30,Ashura
GOA,2020-10-02,Mahatma Gandhi's Birthday
GOA,2020-10-25,Dussehra
GOA,2020-10-30,Prophet's Birthday
GOA,2020-11-14,Diwali (Deepavali)
GOA,2020-11-30,Guru Nanak's Birthday
GOA,2020-12-03,Saint Francis Xavier's Day
GOA,2020-12-19,Goa Liberation Day
GOA,2020-12-25,Christmas
GWALIOR,2006-01-11,Eid al-Adha
GWALIOR,2006-01-26,Republic Day
GWALIOR,2006-02-09,Ashura
GWALIOR,2006-02-26,Maha Shivaratri
GWALIOR,2006-03-15,Holi
GWALIOR,2006-03-20,Veerangana Avantibai's Martyrdom Day
GWALIOR,2006-04-06,Ram Navami
GWALIOR,2006-04-11,Mahavira's Birthday; Prophet's Birthday
GWALIOR,2006-04-14,Dr. B. R. Ambedkar's Birthday; Good Friday
GWALIOR,2006-05-13,Buddha Purnima
GWALIOR,2006-08-09,Raksha Bandhan
GWALIOR,2006-08-15,Independence Day
GWALIOR,2006-08-16,Janmashtami (Vaishnava)
GWALIOR,2006-10-02,Dussehra; Mahatma Gandhi's Birthday
GWALIOR,2006-10-21,Diwali (Deepavali)
GWALIOR,2006-10-22,Govardhan Puja
GWALIOR,2006-10-25,Eid al-Fitr
GWALIOR,2006-11-05,Guru Nanak's Birthday
GWALIOR,2006-12-25,Christmas
GWALIOR,2007-01-01,Eid al-Adha
GWALIOR,2007-01-26,Republic Day
GWALIOR,2007-01-30,Ashura
GWALIOR,2007-02-16,Maha Shivaratri
GWALIOR,2007-03-04,Holi
GWALIOR,2007-03-20,Veerangana Avantibai's Martyrdom Day
GWALIOR,2007-03-26,Ram Navami
GWALIOR,2007-03-31,Mahavira's Birthday
GWALIOR,2007-04-01,Prophet's Birthday
GWALIOR,2007-04-06,Good Friday
GWALIOR,2007-04-14,Dr. B. R. Ambedkar's Birthday
GWALIOR,2007-05-02,Buddha Purnima
GWALIOR,2007-08-15,Independence Day
GWALIOR,2007-08-28,Raksha Bandhan
GWALIOR,2007-09-04,Janmashtami (Vaishnava)
GWALIOR,2007-10-02,Mahatma Gandhi's Birthday
GWALIOR,2007-10-14,Eid al-Fitr
GWALIOR,2007-10-21,Dussehra
GWALIOR,2007-11-09,Diwali (Deepavali)
GWALIOR,2007-11-10,Govardhan Puja
GWALIOR,2007-11-24,Guru Nanak's Birthday
GWALIOR,2007-12-21,Eid al-Adha
GWALIOR,2007-12-25,Christmas
GWALIOR,2008-01-19,Ashura
GWALIOR,2008-01-26,Republic Day
GWALIOR,2008-03-06,Maha Shivaratri
GWALIOR,2008-03-20,Veerangana Avantibai's Martyrdom Day
GWALIOR,2008-03-21,Good Friday; Prophet's Birthday
GWALIOR,2008-03-22,Holi
GWALIOR,2008-04-14,Dr. B. R. Ambedkar's Birthday; Ram Navami
GWALIOR,2008-04-18,Mahavira's Birthday
GWALIOR,2008-05-20,Buddha Purnima
GWALIOR,2008-08-15,Independence Day
GWALIOR,2008-08-16,Raksha Bandhan
GWALIOR,2008-10-02,Eid al-Fitr; Mahatma Gandhi's Birthday
GWALIOR,2008-10-09,Dussehra
GWALIOR,2008-10-28,Diwali (Deepavali)
GWALIOR,2008-10-29,Govardhan Puja
GWALIOR,2008-11-13,Guru Nanak's Birthday
GWALIOR,2008-12-09,Eid al-Adha
GWALIOR,2008-12-25,Christmas
GWALIOR,2009-01-08,Ashura
GWALIOR,2009-01-26,Republic Day
GWALIOR,2009-03-10,Prophet's Birthday
GWALIOR,2009-03-11,Holi
GWALIOR,2009-03-20,Veerangana Avantibai's Martyrdom Day
GWALIOR,2009-04-03,Ram Navami
GWALIOR,2009-04-07,Mahavira's Birthday
GWALIOR,2009-04-10,Good Friday
GWALIOR,2009-04-14,Dr. B. R. Ambedkar's Birthday
GWALIOR,2009-05-08,Buddha Purnima
GWALIOR,2009-08-05,Raksha Bandhan
GWALIOR,2009-08-14,Janmashtami (Vaishnava)
GWALIOR,2009-08-15,Independence Day
GWALIOR,2009-09-21,Eid al-Fitr
GWALIOR,2009-09-28,Dussehra
GWALIOR,2009-10-02,Mahatma Gandhi's Birthday
GWALIOR,2009-10-17,Diwali (Deepavali)
GWALIOR,2009-10-18,Govardhan Puja
GWALIOR,2009-11-02,Guru Nanak's Birthday
GWALIOR,2009-11-28,Eid al-Adha
GWALIOR,2009-12-25,Christmas
GWALIOR,2009-12-28,Ashura
GWALIOR,2010-01-26,Republic Day
GWALIOR,2010-02-27,Prophet's Birthday
GWALIOR,2010-03-01,Holi
GWALIOR,2010-03-20,Veerangana Avantibai's Martyrdom Day
GWALIOR,2010-03-24,Ram Navami
GWALIOR,2010-04-02,Good Friday
GWALIOR,2010-04-14,Dr. B. R. Ambedkar's Birthday
GWALIOR,2010-04-28,Mahavira's Birthday
GWALIOR,2010-05-27,Buddha Purnima
GWALIOR,2010-08-15,Independence Day
GWALIOR,2010-08-24,Raksha Bandhan
GWALIOR,2010-09-02,Janmashtami (Vaishnava)
GWALIOR,2010-09-11,Eid al-Fitr
GWALIOR,2010-10-02,Mahatma Gandhi's Birthday
GWALIOR,2010-10-17,Dussehra
GWALIOR,2010-11-05,Diwali (Deepavali)
GWALIOR,2010-11-06,Govardhan Puja
GWALIOR,2010-11-17,Eid al-Adha
GWALIOR,2010-11-21,Guru Nanak's Birthday
GWALIOR,2010-12-17,Ashura
GWALIOR,2010-12-25,Christmas
GWALIOR,2011-01-26,Republic Day
GWALIOR,2011-02-16,Prophet's Birthday
GWALIOR,2011-03-02,Maha Shivaratri
GWALIOR,2011-03-20,Veerangana Avantibai's Martyrdom Day
GWALIOR,2011-04-12,Ram Navami
GWALIOR,2011-04-14,Dr. B. R. Ambedkar's Birthday
GWALIOR,2011-04-16,Mahavira's Birthday
GWALIOR,2011-04-22,Good Friday
GWALIOR,2011-05-17,Buddha Purnima
GWALIOR,2011-08-13,Raksha Bandhan
GWALIOR,2011-08-15,Independence Day
GWALIOR,2011-08-22,Janmashtami (Vaishnava)
GWALIOR,2011-08-31,Eid al-Fitr
GWALIOR,2011-10-02,Mahatma Gandhi's Birthday
GWALIOR,2011-10-06,Dussehra
GWALIOR,2011-10-26,Diwali (Deepavali)
GWALIOR,2011-10-27,Govardhan Puja
GWALIOR,2011-11-07,Eid al-Adha
GWALIOR,2011-11-10,Guru Nanak's Birthday
GWALIOR,2011-12-06,Ashura
GWALIOR,2011-12-25,Christmas
GWALIOR,2012-01-26,Republic Day
GWALIOR,2012-02-05,Prophet's Birthday
GWALIOR,2012-02-20,Maha Shivaratri
GWALIOR,2012-03-08,Holi
GWALIOR,2012-03-20,Veerangana Avantibai's Martyrdom Day
GWALIOR,2012-04-05,Mahavira's Birthday
GWALIOR,2012-04-06,Good Friday
GWALIOR,2012-04-14,Dr. B. R. Ambedkar's Birthday
GWALIOR,2012-05-06,Buddha Purnima
GWALIOR,2012-08-02,Raksha Bandhan
GWALIOR,2012-08-10,Janmashtami (Vaishnava)
GWALIOR,2012-08-15,Independence Day
GWALIOR,2012-08-20,Eid al-Fitr
GWALIOR,2012-10-02,Mahatma Gandhi's Birthday
GWALIOR,2012-10-24,Dussehra
GWALIOR,2012-10-27,Eid al-Adha
GWALIOR,2012-11-13,Diwali (Deepavali)
GWALIOR,2012-11-14,Govardhan Puja
GWALIOR,2012-11-25,Ashura
GWALIOR,2012-11-28,Guru Nanak's Birthday
GWALIOR,2012-12-25,Christmas
GWALIOR,2013-01-25,Prophet's Birthday
GWALIOR,2013-01-26,Republic Day
GWALIOR,2013-03-20,Veerangana Avantibai's Martyrdom Day
GWALIOR,2013-03-27,Holi
GWALIOR,2013-03-29,Good Friday
GWALIOR,2013-04-14,Dr. B. R. Ambedkar's Birthday
GWALIOR,2013-04-19,Ram Navami
GWALIOR,2013-04-24,Mahavira's Birthday
GWALIOR,2013-05-25,Buddha Purnima
GWALIOR,2013-08-09,Eid al-Fitr
GWALIOR,2013-08-15,Independence Day
GWALIOR,2013-08-20,Raksha Bandhan
GWALIOR,2013-08-28,Janmashtami (Vaishnava)
GWALIOR,2013-10-02,Mahatma Gandhi's Birthday
GWALIOR,2013-10-13,Dussehra
GWALIOR,2013-10-16,Eid al-Adha
GWALIOR,2013-11-03,Diwali (Deepavali)
GWALIOR,2013-11-04,Govardhan Puja
GWALIOR,2013-11-14,Ashura
GWALIOR,2013-11-17,Guru Nanak's Birthday
GWALIOR,2013-12-25,Christmas
GWALIOR,2014-01-14,Prophet's Birthday
GWALIOR,2014-01-26,Republic Day
GWALIOR,2014-03-17,Holi
GWALIOR,2014-03-20,Veerangana Avantibai's Martyrdom Day
GWALIOR,2014-04-08,Ram Navami
GWALIOR,2014-04-13,Mahavira's Birthday
GWALIOR,2014-04-14,Dr. B. R. Ambedkar's Birthday
GWALIOR,2014-04-18,Good Friday
GWALIOR,2014-05-14,Buddha Purnima
GWALIOR,2014-07-29,Eid al-Fitr
GWALIOR,2014-08-10,Raksha Bandhan
GWALIOR,2014-08-15,Independence Day
GWALIOR,2014-08-18,Janmashtami (Vaishnava)
GWALIOR,2014-10-02,Mahatma Gandhi's Birthday
GWALIOR,2014-10-03,Dussehra
GWALIOR,2014-10-06,Eid al-Adha
GWALIOR,2014-10-23,Diwali (Deepavali)
GWALIOR,2014-10-24,Govardhan Puja
GWALIOR,2014-11-04,Ashura
GWALIOR,2014-11-06,Guru Nanak's Birthday
GWALIOR,2014-12-25,Christmas
GWALIOR,2015-01-04,Prophet's Birthday
GWALIOR,2015-01-26,Republic Day
GWALIOR,2015-03-06,Holi
GWALIOR,2015-03-20,Veerangana Avantibai's Martyrdom Day
GWALIOR,2015-03-28,Ram Navami
GWALIOR,2015-04-02,Mahavira's Birthday
GWALIOR,2015-04-03,Good Friday
GWALIOR,2015-04-14,Dr. B. R. Ambedkar's Birthday
GWALIOR,2015-05-04,Buddha Purnima
GWALIOR,2015-07-18,Eid al-Fitr
GWALIOR,2015-08-15,Independence Day
GWALIOR,2015-08-29,Raksha Bandhan
GWALIOR,2015-09-05,Janmashtami (Vaishnava)
GWALIOR,2015-09-25,Eid al-Adha
GWALIOR,2015-10-02,Mahatma Gandhi's Birthday
GWALIOR,2015-10-22,Dussehra
GWALIOR,2015-10-24,Ashura
GWALIOR,2015-11-11,Diwali (Deepavali)
GWALIOR,2015-11-12,Govardhan Puja
GWALIOR,2015-11-25,Guru Nanak's Birthday
GWALIOR,2015-12-24,Prophet's Birthday
GWALIOR,2015-12-25,Christmas
GWALIOR,2016-01-26,Republic Day
GWALIOR,2016-03-20,Veerangana Avantibai's Martyrdom Day
GWALIOR,2016-03-24,Holi
GWALIOR,2016-03-25,Good Friday
GWALIOR,2016-04-14,Dr. B. R. Ambedkar's Birthday
GWALIOR,2016-04-15,Ram Navami
GWALIOR,2016-04-20,Mahavira's Birthday
GWALIOR,2016-05-21,Buddha Purnima
GWALIOR,2016-07-06,Eid al-Fitr
GWALIOR,2016-08-15,Independence Day
GWALIOR,2016-08-18,Raksha Bandhan
GWALIOR,2016-08-25,Janmashtami (Vaishnava)
GWALIOR,2016-09-12,Eid al-Adha
GWALIOR,2016-10-02,Mahatma Gandhi's Birthday
GWALIOR,2016-10-11,Dussehra
GWALIOR,2016-10-12,Ashura
GWALIOR,2016-10-30,Diwali (Deepavali)
GWALIOR,2016-10-31,Govardhan Puja
GWALIOR,2016-11-14,Guru Nanak's Birthday
GWALIOR,2016-12-13,Prophet's Birthday
GWALIOR,2016-12-25,Christmas
GWALIOR,2017-01-26,Republic Day
GWALIOR,2017-02-24,Maha Shivaratri
GWALIOR,2017-03-13,Holi
GWALIOR,2017-03-20,Veerangana Avantibai's Martyrdom Day
GWALIOR,2017-04-04,Ram Navami
GWALIOR,2017-04-09,Mahavira's Birthday
GWALIOR,2017-04-14,Dr. B. R. Ambedkar's Birthday; Good Friday
GWALIOR,2017-05-10,Buddha Purnima
GWALIOR,2017-06-26,Eid al-Fitr
GWALIOR,2017-08-07,Raksha Bandhan
GWALIOR,2017-08-15,Independence Day
GWALIOR,2017-09-02,Eid al-Adha
GWALIOR,2017-09-30,Dussehra
GWALIOR,2017-10-01,Ashura
GWALIOR,2017-10-02,Mahatma Gandhi's Birthday
GWALIOR,2017-10-19,Diwali (Deepavali)
GWALIOR,2017-10-20,Govardhan Puja
GWALIOR,2017-11-04,Guru Nanak's Birthday
GWALIOR,2017-12-02,Prophet's Birthday
GWALIOR,2017-12-25,Christmas
GWALIOR,2018-01-26,Republic Day
GWALIOR,2018-02-13,Maha Shivaratri
GWALIOR,2018-03-02,Holi
GWALIOR,2018-03-20,Veerangana Avantibai's Martyrdom Day
GWALIOR,2018-03-29,Mahavira's Birthday
GWALIOR,2018-03-30,Good Friday
GWALIOR,2018-04-14,Dr. B. R. Ambedkar's Birthday
GWALIOR,2018-04-30,Buddha Purnima
GWALIOR,2018-06-16,Eid al-Fitr
GWALIOR,2018-08-15,Independence Day
GWALIOR,2018-08-22,Eid al-Adha
GWALIOR,2018-08-26,Raksha Bandhan
GWALIOR,2018-09-03,Janmashtami (Vaishnava)
GWALIOR,2018-09-21,Ashura
GWALIOR,2018-10-02,Mahatma Gandhi's Birthday
GWALIOR,2018-10-19,Dussehra
GWALIOR,2018-11-07,Diwali (Deepavali)
GWALIOR,2018-11-08,Govardhan Puja
GWALIOR,2018-11-21,Prophet's Birthday
GWALIOR,2018-11-23,Guru Nanak's Birthday
GWALIOR,2018-12-25,Christmas
GWALIOR,2019-01-26,Republic Day
GWALIOR,2019-03-04,Maha Shivaratri
GWALIOR,2019-03-20,Veerangana Avantibai's Martyrdom Day
GWALIOR,2019-03-21,Holi
GWALIOR,2019-04-13,Ram Navami
GWALIOR,2019-04-14,Dr. B. R. Ambedkar's Birthday
GWALIOR,2019-04-17,Mahavira's Birthday
GWALIOR,2019-04-19,Good Friday
GWALIOR,2019-05-18,Buddha Purnima
GWALIOR,2019-06-05,Eid al-Fitr
GWALIOR,2019-08-12,Eid al-Adha
GWALIOR,2019-08-15,Independence Day; Raksha Bandhan
GWALIOR,2019-08-24,Janmashtami (Vaishnava)
GWALIOR,2019-09-10,Ashura
GWALIOR,2019-10-02,Mahatma Gandhi's Birthday
GWALIOR,2019-10-08,Dussehra
GWALIOR,2019-10-27,Diwali (Deepavali)
GWALIOR,2019-10-28,Govardhan Puja
GWALIOR,2019-11-10,Prophet's Birthday
GWALIOR,2019-11-12,Guru Nanak's Birthday
GWALIOR,2019-12-25,Christmas
GWALIOR,2020-01-26,Republic Day
GWALIOR,2020-03-10,Holi
GWALIOR,2020-03-20,Veerangana Avantibai's Martyrdom Day
GWALIOR,2020-04-02,Ram Navami
GWALIOR,2020-04-06,Mahavira's Birthday
GWALIOR,2020-04-10,Good Friday
GWALIOR,2020-04-14,Dr. B. R. Ambedkar's Birthday
GWALIOR,2020-05-07,Buddha Purnima
GWALIOR,2020-05-25,Eid al-Fitr
GWALIOR,2020-08-01,Eid al-Adha
GWALIOR,2020-08-03,Raksha Bandhan
GWALIOR,2020-08-12,Janmashtami (Vaishnava)
GWALIOR,2020-08-15,Independence Day
GWALIOR,2020-08-30,Ashura
GWALIOR,2020-10-02,Mahatma Gandhi's Birthday
GWALIOR,2020-10-25,Dussehra
GWALIOR,2020-10-30,Prophet's Birthday
GWALIOR,2020-11-14,Diwali (Deepavali)
GWALIOR,2020-11-15,Govardhan Puja
GWALIOR,2020-11-30,Guru Nanak's Birthday
GWALIOR,2020-12-25,Christmas
HP,2006-01-11,Eid al-Adha
HP,2006-01-25,Statehood Day
HP,2006-01-26,Republic Day
HP,2006-02-09,Ashura
HP,2006-02-13,Guru Ravi Das's Birthday
HP,2006-02-26,Maha Shivaratri
HP,2006-03-15,Holi
HP,2006-04-06,Ram Navami
HP,2006-04-11,Mahavira's Birthday; Prophet's Birthday
HP,2006-04-14,Dr. B. R. Ambedkar's Birthday; Good Friday
HP,2006-04-15,Himachal Day
HP,2006-04-30,Lord Shri Parshuram's Birthday
HP,2006-05-13,Buddha Purnima
HP,2006-05-30,Maharana Pratap's Birthday
HP,2006-06-11,Sant Kabir's Birthday
HP,2006-08-15,Independence Day
HP,2006-08-16,Janmashtami (Vaishnava)
HP,2006-10-02,Dussehra; Mahatma Gandhi's Birthday
HP,2006-10-07,Maharishi Valmiki's Birthday
HP,2006-10-21,Diwali (Deepavali)
HP,2006-10-25,Eid al-Fitr
HP,2006-11-05,Guru Nanak's Birthday
HP,2006-12-25,Christmas
HP,2007-01-01,Eid al-Adha
HP,2007-01-25,Statehood Day
HP,2007-01-26,Republic Day
HP,2007-01-30,Ashura
HP,2007-02-02,Guru Ravi Das's Birthday
HP,2007-02-16,Maha Shivaratri
HP,2007-03-04,Holi
HP,2007-03-26,Ram Navami
HP,2007-03-31,Mahavira's Birthday
HP,2007-04-01,Prophet's Birthday
HP,2007-04-06,Good Friday
HP,2007-04-14,Dr. B. R. Ambedkar's Birthday
HP,2007-04-15,Himachal Day
HP,2007-04-19,Lord Shri Parshuram's Birthday
HP,2007-05-02,Buddha Purnima
HP,2007-06-17,Maharana Pratap's Birthday
HP,2007-06-30,Sant Kabir's Birthday
HP,2007-08-15,Independence Day
HP,2007-09-04,Janmashtami (Vaishnava)
HP,2007-10-02,Mahatma Gandhi's Birthday
HP,2007-10-14,Eid al-Fitr
HP,2007-10-21,Dussehra
HP,2007-10-26,Maharishi Valmiki's Birthday
HP,2007-11-09,Diwali (Deepavali)
HP,2007-11-24,Guru Nanak's Birthday
HP,2007-12-21,Eid al-Adha
HP,2007-12-25,Christmas
HP,2008-01-19,Ashura
HP,2008-01-25,Statehood Day
HP,2008-01-26,Republic Day
HP,2008-02-21,Guru Ravi Das's Birthday
HP,2008-03-06,Maha Shivaratri
HP,2008-03-21,Good Friday; Prophet's Birthday
HP,2008-03-22,Holi
HP,2008-04-14,Dr. B. R. Ambedkar's Birthday; Ram Navami
HP,2008-04-15,Himachal Day
HP,2008-04-18,Mahavira's Birthday
HP,2008-05-07,Lord Shri Parshuram's Birthday
HP,2008-05-20,Buddha Purnima
HP,2008-06-06,Maharana Pratap's Birthday
HP,2008-06-18,Sant Kabir's Birthday
HP,2008-08-15,Independence Day
HP,2008-10-02,Eid al-Fitr; Mahatma Gandhi's Birthday
HP,2008-10-09,Dussehra
HP,2008-10-14,Maharishi Valmiki's Birthday
HP,2008-10-28,Diwali (Deepavali)
HP,2008-11-13,Guru Nanak's Birthday
HP,2008-12-09,Eid al-Adha
HP,2008-12-25,Christmas
HP,2009-01-08,Ashura
HP,2009-01-25,Statehood Day
HP,2009-01-26,Republic Day
HP,2009-02-09,Guru Ravi Das's Birthday
HP,2009-03-10,Prophet's Birthday
HP,2009-03-11,Holi
HP,2009-04-03,Ram Navami
HP,2009-04-07,Mahavira's Birthday
HP,2009-04-10,Good Friday
HP,2009-04-14,Dr. B. R. Ambedkar's Birthday
HP,2009-04-15,Himachal Day
HP,2009-04-27,Lord Shri Parshuram's Birthday
HP,2009-05-08,Buddha Purnima
HP,2009-05-27,Maharana Pratap's Birthday
HP,2009-06-07,Sant Kabir's Birthday
HP,2009-08-14,Janmashtami (Vaishnava)
HP,2009-08-15,Independence Day
HP,2009-09-21,Eid al-Fitr
HP,2009-09-28,Dussehra
HP,2009-10-02,Mahatma Gandhi's Birthday
HP,2009-10-04,Maharishi Valmiki's Birthday
HP,2009-10-17,Diwali (Deepavali)
HP,2009-11-02,Guru Nanak's Birthday
HP,2009-11-28,Eid al-Adha
HP,2009-12-25,Christmas
HP,2009-12-28,Ashura
HP,2010-01-25,Statehood Day
HP,2010-01-26,Republic Day
HP,2010-01-30,Guru Ravi Das's Birthday
HP,2010-02-27,Prophet's Birthday
HP,2010-03-01,Holi
HP,2010-03-24,Ram Navami
HP,2010-04-02,Good Friday
HP,2010-04-14,Dr. B. R. Ambedkar's Birthday
HP,2010-04-15,Himachal Day
HP,2010-04-28,Mahavira's Birthday
HP,2010-05-16,Lord Shri Parshuram's Birthday
HP,2010-05-27,Buddha Purnima
HP,2010-06-15,Maharana Pratap's Birthday
HP,2010-06-26,Sant Kabir's Birthday
HP,2010-08-15,Independence Day
HP,2010-09-02,Janmashtami (Vaishnava)
HP,2010-09-11,Eid al-Fitr
HP,2010-10-02,Mahatma Gandhi's Birthday
HP,2010-10-17,Dussehra
HP,2010-10-22,Maharishi Valmiki's Birthday
HP,2010-11-05,Diwali (Deepavali)
HP,2010-11-17,Eid al-Adha
HP,2010-11-21,Guru Nanak's Birthday
HP,2010-12-17,Ashura
HP,2010-12-25,Christmas
HP,2011-01-25,Statehood Day
HP,2011-01-26,Republic Day
HP,2011-02-16,Prophet's Birthday
HP,2011-02-18,Guru Ravi Das's Birthday
HP,2011-03-02,Maha Shivaratri
HP,2011-04-12,Ram Navami
HP,2011-04-14,Dr. B. R. Ambedkar's Birthday
HP,2011-04-15,Himachal Day
HP,2011-04-16,Mahavira's Birthday
HP,2011-04-22,Good Friday
HP,2011-05-05,Lord Shri Parshuram's Birthday
HP,2011-05-17,Buddha Purnima
HP,2011-06-04,Maharana Pratap's Birthday
HP,2011-06-15,Sant Kabir's Birthday
HP,2011-08-15,Independence Day
HP,2011-08-22,Janmashtami (Vaishnava)
HP,2011-08-31,Eid al-Fitr
HP,2011-10-02,Mahatma Gandhi's Birthday
HP,2011-10-06,Dussehra
HP,2011-10-11,Maharishi Valmiki's Birthday
HP,2011-10-26,Diwali (Deepavali)
HP,2011-11-07,Eid al-Adha
HP,2011-11-10,Guru Nanak's Birthday
HP,2011-12-06,Ashura
HP,2011-12-25,Christmas
HP,2012-01-25,Statehood Day
HP,2012-01-26,Republic Day
HP,2012-02-05,Prophet's Birthday
HP,2012-02-07,Guru Ravi Das's Birthday
HP,2012-02-20,Maha Shivaratri
HP,2012-03-08,Holi
HP,2012-04-05,Mahavira's Birthday
HP,2012-04-06,Good Friday
HP,2012-04-14,Dr. B. R. Ambedkar's Birthday
HP,2012-04-15,Himachal Day
HP,2012-04-24,Lord Shri Parshuram's Birthday
HP,2012-05-06,Buddha Purnima
HP,2012-05-24,Maharana Pratap's Birthday
HP,2012-06-04,Sant Kabir's Birthday
HP,2012-08-10,Janmashtami (Vaishnava)
HP,2012-08-15,Independence Day
HP,2012-08-20,Eid al-Fitr
HP,2012-10-02,Mahatma Gandhi's Birthday
HP,2012-10-24,Dussehra
HP,2012-10-27,Eid al-Adha
HP,2012-10-29,Maharishi Valmiki's Birthday
HP,2012-11-13,Diwali (Deepavali)
HP,2012-11-25,Ashura
HP,2012-11-28,Guru Nanak's Birthday
HP,2012-12-25,Christmas
HP,2013-01-25,Prophet's Birthday; Statehood Day
HP,2013-01-26,Republic Day
HP,2013-02-25,Guru Ravi Das's Birthday
HP,2013-03-27,Holi
HP,2013-03-29,Good Friday
HP,2013-04-14,Dr. B. R. Ambedkar's Birthday
HP,2013-04-15,Himachal Day
HP,2013-04-19,Ram Navami
HP,2013-04-24,Mahavira's Birthday
HP,2013-05-12,Lord Shri Parshuram's Birthday
HP,2013-05-25,Buddha Purnima
HP,2013-06-11,Maharana Pratap's Birthday
HP,2013-06-23,Sant Kabir's Birthday
HP,2013-08-09,Eid al-Fitr
HP,2013-08-15,Independence Day
HP,2013-08-28,Janmashtami (Vaishnava)
HP,2013-10-02,Mahatma Gandhi's Birthday
HP,2013-10-13,Dussehra
HP,2013-10-16,Eid al-Adha
HP,2013-10-18,Maharishi Valmiki's Birthday
HP,2013-11-03,Diwali (Deepavali)
HP,2013-11-14,Ashura
HP,2013-11-17,Guru Nanak's Birthday
HP,2013-12-25,Christmas
HP,2014-01-14,Prophet's Birthday
HP,2014-01-25,Statehood Day
HP,2014-01-26,Republic Day
HP,2014-02-14,Guru Ravi Das's Birthday
HP,2014-03-17,Holi
HP,2014-04-08,Ram Navami
HP,2014-04-13,Mahavira's Birthday
HP,2014-04-14,Dr. B. R. Ambedkar's Birthday
HP,2014-04-15,Himachal Day
HP,2014-04-18,Good Friday
HP,2014-05-01,Lord Shri Parshuram's Birthday
HP,2014-05-14,Buddha Purnima
HP,2014-05-31,Maharana Pratap's Birthday
HP,2014-06-13,Sant Kabir's Birthday
HP,2014-07-29,Eid al-Fitr
HP,2014-08-15,Independence Day
HP,2014-08-18,Janmashtami (Vaishnava)
HP,2014-10-02,Mahatma Gandhi's Birthday
HP,2014-10-03,Dussehra
HP,2014-10-06,Eid al-Adha
HP,2014-10-08,Maharishi Valmiki's Birthday
HP,2014-10-23,Diwali (Deepavali)
HP,2014-11-04,Ashura
HP,2014-11-06,Guru Nanak's Birthday
HP,2014-12-25,Christmas
HP,2015-01-04,Prophet's Birthday
HP,2015-01-25,Statehood Day
HP,2015-01-26,Republic Day
HP,2015-02-03,Guru Ravi Das's Birthday
HP,2015-03-06,Holi
HP,2015-03-28,Ram Navami
HP,2015-04-02,Mahavira's Birthday
HP,2015-04-03,Good Friday
HP,2015-04-14,Dr. B. R. Ambedkar's Birthday
HP,2015-04-15,Himachal Day
HP,2015-04-20,Lord Shri Parshuram's Birthday
HP,2015-05-04,Buddha Purnima
HP,2015-05-20,Maharana Pratap's Birthday
HP,2015-06-02,Sant Kabir's Birthday
HP,2015-07-18,Eid al-Fitr
HP,2015-08-15,Independence Day
HP,2015-09-05,Janmashtami (Vaishnava)
HP,2015-09-25,Eid al-Adha
HP,2015-10-02,Mahatma Gandhi's Birthday
HP,2015-10-22,Dussehra
HP,2015-10-24,Ashura
HP,2015-10-27,Maharishi Valmiki's Birthday
HP,2015-11-11,Diwali (Deepavali)
HP,2015-11-25,Guru Nanak's Birthday
HP,2015-12-24,Prophet's Birthday
HP,2015-12-25,Christmas
HP,2016-01-25,Statehood Day
HP,2016-01-26,Republic Day
HP,2016-02-22,Guru Ravi Das's Birthday
HP,2016-03-24,Holi
HP,2016-03-25,Good Friday
HP,2016-04-14,Dr. B. R. Ambedkar's Birthday
HP,2016-04-15,Himachal Day; Ram Navami
HP,2016-04-20,Mahavira's Birthday
HP,2016-05-08,Lord Shri Parshuram's Birthday
HP,2016-05-21,Buddha Purnima
HP,2016-06-07,Maharana Pratap's Birthday
HP,2016-06-20,Sant Kabir's Birthday
HP,2016-07-06,Eid al-Fitr
HP,2016-08-15,Independence Day
HP,2016-08-25,Janmashtami (Vaishnava)
HP,2016-09-12,Eid al-Adha
HP,2016-10-02,Mahatma Gandhi's Birthday
HP,2016-10-11,Dussehra
HP,2016-10-12,Ashura
HP,2016-10-16,Maharishi Valmiki's Birthday
HP,2016-10-30,Diwali (Deepavali)
HP,2016-11-14,Guru Nanak's Birthday
HP,2016-12-13,Prophet's Birthday
HP,2016-12-25,Christmas
HP,2017-01-25,Statehood Day
HP,2017-01-26,Republic Day
HP,2017-02-10,Guru Ravi Das's Birthday
HP,2017-02-24,Maha Shivaratri
HP,2017-03-13,Holi
HP,2017-04-04,Ram Navami
HP,2017-04-09,Mahavira's Birthday
HP,2017-04-14,Dr. B. R. Ambedkar's Birthday; Good Friday
HP,2017-04-15,Himachal Day
HP,2017-04-28,Lord Shri Parshuram's Birthday
HP,2017-05-10,Buddha Purnima
HP,2017-05-28,Maharana Pratap's Birthday
HP,2017-06-09,Sant Kabir's Birthday
HP,2017-06-26,Eid al-Fitr
HP,2017-08-15,Independence Day
HP,2017-09-02,Eid al-Adha
HP,2017-09-30,Dussehra
HP,2017-10-01,Ashura
HP,2017-10-02,Mahatma Gandhi's Birthday
HP,2017-10-05,Maharishi Valmiki's Birthday
HP,2017-10-19,Diwali (Deepavali)
HP,2017-11-04,Guru Nanak's Birthday
HP,2017-12-02,Prophet's Birthday
HP,2017-12-25,Christmas
HP,2018-01-25,Statehood Day
HP,2018-01-26,Republic Day
HP,2018-01-31,Guru Ravi Das's Birthday
HP,2018-02-13,Maha Shivaratri
HP,2018-03-02,Holi
HP,2018-03-29,Mahavira's Birthday
HP,2018-03-30,Good Friday
HP,2018-04-14,Dr. B. R. Ambedkar's Birthday
HP,2018-04-15,Himachal Day
HP,2018-04-18,Lord Shri Parshuram's Birthday
HP,2018-04-30,Buddha Purnima
HP,2018-06-16,Eid al-Fitr; Maharana Pratap's Birthday
HP,2018-06-28,Sant Kabir's Birthday
HP,2018-08-15,Independence Day
HP,2018-08-22,Eid al-Adha
HP,2018-09-03,Janmashtami (Vaishnava)
HP,2018-09-21,Ashura
HP,2018-10-02,Mahatma Gandhi's Birthday
HP,2018-10-19,Dussehra
HP,2018-10-24,Maharishi Valmiki's Birthday
HP,2018-11-07,Diwali (Deepavali)
HP,2018-11-21,Prophet's Birthday
HP,2018-11-23,Guru Nanak's Birthday
HP,2018-12-25,Christmas
HP,2019-01-25,Statehood Day
HP,2019-01-26,Republic Day
HP,2019-02-19,Guru Ravi Das's Birthday
HP,2019-03-04,Maha Shivaratri
HP,2019-03-21,Holi
HP,2019-04-13,Ram Navami
HP,2019-04-14,Dr. B. R. Ambedkar's Birthday
HP,2019-04-15,Himachal Day
HP,2019-04-17,Mahavira's Birthday
HP,2019-04-19,Good Friday
HP,2019-05-07,Lord Shri Parshuram's Birthday
HP,2019-05-18,Buddha Purnima
HP,2019-06-05,Eid al-Fitr
HP,2019-06-06,Maharana Pratap's Birthday
HP,2019-06-17,Sant Kabir's Birthday
HP,2019-08-12,Eid al-Adha
HP,2019-08-15,Independence Day
HP,2019-08-24,Janmashtami (Vaishnava)
HP,2019-09-10,Ashura
HP,2019-10-02,Mahatma Gandhi's Birthday
HP,2019-10-08,Dussehra
HP,2019-10-13,Maharishi Valmiki's Birthday
HP,2019-10-27,Diwali (Deepavali)
HP,2019-11-10,Prophet's Birthday
HP,2019-11-12,Guru Nanak's Birthday
HP,2019-12-25,Christmas
HP,2020-01-25,Statehood Day
HP,2020-01-26,Republic Day
HP,2020-02-09,Guru Ravi Das's Birthday
HP,2020-03-10,Holi
HP,2020-04-02,Ram Navami
HP,2020-04-06,Mahavira's Birthday
HP,2020-04-10,Good Friday
HP,2020-04-14,Dr. B. R. Ambedkar's Birthday
HP,2020-04-15,Himachal Day
HP,2020-04-25,Lord Shri Parshuram's Birthday
HP,2020-05-07,Buddha Purnima
HP,2020-05-25,Eid al-Fitr; Maharana Pratap's Birthday
HP,2020-06-05,Sant Kabir's Birthday
HP,2020-08-01,Eid al-Adha
HP,2020-08-12,Janmashtami (Vaishnava)
HP,2020-08-15,Independence Day
HP,2020-08-30,Ashura
HP,2020-10-02,Mahatma Gandhi's Birthday
HP,2020-10-25,Dussehra
HP,2020-10-30,Prophet's Birthday
HP,2020-10-31,Maharishi Valmiki's Birthday
HP,2020-11-14,Diwali (Deepavali)
HP,2020-11-30,Guru Nanak's Birthday
HP,2020-12-25,Christmas
HYDERABAD,2006-01-11,Eid al-Adha
HYDERABAD,2006-01-26,Republic Day
HYDERABAD,2006-02-09,Ashura
HYDERABAD,2006-02-26,Maha Shivaratri
HYDERABAD,2006-03-15,Holi
HYDERABAD,2006-04-06,Ram Navami
HYDERABAD,2006-04-11,Mahavira's Birthday; Prophet's Birthday
HYDERABAD,2006-04-14,Dr. B. R. Ambedkar's Birthday; Good Friday
HYDERABAD,2006-05-13,Buddha Purnima
HYDERABAD,2006-08-15,Independence Day
HYDERABAD,2006-08-16,Janmashtami (Vaishnava)
HYDERABAD,2006-10-02,Dussehra; Mahatma Gandhi's Birthday
HYDERABAD,2006-10-21,Diwali (Deepavali)
HYDERABAD,2006-10-25,Eid al-Fitr
HYDERABAD,2006-11-05,Guru Nanak's Birthday
HYDERABAD,2006-12-25,Christmas
HYDERABAD,2007-01-01,Eid al-Adha
HYDERABAD,2007-01-26,Republic Day
HYDERABAD,2007-01-30,Ashura
HYDERABAD,2007-02-16,Maha Shivaratri
HYDERABAD,2007-03-04,Holi
HYDERABAD,2007-03-26,Ram Navami
HYDERABAD,2007-03-31,Mahavira's Birthday
HYDERABAD,2007-04-01,Prophet's Birthday
HYDERABAD,2007-04-06,Good Friday
HYDERABAD,2007-04-14,Dr. B. R. Ambedkar's Birthday
HYDERABAD,2007-05-02,Buddha Purnima
HYDERABAD,2007-08-15,Independence Day
HYDERABAD,2007-09-04,Janmashtami (Vaishnava)
HYDERABAD,2007-10-02,Mahatma Gandhi's Birthday
HYDERABAD,2007-10-14,Eid al-Fitr
HYDERABAD,2007-10-21,Dussehra
HYDERABAD,2007-11-09,Diwali (Deepavali)
HYDERABAD,2007-11-24,Guru Nanak's Birthday
HYDERABAD,2007-12-21,Eid al-Adha
HYDERABAD,2007-12-25,Christmas
HYDERABAD,2008-01-19,Ashura
HYDERABAD,2008-01-26,Republic Day
HYDERABAD,2008-03-06,Maha Shivaratri
HYDERABAD,2008-03-21,Good Friday; Prophet's Birthday
HYDERABAD,2008-03-22,Holi
HYDERABAD,2008-04-14,Dr. B. R. Ambedkar's Birthday; Ram Navami
HYDERABAD,2008-04-18,Mahavira's Birthday
HYDERABAD,2008-05-20,Buddha Purnima
HYDERABAD,2008-08-15,Independence Day
HYDERABAD,2008-10-02,Eid al-Fitr; Mahatma Gandhi's Birthday
HYDERABAD,2008-10-09,Dussehra
HYDERABAD,2008-10-28,Diwali (Deepavali)
HYDERABAD,2008-11-13,Guru Nanak's Birthday
HYDERABAD,2008-12-09,Eid al-Adha
HYDERABAD,2008-12-25,Christmas
HYDERABAD,2009-01-08,Ashura
HYDERABAD,2009-01-26,Republic Day
HYDERABAD,2009-03-10,Prophet's Birthday
HYDERABAD,2009-03-11,Holi
HYDERABAD,2009-04-03,Ram Navami
HYDERABAD,2009-04-07,Mahavira's Birthday
HYDERABAD,2009-04-10,Good Friday
HYDERABAD,2009-04-14,Dr. B. R. Ambedkar's Birthday
HYDERABAD,2009-05-08,Buddha Purnima
HYDERABAD,2009-08-14,Janmashtami (Vaishnava)
HYDERABAD,2009-08-15,Independence Day
HYDERABAD,2009-09-21,Eid al-Fitr
HYDERABAD,2009-09-28,Dussehra
HYDERABAD,2009-10-02,Mahatma Gandhi's Birthday
HYDERABAD,2009-10-17,Diwali (Deepavali)
HYDERABAD,2009-11-02,Guru Nanak's Birthday
HYDERABAD,2009-11-28,Eid al-Adha
HYDERABAD,2009-12-25,Christmas
HYDERABAD,2009-12-28,Ashura
HYDERABAD,2010-01-26,Republic Day
HYDERABAD,2010-02-27,Prophet's Birthday
HYDERABAD,2010-03-01,Holi
HYDERABAD,2010-03-24,Ram Navami
HYDERABAD,2010-04-02,Good Friday
HYDERABAD,2010-04-14,Dr. B. R. Ambedkar's Birthday
HYDERABAD,2010-04-28,Mahavira's Birthday
HYDERABAD,2010-05-27,Buddha Purnima
HYDERABAD,2010-08-15,Independence Day
HYDERABAD,2010-09-02,Janmashtami (Vaishnava)
HYDERABAD,2010-09-11,Eid al-Fitr
HYDERABAD,2010-10-02,Mahatma Gandhi's Birthday
HYDERABAD,2010-10-17,Dussehra
HYDERABAD,2010-11-05,Diwali (Deepavali)
HYDERABAD,2010-11-17,Eid al-Adha
HYDERABAD,2010-11-21,Guru Nanak's Birthday
HYDERABAD,2010-12-17,Ashura
HYDERABAD,2010-12-25,Christmas
HYDERABAD,2011-01-26,Republic Day
HYDERABAD,2011-02-16,Prophet's Birthday
HYDERABAD,2011-03-02,Maha Shivaratri
HYDERABAD,2011-04-12,Ram Navami
HYDERABAD,2011-04-14,Dr. B. R. Ambedkar's Birthday
HYDERABAD,2011-04-16,Mahavira's Birthday
HYDERABAD,2011-04-22,Good Friday
HYDERABAD,2011-05-17,Buddha Purnima
HYDERABAD,2011-08-15,Independence Day
HYDERABAD,2011-08-22,Janmashtami (Vaishnava)
HYDERABAD,2011-08-31,Eid al-Fitr
HYDERABAD,2011-10-02,Mahatma Gandhi's Birthday
HYDERABAD,2011-10-06,Dussehra
HYDERABAD,2011-10-26,Diwali (Deepavali)
HYDERABAD,2011-11-07,Eid al-Adha
HYDERABAD,2011-11-10,Guru Nanak's Birthday
HYDERABAD,2011-12-06,Ashura
HYDERABAD,2011-12-25,Christmas
HYDERABAD,2012-01-26,Republic Day
HYDERABAD,2012-02-05,Prophet's Birthday
HYDERABAD,2012-02-20,Maha Shivaratri
HYDERABAD,2012-03-08,Holi
HYDERABAD,2012-04-05,Mahavira's Birthday
HYDERABAD,2012-04-06,Good Friday
HYDERABAD,2012-04-14,Dr. B. R. Ambedkar's Birthday
HYDERABAD,2012-05-06,Buddha Purnima
HYDERABAD,2012-08-10,Janmashtami (Vaishnava)
HYDERABAD,2012-08-15,Independence Day
HYDERABAD,2012-08-20,Eid al-Fitr
HYDERABAD,2012-10-02,Mahatma Gandhi's Birthday
HYDERABAD,2012-10-24,Dussehra
HYDERABAD,2012-10-27,Eid al-Adha
HYDERABAD,2012-11-13,Diwali (Deepavali)
HYDERABAD,2012-11-25,Ashura
HYDERABAD,2012-11-28,Guru Nanak's Birthday
HYDERABAD,2012-12-25,Christmas
HYDERABAD,2013-01-25,Prophet's Birthday
HYDERABAD,2013-01-26,Republic Day
HYDERABAD,2013-03-27,Holi
HYDERABAD,2013-03-29,Good Friday
HYDERABAD,2013-04-14,Dr. B. R. Ambedkar's Birthday
HYDERABAD,2013-04-19,Ram Navami
HYDERABAD,2013-04-24,Mahavira's Birthday
HYDERABAD,2013-05-25,Buddha Purnima
HYDERABAD,2013-08-09,Eid al-Fitr
HYDERABAD,2013-08-15,Independence Day
HYDERABAD,2013-08-28,Janmashtami (Vaishnava)
HYDERABAD,2013-10-02,Mahatma Gandhi's Birthday
HYDERABAD,2013-10-13,Dussehra
HYDERABAD,2013-10-16,Eid al-Adha
HYDERABAD,2013-11-03,Diwali (Deepavali)
HYDERABAD,2013-11-14,Ashura
HYDERABAD,2013-11-17,Guru Nanak's Birthday
HYDERABAD,2013-12-25,Christmas
HYDERABAD,2014-01-14,Prophet's Birthday
HYDERABAD,2014-01-26,Republic Day
HYDERABAD,2014-03-17,Holi
HYDERABAD,2014-04-08,Ram Navami
HYDERABAD,2014-04-13,Mahavira's Birthday
HYDERABAD,2014-04-14,Dr. B. R. Ambedkar's Birthday
HYDERABAD,2014-04-18,Good Friday
HYDERABAD,2014-05-14,Buddha Purnima
HYDERABAD,2014-07-29,Eid al-Fitr
HYDERABAD,2014-08-15,Independence Day
HYDERABAD,2014-08-18,Janmashtami (Vaishnava)
HYDERABAD,2014-10-02,Mahatma Gandhi's Birthday
HYDERABAD,2014-10-03,Dussehra
HYDERABAD,2014-10-06,Eid al-Adha
HYDERABAD,2014-10-23,Diwali (Deepavali)
HYDERABAD,2014-11-04,Ashura
HYDERABAD,2014-11-06,Guru Nanak's Birthday
HYDERABAD,2014-12-25,Christmas
HYDERABAD,2015-01-04,Prophet's Birthday
HYDERABAD,2015-01-26,Republic Day
HYDERABAD,2015-03-06,Holi
HYDERABAD,2015-03-28,Ram Navami
HYDERABAD,2015-04-02,Mahavira's Birthday
HYDERABAD,2015-04-03,Good Friday
HYDERABAD,2015-04-14,Dr. B. R. Ambedkar's Birthday
HYDERABAD,2015-05-04,Buddha Purnima
HYDERABAD,2015-07-18,Eid al-Fitr
HYDERABAD,2015-08-15,Independence Day
HYDERABAD,2015-09-05,Janmashtami (Vaishnava)
HYDERABAD,2015-09-25,Eid al-Adha
HYDERABAD,2015-10-02,Mahatma Gandhi's Birthday
HYDERABAD,2015-10-22,Dussehra
HYDERABAD,2015-10-24,Ashura
HYDERABAD,2015-11-11,Diwali (Deepavali)
HYDERABAD,2015-11-25,Guru Nanak's Birthday
HYDERABAD,2015-12-24,Prophet's Birthday
HYDERABAD,2015-12-25,Christmas
HYDERABAD,2016-01-26,Republic Day
HYDERABAD,2016-03-24,Holi
HYDERABAD,2016-03-25,Good Friday
HYDERABAD,2016-04-14,Dr. B. R. Ambedkar's Birthday
HYDERABAD,2016-04-15,Ram Navami
HYDERABAD,2016-04-20,Mahavira's Birthday
HYDERABAD,2016-05-21,Buddha Purnima
HYDERABAD,2016-07-06,Eid al-Fitr
HYDERABAD,2016-08-15,Independence Day
HYDERABAD,2016-08-25,Janmashtami (Vaishnava)
HYDERABAD,2016-09-12,Eid al-Adha
HYDERABAD,2016-10-02,Mahatma Gandhi's Birthday
HYDERABAD,2016-10-11,Dussehra
HYDERABAD,2016-10-12,Ashura
HYDERABAD,2016-10-30,Diwali (Deepavali)
HYDERABAD,2016-11-14,Guru Nanak's Birthday
HYDERABAD,2016-12-13,Prophet's Birthday
HYDERABAD,2016-12-25,Christmas
HYDERABAD,2017-01-26,Republic Day
HYDERABAD,2017-02-24,Maha Shivaratri
HYDERABAD,2017-03-13,Holi
HYDERABAD,2017-04-04,Ram Navami
HYDERABAD,2017-04-09,Mahavira's Birthday
HYDERABAD,2017-04-14,Dr. B. R. Ambedkar's Birthday; Good Friday
HYDERABAD,2017-05-10,Buddha Purnima
HYDERABAD,2017-06-26,Eid al-Fitr
HYDERABAD,2017-08-15,Independence Day
HYDERABAD,2017-09-02,Eid al-Adha
HYDERABAD,2017-09-30,Dussehra
HYDERABAD,2017-10-01,Ashura
HYDERABAD,2017-10-02,Mahatma Gandhi's Birthday
HYDERABAD,2017-10-19,Diwali (Deepavali)
HYDERABAD,2017-11-04,Guru Nanak's Birthday
HYDERABAD,2017-12-02,Prophet's Birthday
HYDERABAD,2017-12-25,Christmas
HYDERABAD,2018-01-26,Republic Day
HYDERABAD,2018-02-13,Maha Shivaratri
HYDERABAD,2018-03-02,Holi
HYDERABAD,2018-03-29,Mahavira's Birthday
HYDERABAD,2018-03-30,Good Friday
HYDERABAD,2018-04-14,Dr. B. R. Ambedkar's Birthday
HYDERABAD,2018-04-30,Buddha Purnima
HYDERABAD,2018-06-16,Eid al-Fitr
HYDERABAD,2018-08-15,Independence Day
HYDERABAD,2018-08-22,Eid al-Adha
HYDERABAD,2018-09-03,Janmashtami (Vaishnava)
HYDERABAD,2018-09-21,Ashura
HYDERABAD,2018-10-02,Mahatma Gandhi's Birthday
HYDERABAD,2018-10-19,Dussehra
HYDERABAD,2018-11-07,Diwali (Deepavali)
HYDERABAD,2018-11-21,Prophet's Birthday
HYDERABAD,2018-11-23,Guru Nanak's Birthday
HYDERABAD,2018-12-25,Christmas
HYDERABAD,2019-01-26,Republic Day
HYDERABAD,2019-03-04,Maha Shivaratri
HYDERABAD,2019-03-21,Holi
HYDERABAD,2019-04-13,Ram Navami
HYDERABAD,2019-04-14,Dr. B. R. Ambedkar's Birthday
HYDERABAD,2019-04-17,Mahavira's Birthday
HYDERABAD,2019-04-19,Good Friday
HYDERABAD,2019-05-18,Buddha Purnima
HYDERABAD,2019-06-05,Eid al-Fitr
HYDERABAD,2019-08-12,Eid al-Adha
HYDERABAD,2019-08-15,Independence Day
HYDERABAD,2019-08-24,Janmashtami (Vaishnava)
HYDERABAD,2019-09-10,Ashura
HYDERABAD,2019-10-02,Mahatma Gandhi's Birthday
HYDERABAD,2019-10-08,Dussehra
HYDERABAD,2019-10-27,Diwali (Deepavali)
HYDERABAD,2019-11-10,Prophet's Birthday
HYDERABAD,2019-11-12,Guru Nanak's Birthday
HYDERABAD,2019-12-25,Christmas
HYDERABAD,2020-01-26,Republic Day
HYDERABAD,2020-03-10,Holi
HYDERABAD,2020-04-02,Ram Navami
HYDERABAD,2020-04-06,Mahavira's Birthday
HYDERABAD,2020-04-10,Good Friday
HYDERABAD,2020-04-14,Dr. B. R. Ambedkar's Birthday
HYDERABAD,2020-05-07,Buddha Purnima
HYDERABAD,2020-05-25,Eid al-Fitr
HYDERABAD,2020-08-01,Eid al-Adha
HYDERABAD,2020-08-12,Janmashtami (Vaishnava)
HYDERABAD,2020-08-15,Independence Day
HYDERABAD,2020-08-30,Ashura
HYDERABAD,2020-10-02,Mahatma Gandhi's Birthday
HYDERABAD,2020-10-25,Dussehra
HYDERABAD,2020-10-30,Prophet's Birthday
HYDERABAD,2020-11-14,Diwali (Deepavali)
HYDERABAD,2020-11-30,Guru Nanak's Birthday
HYDERABAD,2020-12-25,Christmas
JAIPUR,2006-01-11,Eid al-Adha
JAIPUR,2006-01-26,Republic Day
JAIPUR,2006-02-09,Ashura
JAIPUR,2006-02-26,Maha Shivaratri
JAIPUR,2006-03-14,Holika Dahan
JAIPUR,2006-03-15,Holi
JAIPUR,2006-03-30,Cheti Chand
JAIPUR,2006-04-06,Ram Navami
JAIPUR,2006-04-11,Mahatma Jyotiba Phule's Birthday; Mahavira's Birthday; Prophet's Birthday
JAIPUR,2006-04-14,Dr. B. R. Ambedkar's Birthday; Good Friday
JAIPUR,2006-04-30,Lord Shri Parshuram's Birthday
JAIPUR,2006-05-13,Buddha Purnima
JAIPUR,2006-05-30,Maharana Pratap's Birthday
JAIPUR,2006-08-09,International Day of the World's Indigenous Peoples; Raksha Bandhan
JAIPUR,2006-08-15,Independence Day
JAIPUR,2006-08-16,Janmashtami (Vaishnava)
JAIPUR,2006-09-11,Khejarli's Martyrdom Day
JAIPUR,2006-09-23,Maharaj Agrasen's Birthday; Sharad Navratri
JAIPUR,2006-09-30,Durgashtami
JAIPUR,2006-10-02,Dussehra; Mahatma Gandhi's Birthday
JAIPUR,2006-10-21,Diwali (Deepavali)
JAIPUR,2006-10-22,Govardhan Puja
JAIPUR,2006-10-23,Bhai Duj
JAIPUR,2006-10-25,Eid al-Fitr
JAIPUR,2006-11-05,Guru Nanak's Birthday
JAIPUR,2006-12-25,Christmas
JAIPUR,2007-01-01,Eid al-Adha
JAIPUR,2007-01-26,Republic Day
JAIPUR,2007-01-30,Ashura
JAIPUR,2007-02-16,Maha Shivaratri
JAIPUR,2007-03-03,Holika Dahan
JAIPUR,2007-03-04,Holi
JAIPUR,2007-03-19,Cheti Chand
JAIPUR,2007-03-26,Ram Navami
JAIPUR,2007-03-31,Mahavira's Birthday
JAIPUR,2007-04-01,Prophet's Birthday
JAIPUR,2007-04-06,Good Friday
JAIPUR,2007-04-11,Mahatma Jyotiba Phule's Birthday
JAIPUR,2007-04-14,Dr. B. R. Ambedkar's Birthday
JAIPUR,2007-04-19,Lord Shri Parshuram's Birthday
JAIPUR,2007-05-02,Buddha Purnima
JAIPUR,2007-06-17,Maharana Pratap's Birthday
JAIPUR,2007-08-09,International Day of the World's Indigenous Peoples
JAIPUR,2007-08-15,Independence Day
JAIPUR,2007-08-28,Raksha Bandhan
JAIPUR,2007-09-04,Janmashtami (Vaishnava)
JAIPUR,2007-09-11,Khejarli's Martyrdom Day
JAIPUR,2007-10-02,Mahatma Gandhi's Birthday
JAIPUR,2007-10-12,Maharaj Agrasen's Birthday; Sharad Navratri
JAIPUR,2007-10-14,Eid al-Fitr
JAIPUR,2007-10-19,Durgashtami
JAIPUR,2007-10-21,Dussehra
JAIPUR,2007-11-09,Diwali (Deepavali)
JAIPUR,2007-11-10,Govardhan Puja
JAIPUR,2007-11-11,Bhai Duj
JAIPUR,2007-11-24,Guru Nanak's Birthday
JAIPUR,2007-12-21,Eid al-Adha
JAIPUR,2007-12-25,Christmas
JAIPUR,2008-01-19,Ashura
JAIPUR,2008-01-26,Republic Day
JAIPUR,2008-03-06,Maha Shivaratri
JAIPUR,2008-03-21,Good Friday; Holika Dahan; Prophet's Birthday
JAIPUR,2008-03-22,Holi
JAIPUR,2008-04-06,Cheti Chand
JAIPUR,2008-04-11,Mahatma Jyotiba Phule's Birthday
JAIPUR,2008-04-14,Dr. B. R. Ambedkar's Birthday; Ram Navami
JAIPUR,2008-04-18,Mahavira's Birthday
JAIPUR,2008-05-07,Lord Shri Parshuram's Birthday
JAIPUR,2008-05-20,Buddha Purnima
JAIPUR,2008-06-06,Maharana Pratap's Birthday
JAIPUR,2008-08-09,International Day of the World's Indigenous Peoples
JAIPUR,2008-08-15,Independence Day
JAIPUR,2008-08-16,Raksha Bandhan
JAIPUR,2008-09-11,Khejarli's Martyrdom Day
JAIPUR,2008-09-30,Maharaj Agrasen's Birthday; Sharad Navratri
JAIPUR,2008-10-02,Eid al-Fitr; Mahatma Gandhi's Birthday
JAIPUR,2008-10-07,Durgashtami
JAIPUR,2008-10-09,Dussehra
JAIPUR,2008-10-28,Diwali (Deepavali)
JAIPUR,2008-10-29,Govardhan Puja
JAIPUR,2008-10-30,Bhai Duj
JAIPUR,2008-11-13,Guru Nanak's Birthday
JAIPUR,2008-12-09,Eid al-Adha
JAIPUR,2008-12-25,Christmas
JAIPUR,2009-01-08,Ashura
JAIPUR,2009-01-26,Republic Day
JAIPUR,2009-03-10,Holika Dahan; Prophet's Birthday
JAIPUR,2009-03-11,Holi
JAIPUR,2009-03-27,Cheti Chand
JAIPUR,2009-04-03,Ram Navami
JAIPUR,2009-04-07,Mahavira's Birthday
JAIPUR,2009-04-10,Good Friday
JAIPUR,2009-04-11,Mahatma Jyotiba Phule's Birthday
JAIPUR,2009-04-14,Dr. B. R. Ambedkar's Birthday
JAIPUR,2009-04-27,Lord Shri Parshuram's Birthday
JAIPUR,2009-05-08,Buddha Purnima
JAIPUR,2009-05-27,Maharana Pratap's Birthday
JAIPUR,2009-08-05,Raksha Bandhan
JAIPUR,2009-08-09,International Day of the World's Indigenous Peoples
JAIPUR,2009-08-14,Janmashtami (Vaishnava)
JAIPUR,2009-08-15,Independence Day
JAIPUR,2009-09-11,Khejarli's Martyrdom Day
JAIPUR,2009-09-19,Maharaj Agrasen's Birthday; Sharad Navratri
JAIPUR,2009-09-21,Eid al-Fitr
JAIPUR,2009-09-26,Durgashtami
JAIPUR,2009-09-28,Dussehra
JAIPUR,2009-10-02,Mahatma Gandhi's Birthday
JAIPUR,2009-10-17,Diwali (Deepavali)
JAIPUR,2009-10-18,Govardhan Puja
JAIPUR,2009-10-19,Bhai Duj
JAIPUR,2009-11-02,Guru Nanak's Birthday
JAIPUR,2009-11-28,Eid al-Adha
JAIPUR,2009-12-25,Christmas
JAIPUR,2009-12-28,Ashura
JAIPUR,2010-01-26,Republic Day
JAIPUR,2010-02-27,Prophet's Birthday
JAIPUR,2010-02-28,Holika Dahan
JAIPUR,2010-03-01,Holi
JAIPUR,2010-03-16,Cheti Chand
JAIPUR,2010-03-24,Ram Navami
JAIPUR,2010-04-02,Good Friday
JAIPUR,2010-04-11,Mahatma Jyotiba Phule's Birthday
JAIPUR,2010-04-14,Dr. B. R. Ambedkar's Birthday
JAIPUR,2010-04-28,Mahavira's Birthday
JAIPUR,2010-05-16,Lord Shri Parshuram's Birthday
JAIPUR,2010-05-27,Buddha Purnima
JAIPUR,2010-06-15,Maharana Pratap's Birthday
JAIPUR,2010-08-09,International Day of the World's Indigenous Peoples
JAIPUR,2010-08-15,Independence Day
JAIPUR,2010-08-24,Raksha Bandhan
JAIPUR,2010-09-02,Janmashtami (Vaishnava)
JAIPUR,2010-09-11,Eid al-Fitr; Khejarli's Martyrdom Day
JAIPUR,2010-10-02,Mahatma Gandhi's Birthday
JAIPUR,2010-10-08,Maharaj Agrasen's Birthday; Sharad Navratri
JAIPUR,2010-10-15,Durgashtami
JAIPUR,2010-10-17,Dussehra
JAIPUR,2010-11-05,Diwali (Deepavali)
JAIPUR,2010-11-06,Govardhan Puja
JAIPUR,2010-11-07,Bhai Duj
JAIPUR,2010-11-17,Eid al-Adha
JAIPUR,2010-11-21,Guru Nanak's Birthday
JAIPUR,2010-12-17,Ashura
JAIPUR,2010-12-25,Christmas
JAIPUR,2011-01-26,Republic Day
JAIPUR,2011-02-16,Prophet's Birthday
JAIPUR,2011-03-02,Maha Shivaratri
JAIPUR,2011-03-19,Holika Dahan
JAIPUR,2011-04-04,Cheti Chand
JAIPUR,2011-04-11,Mahatma Jyotiba Phule's Birthday
JAIPUR,2011-04-12,Ram Navami
JAIPUR,2011-04-14,Dr. B. R. Ambedkar's Birthday
JAIPUR,2011-04-16,Mahavira's Birthday
JAIPUR,2011-04-22,Good Friday
JAIPUR,2011-05-05,Lord Shri Parshuram's Birthday
JAIPUR,2011-05-17,Buddha Purnima
JAIPUR,2011-06-04,Maharana Pratap's Birthday
JAIPUR,2011-08-09,International Day of the World's Indigenous Peoples
JAIPUR,2011-08-13,Raksha Bandhan
JAIPUR,2011-08-15,Independence Day
JAIPUR,2011-08-22,Janmashtami (Vaishnava)
JAIPUR,2011-08-31,Eid al-Fitr
JAIPUR,2011-09-11,Khejarli's Martyrdom Day
JAIPUR,2011-09-28,Maharaj Agrasen's Birthday; Sharad Navratri
JAIPUR,2011-10-02,Mahatma Gandhi's Birthday
JAIPUR,2011-10-04,Durgashtami
JAIPUR,2011-10-06,Dussehra
JAIPUR,2011-10-26,Diwali (Deepavali)
JAIPUR,2011-10-27,Govardhan Puja
JAIPUR,2011-10-28,Bhai Duj
JAIPUR,2011-11-07,Eid al-Adha
JAIPUR,2011-11-10,Guru Nanak's Birthday
JAIPUR,2011-12-06,Ashura
JAIPUR,2011-12-25,Christmas
JAIPUR,2012-01-26,Republic Day
JAIPUR,2012-02-05,Prophet's Birthday
JAIPUR,2012-02-20,Maha Shivaratri
JAIPUR,2012-03-07,Holika Dahan
JAIPUR,2012-03-08,Holi
JAIPUR,2012-03-23,Cheti Chand
JAIPUR,2012-04-05,Mahavira's Birthday
JAIPUR,2012-04-06,Good Friday
JAIPUR,2012-04-11,Mahatma Jyotiba Phule's Birthday
JAIPUR,2012-04-14,Dr. B. R. Ambedkar's Birthday
JAIPUR,2012-04-24,Lord Shri Parshuram's Birthday
JAIPUR,2012-05-06,Buddha Purnima
JAIPUR,2012-05-24,Maharana Pratap's Birthday
JAIPUR,2012-08-02,Raksha Bandhan
JAIPUR,2012-08-09,International Day of the World's Indigenous Peoples
JAIPUR,2012-08-10,Janmashtami (Vaishnava)
JAIPUR,2012-08-15,Independence Day
JAIPUR,2012-08-20,Eid al-Fitr
JAIPUR,2012-09-11,Khejarli's Martyrdom Day
JAIPUR,2012-10-02,Mahatma Gandhi's Birthday
JAIPUR,2012-10-16,Maharaj Agrasen's Birthday; Sharad Navratri
JAIPUR,2012-10-22,Durgashtami
JAIPUR,2012-10-24,Dussehra
JAIPUR,2012-10-27,Eid al-Adha
JAIPUR,2012-11-13,Diwali (Deepavali)
JAIPUR,2012-11-14,Govardhan Puja
JAIPUR,2012-11-15,Bhai Duj
JAIPUR,2012-11-25,Ashura
JAIPUR,2012-11-28,Guru Nanak's Birthday
JAIPUR,2012-12-25,Christmas
JAIPUR,2013-01-25,Prophet's Birthday
JAIPUR,2013-01-26,Republic Day
JAIPUR,2013-03-26,Holika Dahan
JAIPUR,2013-03-27,Holi
JAIPUR,2013-03-29,Good Friday
JAIPUR,2013-04-11,Cheti Chand; Mahatma Jyotiba Phule's Birthday
JAIPUR,2013-04-14,Dr. B. R. Ambedkar's Birthday
JAIPUR,2013-04-19,Ram Navami
JAIPUR,2013-04-24,Mahavira's Birthday
JAIPUR,2013-05-12,Lord Shri Parshuram's Birthday
JAIPUR,2013-05-25,Buddha Purnima
JAIPUR,2013-06-11,Maharana Pratap's Birthday
JAIPUR,2013-08-09,Eid al-Fitr; International Day of the World's Indigenous Peoples
JAIPUR,2013-08-15,Independence Day
JAIPUR,2013-08-20,Raksha Bandhan
JAIPUR,2013-08-28,Janmashtami (Vaishnava)
JAIPUR,2013-09-11,Khejarli's Martyrdom Day
JAIPUR,2013-10-02,Mahatma Gandhi's Birthday
JAIPUR,2013-10-05,Maharaj Agrasen's Birthday; Sharad Navratri
JAIPUR,2013-10-12,Durgashtami
JAIPUR,2013-10-13,Dussehra
JAIPUR,2013-10-16,Eid al-Adha
JAIPUR,2013-11-03,Diwali (Deepavali)
JAIPUR,2013-11-04,Govardhan Puja
JAIPUR,2013-11-05,Bhai Duj
JAIPUR,2013-11-14,Ashura
JAIPUR,2013-11-17,Guru Nanak's Birthday
JAIPUR,2013-12-25,Christmas
JAIPUR,2014-01-14,Prophet's Birthday
JAIPUR,2014-01-26,Republic Day
JAIPUR,2014-03-16,Holika Dahan
JAIPUR,2014-03-17,Holi
JAIPUR,2014-03-31,Cheti Chand
JAIPUR,2014-04-08,Ram Navami
JAIPUR,2014-04-11,Mahatma Jyotiba Phule's Birthday
JAIPUR,2014-04-13,Mahavira's Birthday
JAIPUR,2014-04-14,Dr. B. R. Ambedkar's Birthday
JAIPUR,2014-04-18,Good Friday
JAIPUR,2014-05-01,Lord Shri Parshuram's Birthday
JAIPUR,2014-05-14,Buddha Purnima
JAIPUR,2014-05-31,Maharana Pratap's Birthday
JAIPUR,2014-07-29,Eid al-Fitr
JAIPUR,2014-08-09,International Day of the World's Indigenous Peoples
JAIPUR,2014-08-10,Raksha Bandhan
JAIPUR,2014-08-15,Independence Day
JAIPUR,2014-08-18,Janmashtami (Vaishnava)
JAIPUR,2014-09-11,Khejarli's Martyrdom Day
JAIPUR,2014-09-25,Maharaj Agrasen's Birthday; Sharad Navratri
JAIPUR,2014-10-02,Durgashtami; Mahatma Gandhi's Birthday
JAIPUR,2014-10-03,Dussehra
JAIPUR,2014-10-06,Eid al-Adha
JAIPUR,2014-10-23,Diwali (Deepavali)
JAIPUR,2014-10-24,Govardhan Puja
JAIPUR,2014-10-25,Bhai Duj
JAIPUR,2014-11-04,Ashura
JAIPUR,2014-11-06,Guru Nanak's Birthday
JAIPUR,2014-12-25,Christmas
JAIPUR,2015-01-04,Prophet's Birthday
JAIPUR,2015-01-26,Republic Day
JAIPUR,2015-03-05,Holika Dahan
JAIPUR,2015-03-06,Holi
JAIPUR,2015-03-21,Cheti Chand
JAIPUR,2015-03-28,Ram Navami
JAIPUR,2015-04-02,Mahavira's Birthday
JAIPUR,2015-04-03,Good Friday
JAIPUR,2015-04-11,Mahatma Jyotiba Phule's Birthday
JAIPUR,2015-04-14,Dr. B. R. Ambedkar's Birthday
JAIPUR,2015-04-20,Lord Shri Parshuram's Birthday
JAIPUR,2015-05-04,Buddha Purnima
JAIPUR,2015-05-20,Maharana Pratap's Birthday
JAIPUR,2015-07-18,Eid al-Fitr
JAIPUR,2015-08-09,International Day of the World's Indigenous Peoples
JAIPUR,2015-08-15,Independence Day
JAIPUR,2015-08-29,Raksha Bandhan
JAIPUR,2015-09-05,Janmashtami (Vaishnava)
JAIPUR,2015-09-11,Khejarli's Martyrdom Day
JAIPUR,2015-09-25,Eid al-Adha
JAIPUR,2015-10-02,Mahatma Gandhi's Birthday
JAIPUR,2015-10-13,Maharaj Agrasen's Birthday; Sharad Navratri
JAIPUR,2015-10-21,Durgashtami
JAIPUR,2015-10-22,Dussehra
JAIPUR,2015-10-24,Ashura
JAIPUR,2015-11-11,Diwali (Deepavali)
JAIPUR,2015-11-12,Govardhan Puja
JAIPUR,2015-11-13,Bhai Duj
JAIPUR,2015-11-25,Guru Nanak's Birthday
JAIPUR,2015-12-24,Prophet's Birthday
JAIPUR,2015-12-25,Christmas
JAIPUR,2016-01-26,Republic Day
JAIPUR,2016-03-23,Holika Dahan
JAIPUR,2016-03-24,Holi
JAIPUR,2016-03-25,Good Friday
JAIPUR,2016-04-08,Cheti Chand
JAIPUR,2016-04-11,Mahatma Jyotiba Phule's Birthday
JAIPUR,2016-04-14,Dr. B. R. Ambedkar's Birthday
JAIPUR,2016-04-15,Ram Navami
JAIPUR,2016-04-20,Mahavira's Birthday
JAIPUR,2016-05-08,Lord Shri Parshuram's Birthday
JAIPUR,2016-05-21,Buddha Purnima
JAIPUR,2016-06-07,Maharana Pratap's Birthday
JAIPUR,2016-07-06,Eid al-Fitr
JAIPUR,2016-08-09,International Day of the World's Indigenous Peoples
JAIPUR,2016-08-15,Independence Day
JAIPUR,2016-08-18,Raksha Bandhan
JAIPUR,2016-08-25,Janmashtami (Vaishnava)
JAIPUR,2016-09-11,Khejarli's Martyrdom Day
JAIPUR,2016-09-12,Eid al-Adha
JAIPUR,2016-10-01,Maharaj Agrasen's Birthday; Sharad Navratri
JAIPUR,2016-10-02,Mahatma Gandhi's Birthday
JAIPUR,2016-10-09,Durgashtami
JAIPUR,2016-10-11,Dussehra
JAIPUR,2016-10-12,Ashura
JAIPUR,2016-10-30,Diwali (Deepavali)
JAIPUR,2016-10-31,Govardhan Puja
JAIPUR,2016-11-01,Bhai Duj
JAIPUR,2016-11-14,Guru Nanak's Birthday
JAIPUR,2016-12-13,Prophet's Birthday
JAIPUR,2016-12-25,Christmas
JAIPUR,2017-01-26,Republic Day
JAIPUR,2017-02-24,Maha Shivaratri
JAIPUR,2017-03-12,Holika Dahan
JAIPUR,2017-03-13,Holi
JAIPUR,2017-03-28,Cheti Chand
JAIPUR,2017-04-04,Ram Navami
JAIPUR,2017-04-09,Mahavira's Birthday
JAIPUR,2017-04-11,Mahatma Jyotiba Phule's Birthday
JAIPUR,2017-04-14,Dr. B. R. Ambedkar's Birthday; Good Friday
JAIPUR,2017-04-28,Lord Shri Parshuram's Birthday
JAIPUR,2017-05-10,Buddha Purnima
JAIPUR,2017-05-28,Maharana Pratap's Birthday
JAIPUR,2017-06-26,Eid al-Fitr
JAIPUR,2017-08-07,Raksha Bandhan
JAIPUR,2017-08-09,International Day of the World's Indigenous Peoples
JAIPUR,2017-08-15,Independence Day
JAIPUR,2017-09-02,Eid al-Adha
JAIPUR,2017-09-11,Khejarli's Martyrdom Day
JAIPUR,2017-09-21,Maharaj Agrasen's Birthday; Sharad Navratri
JAIPUR,2017-09-28,Durgashtami
JAIPUR,2017-09-30,Dussehra
JAIPUR,2017-10-01,Ashura
JAIPUR,2017-10-02,Mahatma Gandhi's Birthday
JAIPUR,2017-10-19,Diwali (Deepavali)
JAIPUR,2017-10-20,Govardhan Puja
JAIPUR,2017-10-21,Bhai Duj
JAIPUR,2017-11-04,Guru Nanak's Birthday
JAIPUR,2017-12-02,Prophet's Birthday
JAIPUR,2017-12-25,Christmas
JAIPUR,2018-01-26,Republic Day
JAIPUR,2018-02-13,Maha Shivaratri
JAIPUR,2018-03-01,Holika Dahan
JAIPUR,2018-03-02,Holi
JAIPUR,2018-03-18,Cheti Chand
JAIPUR,2018-03-29,Mahavira's Birthday
JAIPUR,2018-03-30,Good Friday
JAIPUR,2018-04-11,Mahatma Jyotiba Phule's Birthday
JAIPUR,2018-04-14,Dr. B. R. Ambedkar's Birthday
JAIPUR,2018-04-18,Lord Shri Parshuram's Birthday
JAIPUR,2018-04-30,Buddha Purnima
JAIPUR,2018-06-16,Eid al-Fitr; Maharana Pratap's Birthday
JAIPUR,2018-08-09,International Day of the World's Indigenous Peoples
JAIPUR,2018-08-15,Independence Day
JAIPUR,2018-08-22,Eid al-Adha
JAIPUR,2018-08-26,Raksha Bandhan
JAIPUR,2018-09-03,Janmashtami (Vaishnava)
JAIPUR,2018-09-11,Khejarli's Martyrdom Day
JAIPUR,2018-09-21,Ashura
JAIPUR,2018-10-02,Mahatma Gandhi's Birthday
JAIPUR,2018-10-10,Maharaj Agrasen's Birthday; Sharad Navratri
JAIPUR,2018-10-17,Durgashtami
JAIPUR,2018-10-19,Dussehra
JAIPUR,2018-11-07,Diwali (Deepavali)
JAIPUR,2018-11-08,Govardhan Puja
JAIPUR,2018-11-09,Bhai Duj
JAIPUR,2018-11-21,Prophet's Birthday
JAIPUR,2018-11-23,Guru Nanak's Birthday
JAIPUR,2018-12-25,Christmas
JAIPUR,2019-01-26,Republic Day
JAIPUR,2019-03-04,Maha Shivaratri
JAIPUR,2019-03-20,Holika Dahan
JAIPUR,2019-03-21,Holi
JAIPUR,2019-04-06,Cheti Chand
JAIPUR,2019-04-11,Mahatma Jyotiba Phule's Birthday
JAIPUR,2019-04-13,Ram Navami
JAIPUR,2019-04-14,Dr. B. R. Ambedkar's Birthday
JAIPUR,2019-04-17,Mahavira's Birthday
JAIPUR,2019-04-19,Good Friday
JAIPUR,2019-05-07,Lord Shri Parshuram's Birthday
JAIPUR,2019-05-18,Buddha Purnima
JAIPUR,2019-06-05,Eid al-Fitr
JAIPUR,2019-06-06,Maharana Pratap's Birthday
JAIPUR,2019-08-09,International Day of the World's Indigenous Peoples
JAIPUR,2019-08-12,Eid al-Adha
JAIPUR,2019-08-15,Independence Day; Raksha Bandhan
JAIPUR,2019-08-24,Janmashtami (Vaishnava)
JAIPUR,2019-09-10,Ashura
JAIPUR,2019-09-11,Khejarli's Martyrdom Day
JAIPUR,2019-09-29,Maharaj Agrasen's Birthday; Sharad Navratri
JAIPUR,2019-10-02,Mahatma Gandhi's Birthday
JAIPUR,2019-10-06,Durgashtami
JAIPUR,2019-10-08,Dussehra
JAIPUR,2019-10-27,Diwali (Deepavali)
JAIPUR,2019-10-28,Govardhan Puja
JAIPUR,2019-10-29,Bhai Duj
JAIPUR,2019-11-10,Prophet's Birthday
JAIPUR,2019-11-12,Guru Nanak's Birthday
JAIPUR,2019-12-25,Christmas
JAIPUR,2020-01-26,Republic Day
JAIPUR,2020-03-09,Holika Dahan
JAIPUR,2020-03-10,Holi
JAIPUR,2020-03-25,Cheti Chand
JAIPUR,2020-04-02,Ram Navami
JAIPUR,2020-04-06,Mahavira's Birthday
JAIPUR,2020-04-10,Good Friday
JAIPUR,2020-04-11,Mahatma Jyotiba Phule's Birthday
JAIPUR,2020-04-14,Dr. B. R. Ambedkar's Birthday
JAIPUR,2020-04-25,Lord Shri Parshuram's Birthday
JAIPUR,2020-05-07,Buddha Purnima
JAIPUR,2020-05-25,Eid al-Fitr; Maharana Pratap's Birthday
JAIPUR,2020-08-01,Eid al-Adha
JAIPUR,2020-08-03,Raksha Bandhan
JAIPUR,2020-08-09,International Day of the World's Indigenous Peoples
JAIPUR,2020-08-12,Janmashtami (Vaishnava)
JAIPUR,2020-08-15,Independence Day
JAIPUR,2020-08-30,Ashura
JAIPUR,2020-09-11,Khejarli's Martyrdom Day
JAIPUR,2020-10-02,Mahatma Gandhi's Birthday
JAIPUR,2020-10-17,Maharaj Agrasen's Birthday; Sharad Navratri
JAIPUR,2020-10-23,Durgashtami
JAIPUR,2020-10-25,Dussehra
JAIPUR,2020-10-30,Prophet's Birthday
JAIPUR,2020-11-14,Diwali (Deepavali)
JAIPUR,2020-11-15,Govardhan Puja
JAIPUR,2020-11-16,Bhai Duj
JAIPUR,2020-11-30,Guru Nanak's Birthday
JAIPUR,2020-12-25,Christmas
JAMMU,2006-01-11,Eid al-Adha
JAMMU,2006-01-26,Republic Day
JAMMU,2006-02-09,Ashura
JAMMU,2006-02-26,Maha Shivaratri
JAMMU,2006-03-15,Holi
JAMMU,2006-03-21,Nowruz
JAMMU,2006-03-30,1st Navratra
JAMMU,2006-04-06,Ram Navami
JAMMU,2006-04-11,Mahavira's Birthday; Prophet's Birthday
JAMMU,2006-04-14,Baisakhi; Dr. B. R. Ambedkar's Birthday; Good Friday
JAMMU,2006-05-13,Buddha Purnima
JAMMU,2006-08-15,Independence Day
JAMMU,2006-08-16,Janmashtami (Vaishnava)
JAMMU,2006-08-22,Shab-I-Miraj (estimated)
JAMMU,2006-09-23,Maharaja Hari Singh's Birthday
JAMMU,2006-10-01,Mahanavami
JAMMU,2006-10-02,Dussehra; Mahatma Gandhi's Birthday
JAMMU,2006-10-21,Diwali (Deepavali)
JAMMU,2006-10-25,Eid al-Fitr
JAMMU,2006-10-26,Accession Day
JAMMU,2006-11-05,Guru Nanak's Birthday
JAMMU,2006-12-25,Christmas
JAMMU,2007-01-01,Eid al-Adha
JAMMU,2007-01-26,Republic Day
JAMMU,2007-01-30,Ashura
JAMMU,2007-02-16,Maha Shivaratri
JAMMU,2007-03-04,Holi
JAMMU,2007-03-20,1st Navratra
JAMMU,2007-03-21,Nowruz
JAMMU,2007-03-26,Ram Navami
JAMMU,2007-03-31,Mahavira's Birthday
JAMMU,2007-04-01,Prophet's Birthday
JAMMU,2007-04-06,Good Friday
JAMMU,2007-04-14,Baisakhi; Dr. B. R. Ambedkar's Birthday
JAMMU,2007-05-02,Buddha Purnima
JAMMU,2007-08-11,Shab-I-Miraj (estimated)
JAMMU,2007-08-15,Independence Day
JAMMU,2007-09-04,Janmashtami (Vaishnava)
JAMMU,2007-09-23,Maharaja Hari Singh's Birthday
JAMMU,2007-10-02,Mahatma Gandhi's Birthday
JAMMU,2007-10-14,Eid al-Fitr
JAMMU,2007-10-20,Mahanavami
JAMMU,2007-10-21,Dussehra
JAMMU,2007-10-26,Accession Day
JAMMU,2007-11-09,Diwali (Deepavali)
JAMMU,2007-11-24,Guru Nanak's Birthday
JAMMU,2007-12-21,Eid al-Adha
JAMMU,2007-12-25,Christmas
JAMMU,2008-01-19,Ashura
JAMMU,2008-01-26,Republic Day
JAMMU,2008-03-06,Maha Shivaratri
JAMMU,2008-03-20,Nowruz
JAMMU,2008-03-21,Good Friday; Prophet's Birthday
JAMMU,2008-03-22,Holi
JAMMU,2008-04-07,1st Navratra
JAMMU,2008-04-13,Baisakhi
JAMMU,2008-04-14,Dr. B. R. Ambedkar's Birthday; Ram Navami
JAMMU,2008-04-18,Mahavira's Birthday
JAMMU,2008-05-20,Buddha Purnima
JAMMU,2008-07-31,Shab-I-Miraj (estimated)
JAMMU,2008-08-15,Independence Day
JAMMU,2008-09-23,Maharaja Hari Singh's Birthday
JAMMU,2008-10-02,Eid al-Fitr; Mahatma Gandhi's Birthday
JAMMU,2008-10-08,Mahanavami
JAMMU,2008-10-09,Dussehra
JAMMU,2008-10-26,Accession Day
JAMMU,2008-10-28,Diwali (Deepavali)
JAMMU,2008-11-13,Guru Nanak's Birthday
JAMMU,2008-12-09,Eid al-Adha
JAMMU,2008-12-25,Christmas
JAMMU,2009-01-08,Ashura
JAMMU,2009-01-26,Republic Day
JAMMU,2009-03-10,Prophet's Birthday
JAMMU,2009-03-11,Holi
JAMMU,2009-03-21,Nowruz
JAMMU,2009-03-27,1st Navratra
JAMMU,2009-04-03,Ram Navami
JAMMU,2009-04-07,Mahavira's Birthday
JAMMU,2009-04-10,Good Friday
JAMMU,2009-04-14,Baisakhi; Dr. B. R. Ambedkar's Birthday
JAMMU,2009-05-08,Buddha Purnima
JAMMU,2009-07-21,Shab-I-Miraj (estimated)
JAMMU,2009-08-14,Janmashtami (Vaishnava)
JAMMU,2009-08-15,Independence Day
JAMMU,2009-09-21,Eid al-Fitr
JAMMU,2009-09-23,Maharaja Hari Singh's Birthday
JAMMU,2009-09-27,Mahanavami
JAMMU,2009-09-28,Dussehra
JAMMU,2009-10-02,Mahatma Gandhi's Birthday
JAMMU,2009-10-17,Diwali (Deepavali)
JAMMU,2009-10-26,Accession Day
JAMMU,2009-11-02,Guru Nanak's Birthday
JAMMU,2009-11-28,Eid al-Adha
JAMMU,2009-12-25,Christmas
JAMMU,2009-12-28,Ashura
JAMMU,2010-01-26,Republic Day
JAMMU,2010-02-27,Prophet's Birthday
JAMMU,2010-03-01,Holi
JAMMU,2010-03-17,1st Navratra
JAMMU,2010-03-21,Nowruz
JAMMU,2010-03-24,Ram Navami
JAMMU,2010-04-02,Good Friday
JAMMU,2010-04-14,Baisakhi; Dr. B. R. Ambedkar's Birthday
JAMMU,2010-04-28,Mahavira's Birthday
JAMMU,2010-05-27,Buddha Purnima
JAMMU,2010-07-10,Shab-I-Miraj (estimated)
JAMMU,2010-08-15,Independence Day
JAMMU,2010-09-02,Janmashtami (Vaishnava)
JAMMU,2010-09-11,Eid al-Fitr
JAMMU,2010-09-23,Maharaja Hari Singh's Birthday
JAMMU,2010-10-02,Mahatma Gandhi's Birthday
JAMMU,2010-10-16,Mahanavami
JAMMU,2010-10-17,Dussehra
JAMMU,2010-10-26,Accession Day
JAMMU,2010-11-05,Diwali (Deepavali)
JAMMU,2010-11-17,Eid al-Adha
JAMMU,2010-11-21,Guru Nanak's Birthday
JAMMU,2010-12-17,Ashura
JAMMU,2010-12-25,Christmas
JAMMU,2011-01-26,Republic Day
JAMMU,2011-02-16,Prophet's Birthday
JAMMU,2011-03-02,Maha Shivaratri
JAMMU,2011-03-21,Nowruz
JAMMU,2011-04-04,1st Navratra
JAMMU,2011-04-12,Ram Navami
JAMMU,2011-04-14,Baisakhi; Dr. B. R. Ambedkar's Birthday
JAMMU,2011-04-16,Mahavira's Birthday
JAMMU,2011-04-22,Good Friday
JAMMU,2011-05-17,Buddha Purnima
JAMMU,2011-06-30,Shab-I-Miraj (estimated)
JAMMU,2011-08-15,Independence Day
JAMMU,2011-08-22,Janmashtami (Vaishnava)
JAMMU,2011-08-31,Eid al-Fitr
JAMMU,2011-09-23,Maharaja Hari Singh's Birthday
JAMMU,2011-10-02,Mahatma Gandhi's Birthday
JAMMU,2011-10-05,Mahanavami
JAMMU,2011-10-06,Dussehra
JAMMU,2011-10-26,Accession Day; Diwali (Deepavali)
JAMMU,2011-11-07,Eid al-Adha
JAMMU,2011-11-10,Guru Nanak's Birthday
JAMMU,2011-12-06,Ashura
JAMMU,2011-12-25,Christmas
JAMMU,2012-01-26,Republic Day
JAMMU,2012-02-05,Prophet's Birthday
JAMMU,2012-02-20,Maha Shivaratri
JAMMU,2012-03-08,Holi
JAMMU,2012-03-20,Nowruz
JAMMU,2012-03-23,1st Navratra
JAMMU,2012-04-05,Mahavira's Birthday
JAMMU,2012-04-06,Good Friday
JAMMU,2012-04-13,Baisakhi
JAMMU,2012-04-14,Dr. B. R. Ambedkar's Birthday
JAMMU,2012-05-06,Buddha Purnima
JAMMU,2012-06-18,Shab-I-Miraj (estimated)
JAMMU,2012-08-10,Janmashtami (Vaishnava)
JAMMU,2012-08-15,Independence Day
JAMMU,2012-08-20,Eid al-Fitr
JAMMU,2012-09-23,Maharaja Hari Singh's Birthday
JAMMU,2012-10-02,Mahatma Gandhi's Birthday
JAMMU,2012-10-23,Mahanavami
JAMMU,2012-10-24,Dussehra
JAMMU,2012-10-26,Accession Day
JAMMU,2012-10-27,Eid al-Adha
JAMMU,2012-11-13,Diwali (Deepavali)
JAMMU,2012-11-25,Ashura
JAMMU,2012-11-28,Guru Nanak's Birthday
JAMMU,2012-12-25,Christmas
JAMMU,2013-01-25,Prophet's Birthday
JAMMU,2013-01-26,Republic Day
JAMMU,2013-03-21,Nowruz
JAMMU,2013-03-27,Holi
JAMMU,2013-03-29,Good Friday
JAMMU,2013-04-11,1st Navratra
JAMMU,2013-04-13,Baisakhi
JAMMU,2013-04-14,Dr. B. R. Ambedkar's Birthday
JAMMU,2013-04-19,Ram Navami
JAMMU,2013-04-24,Mahavira's Birthday
JAMMU,2013-05-25,Buddha Purnima
JAMMU,2013-06-07,Shab-I-Miraj (estimated)
JAMMU,2013-08-09,Eid al-Fitr
JAMMU,2013-08-15,Independence Day
JAMMU,2013-08-28,Janmashtami (Vaishnava)
JAMMU,2013-09-23,Maharaja Hari Singh's Birthday
JAMMU,2013-10-02,Mahatma Gandhi's Birthday
JAMMU,2013-10-12,Mahanavami
JAMMU,2013-10-13,Dussehra
JAMMU,2013-10-16,Eid al-Adha
JAMMU,2013-10-26,Accession Day
JAMMU,2013-11-03,Diwali (Deepavali)
JAMMU,2013-11-14,Ashura
JAMMU,2013-11-17,Guru Nanak's Birthday
JAMMU,2013-12-25,Christmas
JAMMU,2014-01-14,Prophet's Birthday
JAMMU,2014-01-26,Republic Day
JAMMU,2014-03-17,Holi
JAMMU,2014-03-21,Nowruz
JAMMU,2014-03-31,1st Navratra
JAMMU,2014-04-08,Ram Navami
JAMMU,2014-04-13,Mahavira's Birthday
JAMMU,2014-04-14,Baisakhi; Dr. B. R. Ambedkar's Birthday
JAMMU,2014-04-18,Good Friday
JAMMU,2014-05-14,Buddha Purnima
JAMMU,2014-05-27,Shab-I-Miraj (estimated)
JAMMU,2014-07-29,Eid al-Fitr
JAMMU,2014-08-15,Independence Day
JAMMU,2014-08-18,Janmashtami (Vaishnava)
JAMMU,2014-09-23,Maharaja Hari Singh's Birthday
JAMMU,2014-10-02,Mahanavami; Mahatma Gandhi's Birthday
JAMMU,2014-10-03,Dussehra
JAMMU,2014-10-06,Eid al-Adha
JAMMU,2014-10-23,Diwali (Deepavali)
JAMMU,2014-10-26,Accession Day
JAMMU,2014-11-04,Ashura
JAMMU,2014-11-06,Guru Nanak's Birthday
JAMMU,2014-12-25,Christmas
JAMMU,2015-01-04,Prophet's Birthday
JAMMU,2015-01-26,Republic Day
JAMMU,2015-03-06,Holi
JAMMU,2015-03-21,1st Navratra; Nowruz
JAMMU,2015-03-28,Ram Navami
JAMMU,2015-04-02,Mahavira's Birthday
JAMMU,2015-04-03,Good Friday
JAMMU,2015-04-14,Baisakhi; Dr. B. R. Ambedkar's Birthday
JAMMU,2015-05-04,Buddha Purnima
JAMMU,2015-05-17,Shab-I-Miraj (estimated)
JAMMU,2015-07-18,Eid al-Fitr
JAMMU,2015-08-15,Independence Day
JAMMU,2015-09-05,Janmashtami (Vaishnava)
JAMMU,2015-09-23,Maharaja Hari Singh's Birthday
JAMMU,2015-09-25,Eid al-Adha
JAMMU,2015-10-02,Mahatma Gandhi's Birthday
JAMMU,2015-10-21,Mahanavami
JAMMU,2015-10-22,Dussehra
JAMMU,2015-10-24,Ashura
JAMMU,2015-10-26,Accession Day
JAMMU,2015-11-11,Diwali (Deepavali)
JAMMU,2015-11-25,Guru Nanak's Birthday
JAMMU,2015-12-24,Prophet's Birthday
JAMMU,2015-12-25,Christmas
JAMMU,2016-01-26,Republic Day
JAMMU,2016-03-20,Nowruz
JAMMU,2016-03-24,Holi
JAMMU,2016-03-25,Good Friday
JAMMU,2016-04-08,1st Navratra
JAMMU,2016-04-13,Baisakhi
JAMMU,2016-04-14,Dr. B. R. Ambedkar's Birthday
JAMMU,2016-04-15,Ram Navami
JAMMU,2016-04-20,Mahavira's Birthday
JAMMU,2016-05-05,Shab-I-Miraj (estimated)
JAMMU,2016-05-21,Buddha Purnima
JAMMU,2016-07-06,Eid al-Fitr
JAMMU,2016-08-15,Independence Day
JAMMU,2016-08-25,Janmashtami (Vaishnava)
JAMMU,2016-09-12,Eid al-Adha
JAMMU,2016-09-23,Maharaja Hari Singh's Birthday
JAMMU,2016-10-02,Mahatma Gandhi's Birthday
JAMMU,2016-10-10,Mahanavami
JAMMU,2016-10-11,Dussehra
JAMMU,2016-10-12,Ashura
JAMMU,2016-10-26,Accession Day
JAMMU,2016-10-30,Diwali (Deepavali)
JAMMU,2016-11-14,Guru Nanak's Birthday
JAMMU,2016-12-13,Prophet's Birthday
JAMMU,2016-12-25,Christmas
JAMMU,2017-01-26,Republic Day
JAMMU,2017-02-24,Maha Shivaratri
JAMMU,2017-03-13,Holi
JAMMU,2017-03-21,Nowruz
JAMMU,2017-03-29,1st Navratra
JAMMU,2017-04-04,Ram Navami
JAMMU,2017-04-09,Mahavira's Birthday
JAMMU,2017-04-14,Baisakhi; Dr. B. R. Ambedkar's Birthday; Good Friday
JAMMU,2017-04-25,Shab-I-Miraj (estimated)
JAMMU,2017-05-10,Buddha Purnima
JAMMU,2017-06-26,Eid al-Fitr
JAMMU,2017-08-15,Independence Day
JAMMU,2017-09-02,Eid al-Adha
JAMMU,2017-09-23,Maharaja Hari Singh's Birthday
JAMMU,2017-09-29,Mahanavami
JAMMU,2017-09-30,Dussehra
JAMMU,2017-10-01,Ashura
JAMMU,2017-10-02,Mahatma Gandhi's Birthday
JAMMU,2017-10-19,Diwali (Deepavali)
JAMMU,2017-10-26,Accession Day
JAMMU,2017-11-04,Guru Nanak's Birthday
JAMMU,2017-12-02,Prophet's Birthday
JAMMU,2017-12-25,Christmas
JAMMU,2018-01-26,Republic Day
JAMMU,2018-02-13,Maha Shivaratri
JAMMU,2018-03-02,Holi
JAMMU,2018-03-18,1st Navratra
JAMMU,2018-03-21,Nowruz
JAMMU,2018-03-29,Mahavira's Birthday
JAMMU,2018-03-30,Good Friday
JAMMU,2018-04-14,Baisakhi; Dr. B. R. Ambedkar's Birthday; Shab-I-Miraj (estimated)
JAMMU,2018-04-30,Buddha Purnima
JAMMU,2018-06-16,Eid al-Fitr
JAMMU,2018-08-15,Independence Day
JAMMU,2018-08-22,Eid al-Adha
JAMMU,2018-09-03,Janmashtami (Vaishnava)
JAMMU,2018-09-21,Ashura
JAMMU,2018-09-23,Maharaja Hari Singh's Birthday
JAMMU,2018-10-02,Mahatma Gandhi's Birthday
JAMMU,2018-10-17,Mahanavami
JAMMU,2018-10-19,Dussehra
JAMMU,2018-10-26,Accession Day
JAMMU,2018-11-07,Diwali (Deepavali)
JAMMU,2018-11-21,Prophet's Birthday
JAMMU,2018-11-23,Guru Nanak's Birthday
JAMMU,2018-12-25,Christmas
JAMMU,2019-01-26,Republic Day
JAMMU,2019-03-04,Maha Shivaratri
JAMMU,2019-03-21,Holi; Nowruz
JAMMU,2019-04-04,Shab-I-Miraj (estimated)
JAMMU,2019-04-06,1st Navratra
JAMMU,2019-04-13,Ram Navami
JAMMU,2019-04-14,Baisakhi; Dr. B. R. Ambedkar's Birthday
JAMMU,2019-04-17,Mahavira's Birthday
JAMMU,2019-04-19,Good Friday
JAMMU,2019-05-18,Buddha Purnima
JAMMU,2019-06-05,Eid al-Fitr
JAMMU,2019-08-12,Eid al-Adha
JAMMU,2019-08-15,Independence Day
JAMMU,2019-08-24,Janmashtami (Vaishnava)
JAMMU,2019-09-10,Ashura
JAMMU,2019-09-23,Maharaja Hari Singh's Birthday
JAMMU,2019-10-02,Mahatma Gandhi's Birthday
JAMMU,2019-10-06,Mahanavami
JAMMU,2019-10-08,Dussehra
JAMMU,2019-10-26,Accession Day
JAMMU,2019-10-27,Diwali (Deepavali)
JAMMU,2019-11-10,Prophet's Birthday
JAMMU,2019-11-12,Guru Nanak's Birthday
JAMMU,2019-12-25,Christmas
JAMMU,2020-01-26,Republic Day
JAMMU,2020-03-10,Holi
JAMMU,2020-03-20,Nowruz
JAMMU,2020-03-23,Shab-I-Miraj (estimated)
JAMMU,2020-03-25,1st Navratra
JAMMU,2020-04-02,Ram Navami
JAMMU,2020-04-06,Mahavira's Birthday
JAMMU,2020-04-10,Good Friday
JAMMU,2020-04-13,Baisakhi
JAMMU,2020-04-14,Dr. B. R. Ambedkar's Birthday
JAMMU,2020-05-07,Buddha Purnima
JAMMU,2020-05-25,Eid al-Fitr
JAMMU,2020-08-01,Eid al-Adha
JAMMU,2020-08-12,Janmashtami (Vaishnava)
JAMMU,2020-08-15,Independence Day
JAMMU,2020-08-30,Ashura
JAMMU,2020-09-23,Maharaja Hari Singh's Birthday
JAMMU,2020-10-02,Mahatma Gandhi's Birthday
JAMMU,2020-10-24,Mahanavami
JAMMU,2020-10-25,Dussehra
JAMMU,2020-10-26,Accession Day
JAMMU,2020-10-30,Prophet's Birthday
JAMMU,2020-11-14,Diwali (Deepavali)
JAMMU,2020-11-30,Guru Nanak's Birthday
JAMMU,2020-12-25,Christmas
JHARKHAND,2006-01-11,Eid al-Adha
JHARKHAND,2006-01-26,Republic Day
JHARKHAND,2006-02-09,Ashura
JHARKHAND,2006-02-26,Maha Shivaratri
JHARKHAND,2006-03-15,Holi
JHARKHAND,2006-04-06,Ram Navami
JHARKHAND,2006-04-11,Mahavira's Birthday; Prophet's Birthday
JHARKHAND,2006-04-14,Dr. B. R. Ambedkar's Birthday; Good Friday
JHARKHAND,2006-05-13,Buddha Purnima
JHARKHAND,2006-08-15,Independence Day
JHARKHAND,2006-08-16,Janmashtami (Vaishnava)
JHARKHAND,2006-10-02,Dussehra; Mahatma Gandhi's Birthday
JHARKHAND,2006-10-21,Diwali (Deepavali)
JHARKHAND,2006-10-25,Eid al-Fitr
JHARKHAND,2006-10-28,Chhath Puja
JHARKHAND,2006-11-05,Guru Nanak's Birthday
JHARKHAND,2006-11-15,Jharkhand Formation Day
JHARKHAND,2006-12-25,Christmas
JHARKHAND,2007-01-01,Eid al-Adha
JHARKHAND,2007-01-26,Republic Day
JHARKHAND,2007-01-30,Ashura
JHARKHAND,2007-02-16,Maha Shivaratri
JHARKHAND,2007-03-04,Holi
JHARKHAND,2007-03-26,Ram Navami
JHARKHAND,2007-03-31,Mahavira's Birthday
JHARKHAND,2007-04-01,Prophet's Birthday
JHARKHAND,2007-04-06,Good Friday
JHARKHAND,2007-04-14,Dr. B. R. Ambedkar's Birthday
JHARKHAND,2007-05-02,Buddha Purnima
JHARKHAND,2007-08-15,Independence Day
JHARKHAND,2007-09-04,Janmashtami (Vaishnava)
JHARKHAND,2007-10-02,Mahatma Gandhi's Birthday
JHARKHAND,2007-10-14,Eid al-Fitr
JHARKHAND,2007-10-21,Dussehra
JHARKHAND,2007-11-09,Diwali (Deepavali)
JHARKHAND,2007-11-15,Jharkhand Formation Day
JHARKHAND,2007-11-16,Chhath Puja
JHARKHAND,2007-11-24,Guru Nanak's Birthday
JHARKHAND,2007-12-21,Eid al-Adha
JHARKHAND,2007-12-25,Christmas
JHARKHAND,2008-01-19,Ashura
JHARKHAND,2008-01-26,Republic Day
JHARKHAND,2008-03-06,Maha Shivaratri
JHARKHAND,2008-03-21,Good Friday; Prophet's Birthday
JHARKHAND,2008-03-22,Holi
JHARKHAND,2008-04-14,Dr. B. R. Ambedkar's Birthday; Ram Navami
JHARKHAND,2008-04-18,Mahavira's Birthday
JHARKHAND,2008-05-20,Buddha Purnima
JHARKHAND,2008-08-15,Independence Day
JHARKHAND,2008-10-02,Eid al-Fitr; Mahatma Gandhi's Birthday
JHARKHAND,2008-10-09,Dussehra
JHARKHAND,2008-10-28,Diwali (Deepavali)
JHARKHAND,2008-11-04,Chhath Puja
JHARKHAND,2008-11-13,Guru Nanak's Birthday
JHARKHAND,2008-11-15,Jharkhand Formation Day
JHARKHAND,2008-12-09,Eid al-Adha
JHARKHAND,2008-12-25,Christmas
JHARKHAND,2009-01-08,Ashura
JHARKHAND,2009-01-26,Republic Day
JHARKHAND,2009-03-10,Prophet's Birthday
JHARKHAND,2009-03-11,Holi
JHARKHAND,2009-04-03,Ram Navami
JHARKHAND,2009-04-07,Mahavira's Birthday
JHARKHAND,2009-04-10,Good Friday
JHARKHAND,2009-04-14,Dr. B. R. Ambedkar's Birthday
JHARKHAND,2009-05-08,Buddha Purnima
JHARKHAND,2009-08-14,Janmashtami (Vaishnava)
JHARKHAND,2009-08-15,Independence Day
JHARKHAND,2009-09-21,Eid al-Fitr
JHARKHAND,2009-09-28,Dussehra
JHARKHAND,2009-10-02,Mahatma Gandhi's Birthday
JHARKHAND,2009-10-17,Diwali (Deepavali)
JHARKHAND,2009-10-24,Chhath Puja
JHARKHAND,2009-11-02,Guru Nanak's Birthday
JHARKHAND,2009-11-15,Jharkhand Formation Day
JHARKHAND,2009-11-28,Eid al-Adha
JHARKHAND,2009-12-25,Christmas
JHARKHAND,2009-12-28,Ashura
JHARKHAND,2010-01-26,Republic Day
JHARKHAND,2010-02-27,Prophet's Birthday
JHARKHAND,2010-03-01,Holi
JHARKHAND,2010-03-24,Ram Navami
JHARKHAND,2010-04-02,Good Friday
JHARKHAND,2010-04-14,Dr. B. R. Ambedkar's Birthday
JHARKHAND,2010-04-28,Mahavira's Birthday
JHARKHAND,2010-05-27,Buddha Purnima
JHARKHAND,2010-08-15,Independence Day
JHARKHAND,2010-09-02,Janmashtami (Vaishnava)
JHARKHAND,2010-09-11,Eid al-Fitr
JHARKHAND,2010-10-02,Mahatma Gandhi's Birthday
JHARKHAND,2010-10-17,Dussehra
JHARKHAND,2010-11-05,Diwali (Deepavali)
JHARKHAND,2010-11-11,Chhath Puja
JHARKHAND,2010-11-15,Jharkhand Formation Day
JHARKHAND,2010-11-17,Eid al-Adha
JHARKHAND,2010-11-21,Guru Nanak's Birthday
JHARKHAND,2010-12-17,Ashura
JHARKHAND,2010-12-25,Christmas
JHARKHAND,2011-01-26,Republic Day
JHARKHAND,2011-02-16,Prophet's Birthday
JHARKHAND,2011-03-02,Maha Shivaratri
JHARKHAND,2011-04-12,Ram Navami
JHARKHAND,2011-04-14,Dr. B. R. Ambedkar's Birthday
JHARKHAND,2011-04-16,Mahavira's Birthday
JHARKHAND,2011-04-22,Good Friday
JHARKHAND,2011-05-17,Buddha Purnima
JHARKHAND,2011-08-15,Independence Day
JHARKHAND,2011-08-22,Janmashtami (Vaishnava)
JHARKHAND,2011-08-31,Eid al-Fitr
JHARKHAND,2011-10-02,Mahatma Gandhi's Birthday
JHARKHAND,2011-10-06,Dussehra
JHARKHAND,2011-10-26,Diwali (Deepavali)
JHARKHAND,2011-11-01,Chhath Puja
JHARKHAND,2011-11-07,Eid al-Adha
JHARKHAND,2011-11-10,Guru Nanak's Birthday
JHARKHAND,2011-11-15,Jharkhand Formation Day
JHARKHAND,2011-12-06,Ashura
JHARKHAND,2011-12-25,Christmas
JHARKHAND,2012-01-26,Republic Day
JHARKHAND,2012-02-05,Prophet's Birthday
JHARKHAND,2012-02-20,Maha Shivaratri
JHARKHAND,2012-03-08,Holi
JHARKHAND,2012-04-05,Mahavira's Birthday
JHARKHAND,2012-04-06,Good Friday
JHARKHAND,2012-04-14,Dr. B. R. Ambedkar's Birthday
JHARKHAND,2012-05-06,Buddha Purnima
JHARKHAND,2012-08-10,Janmashtami (Vaishnava)
JHARKHAND,2012-08-15,Independence Day
JHARKHAND,2012-08-20,Eid al-Fitr
JHARKHAND,2012-10-02,Mahatma Gandhi's Birthday
JHARKHAND,2012-10-24,Dussehra
JHARKHAND,2012-10-27,Eid al-Adha
JHARKHAND,2012-11-13,Diwali (Deepavali)
JHARKHAND,2012-11-15,Jharkhand Formation Day
JHARKHAND,2012-11-19,Chhath Puja
JHARKHAND,2012-11-25,Ashura
JHARKHAND,2012-11-28,Guru Nanak's Birthday
JHARKHAND,2012-12-25,Christmas
JHARKHAND,2013-01-25,Prophet's Birthday
JHARKHAND,2013-01-26,Republic Day
JHARKHAND,2013-03-27,Holi
JHARKHAND,2013-03-29,Good Friday
JHARKHAND,2013-04-14,Dr. B. R. Ambedkar's Birthday
JHARKHAND,2013-04-19,Ram Navami
JHARKHAND,2013-04-24,Mahavira's Birthday
JHARKHAND,2013-05-25,Buddha Purnima
JHARKHAND,2013-08-09,Eid al-Fitr
JHARKHAND,2013-08-15,Independence Day
JHARKHAND,2013-08-28,Janmashtami (Vaishnava)
JHARKHAND,2013-10-02,Mahatma Gandhi's Birthday
JHARKHAND,2013-10-13,Dussehra
JHARKHAND,2013-10-16,Eid al-Adha
JHARKHAND,2013-11-03,Diwali (Deepavali)
JHARKHAND,2013-11-08,Chhath Puja
JHARKHAND,2013-11-14,Ashura
JHARKHAND,2013-11-15,Jharkhand Formation Day
JHARKHAND,2013-11-17,Guru Nanak's Birthday
JHARKHAND,2013-12-25,Christmas
JHARKHAND,2014-01-14,Prophet's Birthday
JHARKHAND,2014-01-26,Republic Day
JHARKHAND,2014-03-17,Holi
JHARKHAND,2014-04-08,Ram Navami
JHARKHAND,2014-04-13,Mahavira's Birthday
JHARKHAND,2014-04-14,Dr. B. R. Ambedkar's Birthday
JHARKHAND,2014-04-18,Good Friday
JHARKHAND,2014-05-14,Buddha Purnima
JHARKHAND,2014-07-29,Eid al-Fitr
JHARKHAND,2014-08-15,Independence Day
JHARKHAND,2014-08-18,Janmashtami (Vaishnava)
JHARKHAND,2014-10-02,Mahatma Gandhi's Birthday
JHARKHAND,2014-10-03,Dussehra
JHARKHAND,2014-10-06,Eid al-Adha
JHARKHAND,2014-10-23,Diwali (Deepavali)
JHARKHAND,2014-10-29,Chhath Puja
JHARKHAND,2014-11-04,Ashura
JHARKHAND,2014-11-06,Guru Nanak's Birthday
JHARKHAND,2014-11-15,Jharkhand Formation Day
JHARKHAND,2014-12-25,Christmas
JHARKHAND,2015-01-04,Prophet's Birthday
JHARKHAND,2015-01-26,Republic Day
JHARKHAND,2015-03-06,Holi
JHARKHAND,2015-03-28,Ram Navami
JHARKHAND,2015-04-02,Mahavira's Birthday
JHARKHAND,2015-04-03,Good Friday
JHARKHAND,2015-04-14,Dr. B. R. Ambedkar's Birthday
JHARKHAND,2015-05-04,Buddha Purnima
JHARKHAND,2015-07-18,Eid al-Fitr
JHARKHAND,2015-08-15,Independence Day
JHARKHAND,2015-09-05,Janmashtami (Vaishnava)
JHARKHAND,2015-09-25,Eid al-Adha
JHARKHAND,2015-10-02,Mahatma Gandhi's Birthday
JHARKHAND,2015-10-22,Dussehra
JHARKHAND,2015-10-24,Ashura
JHARKHAND,2015-11-11,Diwali (Deepavali)
JHARKHAND,2015-11-15,Jharkhand Formation Day
JHARKHAND,2015-11-17,Chhath Puja
JHARKHAND,2015-11-25,Guru Nanak's Birthday
JHARKHAND,2015-12-24,Prophet's Birthday
JHARKHAND,2015-12-25,Christmas
JHARKHAND,2016-01-26,Republic Day
JHARKHAND,2016-03-24,Holi
JHARKHAND,2016-03-25,Good Friday
JHARKHAND,2016-04-14,Dr. B. R. Ambedkar's Birthday
JHARKHAND,2016-04-15,Ram Navami
JHARKHAND,2016-04-20,Mahavira's Birthday
JHARKHAND,2016-05-21,Buddha Purnima
JHARKHAND,2016-07-06,Eid al-Fitr
JHARKHAND,2016-08-15,Independence Day
JHARKHAND,2016-08-25,Janmashtami (Vaishnava)
JHARKHAND,2016-09-12,Eid al-Adha
JHARKHAND,2016-10-02,Mahatma Gandhi's Birthday
JHARKHAND,2016-10-11,Dussehra
JHARKHAND,2016-10-12,Ashura
JHARKHAND,2016-10-30,Diwali (Deepavali)
JHARKHAND,2016-11-06,Chhath Puja
JHARKHAND,2016-11-14,Guru Nanak's Birthday
JHARKHAND,2016-11-15,Jharkhand Formation Day
JHARKHAND,2016-12-13,Prophet's Birthday
JHARKHAND,2016-12-25,Christmas
JHARKHAND,2017-01-26,Republic Day
JHARKHAND,2017-02-24,Maha Shivaratri
JHARKHAND,2017-03-13,Holi
JHARKHAND,2017-04-04,Ram Navami
JHARKHAND,2017-04-09,Mahavira's Birthday
JHARKHAND,2017-04-14,Dr. B. R. Ambedkar's Birthday; Good Friday
JHARKHAND,2017-05-10,Buddha Purnima
JHARKHAND,2017-06-26,Eid al-Fitr
JHARKHAND,2017-08-15,Independence Day
JHARKHAND,2017-09-02,Eid al-Adha
JHARKHAND,2017-09-30,Dussehra
JHARKHAND,2017-10-01,Ashura
JHARKHAND,2017-10-02,Mahatma Gandhi's Birthday
JHARKHAND,2017-10-19,Diwali (Deepavali)
JHARKHAND,2017-10-26,Chhath Puja
JHARKHAND,2017-11-04,Guru Nanak's Birthday
JHARKHAND,2017-11-15,Jharkhand Formation Day
JHARKHAND,2017-12-02,Prophet's Birthday
JHARKHAND,2017-12-25,Christmas
JHARKHAND,2018-01-26,Republic Day
JHARKHAND,2018-02-13,Maha Shivaratri
JHARKHAND,2018-03-02,Holi
JHARKHAND,2018-03-29,Mahavira's Birthday
JHARKHAND,2018-03-30,Good Friday
JHARKHAND,2018-04-14,Dr. B. R. Ambedkar's Birthday
JHARKHAND,2018-04-30,Buddha Purnima
JHARKHAND,2018-06-16,Eid al-Fitr
JHARKHAND,2018-08-15,Independence Day
JHARKHAND,2018-08-22,Eid al-Adha
JHARKHAND,2018-09-03,Janmashtami (Vaishnava)
JHARKHAND,2018-09-21,Ashura
JHARKHAND,2018-10-02,Mahatma Gandhi's Birthday
JHARKHAND,2018-10-19,Dussehra
JHARKHAND,2018-11-07,Diwali (Deepavali)
JHARKHAND,2018-11-13,Chhath Puja
JHARKHAND,2018-11-15,Jharkhand Formation Day
JHARKHAND,2018-11-21,Prophet's Birthday
JHARKHAND,2018-11-23,Guru Nanak's Birthday
JHARKHAND,2018-12-25,Christmas
JHARKHAND,2019-01-26,Republic Day
JHARKHAND,2019-03-04,Maha Shivaratri
JHARKHAND,2019-03-21,Holi
JHARKHAND,2019-04-13,Ram Navami
JHARKHAND,2019-04-14,Dr. B. R. Ambedkar's Birthday
JHARKHAND,2019-04-17,Mahavira's Birthday
JHARKHAND,2019-04-19,Good Friday
JHARKHAND,2019-05-18,Buddha Purnima
JHARKHAND,2019-06-05,Eid al-Fitr
JHARKHAND,2019-08-12,Eid al-Adha
JHARKHAND,2019-08-15,Independence Day
JHARKHAND,2019-08-24,Janmashtami (Vaishnava)
JHARKHAND,2019-09-10,Ashura
JHARKHAND,2019-10-02,Mahatma Gandhi's Birthday
JHARKHAND,2019-10-08,Dussehra
JHARKHAND,2019-10-27,Diwali (Deepavali)
JHARKHAND,2019-11-02,Chhath Puja
JHARKHAND,2019-11-10,Prophet's Birthday
JHARKHAND,2019-11-12,Guru Nanak's Birthday
JHARKHAND,2019-11-15,Jharkhand Formation Day
JHARKHAND,2019-12-25,Christmas
JHARKHAND,2020-01-26,Republic Day
JHARKHAND,2020-03-10,Holi
JHARKHAND,2020-04-02,Ram Navami
JHARKHAND,2020-04-06,Mahavira's Birthday
JHARKHAND,2020-04-10,Good Friday
JHARKHAND,2020-04-14,Dr. B. R. Ambedkar's Birthday
JHARKHAND,2020-05-07,Buddha Purnima
JHARKHAND,2020-05-25,Eid al-Fitr
JHARKHAND,2020-08-01,Eid al-Adha
JHARKHAND,2020-08-12,Janmashtami (Vaishnava)
JHARKHAND,2020-08-15,Independence Day
JHARKHAND,2020-08-30,Ashura
JHARKHAND,2020-10-02,Mahatma Gandhi's Birthday
JHARKHAND,2020-10-25,Dussehra
JHARKHAND,2020-10-30,Prophet's Birthday
JHARKHAND,2020-11-14,Diwali (Deepavali)
JHARKHAND,2020-11-15,Jharkhand Formation Day
JHARKHAND,2020-11-20,Chhath Puja
JHARKHAND,2020-11-30,Guru Nanak's Birthday
JHARKHAND,2020-12-25,Christmas
KANPUR,2006-01-11,Eid al-Adha
KANPUR,2006-01-26,Republic Day
KANPUR,2006-02-09,Ashura
KANPUR,2006-02-26,Maha Shivaratri
KANPUR,2006-03-15,Holi
KANPUR,2006-04-06,Ram Navami
KANPUR,2006-04-11,Mahavira's Birthday; Prophet's Birthday
KANPUR,2006-04-14,Dr. B. R. Ambedkar's Birthday; Good Friday
KANPUR,2006-05-13,Buddha Purnima
KANPUR,2006-08-09,Raksha Bandhan
KANPUR,2006-08-15,Independence Day
KANPUR,2006-08-16,Janmashtami (Vaishnava)
KANPUR,2006-10-02,Dussehra; Mahatma Gandhi's Birthday
KANPUR,2006-10-21,Diwali (Deepavali)
KANPUR,2006-10-22,Govardhan Puja
KANPUR,2006-10-23,Bhai Duj; Chitragupt's Birthday
KANPUR,2006-10-25,Eid al-Fitr
KANPUR,2006-11-05,Guru Nanak's Birthday
KANPUR,2006-12-25,Christmas
KANPUR,2007-01-01,Eid al-Adha
KANPUR,2007-01-26,Republic Day
KANPUR,2007-01-30,Ashura
KANPUR,2007-02-16,Maha Shivaratri
KANPUR,2007-03-04,Holi
KANPUR,2007-03-26,Ram Navami
KANPUR,2007-03-31,Mahavira's Birthday
KANPUR,2007-04-01,Prophet's Birthday
KANPUR,2007-04-06,Good Friday
KANPUR,2007-04-14,Dr. B. R. Ambedkar's Birthday
KANPUR,2007-05-02,Buddha Purnima
KANPUR,2007-08-15,Independence Day
KANPUR,2007-08-28,Raksha Bandhan
KANPUR,2007-09-04,Janmashtami (Vaishnava)
KANPUR,2007-10-02,Mahatma Gandhi's Birthday
KANPUR,2007-10-14,Eid al-Fitr
KANPUR,2007-10-21,Dussehra
KANPUR,2007-11-09,Diwali (Deepavali)
KANPUR,2007-11-10,Govardhan Puja
KANPUR,2007-11-11,Bhai Duj; Chitragupt's Birthday
KANPUR,2007-11-24,Guru Nanak's Birthday
KANPUR,2007-12-21,Eid al-Adha
KANPUR,2007-12-25,Christmas
KANPUR,2008-01-19,Ashura
KANPUR,2008-01-26,Republic Day
KANPUR,2008-03-06,Maha Shivaratri
KANPUR,2008-03-21,Good Friday; Prophet's Birthday
KANPUR,2008-03-22,Holi
KANPUR,2008-04-14,Dr. B. R. Ambedkar's Birthday; Ram Navami
KANPUR,2008-04-18,Mahavira's Birthday
KANPUR,2008-05-20,Buddha Purnima
KANPUR,2008-08-15,Independence Day
KANPUR,2008-08-16,Raksha Bandhan
KANPUR,2008-10-02,Eid al-Fitr; Mahatma Gandhi's Birthday
KANPUR,2008-10-09,Dussehra
KANPUR,2008-10-28,Diwali (Deepavali)
KANPUR,2008-10-29,Govardhan Puja
KANPUR,2008-10-30,Bhai Duj; Chitragupt's Birthday
KANPUR,2008-11-13,Guru Nanak's Birthday
KANPUR,2008-12-09,Eid al-Adha
KANPUR,2008-12-25,Christmas
KANPUR,2009-01-08,Ashura
KANPUR,2009-01-26,Republic Day
KANPUR,2009-03-10,Prophet's Birthday
KANPUR,2009-03-11,Holi
KANPUR,2009-04-03,Ram Navami
KANPUR,2009-04-07,Mahavira's Birthday
KANPUR,2009-04-10,Good Friday
KANPUR,2009-04-14,Dr. B. R. Ambedkar's Birthday
KANPUR,2009-05-08,Buddha Purnima
KANPUR,2009-08-05,Raksha Bandhan
KANPUR,2009-08-14,Janmashtami (Vaishnava)
KANPUR,2009-08-15,Independence Day
KANPUR,2009-09-21,Eid al-Fitr
KANPUR,2009-09-28,Dussehra
KANPUR,2009-10-02,Mahatma Gandhi's Birthday
KANPUR,2009-10-17,Diwali (Deepavali)
KANPUR,2009-10-18,Govardhan Puja
KANPUR,2009-10-19,Bhai Duj; Chitragupt's Birthday
KANPUR,2009-11-02,Guru Nanak's Birthday
KANPUR,2009-11-28,Eid al-Adha
KANPUR,2009-12-25,Christmas
KANPUR,2009-12-28,Ashura
KANPUR,2010-01-26,Republic Day
KANPUR,2010-02-27,Prophet's Birthday
KANPUR,2010-03-01,Holi
KANPUR,2010-03-24,Ram Navami
KANPUR,2010-04-02,Good Friday
KANPUR,2010-04-14,Dr. B. R. Ambedkar's Birthday
KANPUR,2010-04-28,Mahavira's Birthday
KANPUR,2010-05-27,Buddha Purnima
KANPUR,2010-08-15,Independence Day
KANPUR,2010-08-24,Raksha Bandhan
KANPUR,2010-09-02,Janmashtami (Vaishnava)
KANPUR,2010-09-11,Eid al-Fitr
KANPUR,2010-10-02,Mahatma Gandhi's Birthday
KANPUR,2010-10-17,Dussehra
KANPUR,2010-11-05,Diwali (Deepavali)
KANPUR,2010-11-06,Govardhan Puja
KANPUR,2010-11-07,Bhai Duj; Chitragupt's Birthday
KANPUR,2010-11-17,Eid al-Adha
KANPUR,2010-11-21,Guru Nanak's Birthday
KANPUR,2010-12-17,Ashura
KANPUR,2010-12-25,Christmas
KANPUR,2011-01-26,Republic Day
KANPUR,2011-02-16,Prophet's Birthday
KANPUR,2011-03-02,Maha Shivaratri
KANPUR,2011-04-12,Ram Navami
KANPUR,2011-04-14,Dr. B. R. Ambedkar's Birthday
KANPUR,2011-04-16,Mahavira's Birthday
KANPUR,2011-04-22,Good Friday
KANPUR,2011-05-17,Buddha Purnima
KANPUR,2011-08-13,Raksha Bandhan
KANPUR,2011-08-15,Independence Day
KANPUR,2011-08-22,Janmashtami (Vaishnava)
KANPUR,2011-08-31,Eid al-Fitr
KANPUR,2011-10-02,Mahatma Gandhi's Birthday
KANPUR,2011-10-06,Dussehra
KANPUR,2011-10-26,Diwali (Deepavali)
KANPUR,2011-10-27,Govardhan Puja
KANPUR,2011-10-28,Bhai Duj; Chitragupt's Birthday
KANPUR,2011-11-07,Eid al-Adha
KANPUR,2011-11-10,Guru Nanak's Birthday
KANPUR,2011-12-06,Ashura
KANPUR,2011-12-25,Christmas
KANPUR,2012-01-26,Republic Day
KANPUR,2012-02-05,Prophet's Birthday
KANPUR,2012-02-20,Maha Shivaratri
KANPUR,2012-03-08,Holi
KANPUR,2012-04-05,Mahavira's Birthday
KANPUR,2012-04-06,Good Friday
KANPUR,2012-04-14,Dr. B. R. Ambedkar's Birthday
KANPUR,2012-05-06,Buddha Purnima
KANPUR,2012-08-02,Raksha Bandhan
KANPUR,2012-08-10,Janmashtami (Vaishnava)
KANPUR,2012-08-15,Independence Day
KANPUR,2012-08-20,Eid al-Fitr
KANPUR,2012-10-02,Mahatma Gandhi's Birthday
KANPUR,2012-10-24,Dussehra
KANPUR,2012-10-27,Eid al-Adha
KANPUR,2012-11-13,Diwali (Deepavali)
KANPUR,2012-11-14,Govardhan Puja
KANPUR,2012-11-15,Bhai Duj; Chitragupt's Birthday
KANPUR,2012-11-25,Ashura
KANPUR,2012-11-28,Guru Nanak's Birthday
KANPUR,2012-12-25,Christmas
KANPUR,2013-01-25,Prophet's Birthday
KANPUR,2013-01-26,Republic Day
KANPUR,2013-03-27,Holi
KANPUR,2013-03-29,Good Friday
KANPUR,2013-04-14,Dr. B. R. Ambedkar's Birthday
KANPUR,2013-04-19,Ram Navami
KANPUR,2013-04-24,Mahavira's Birthday
KANPUR,2013-05-25,Buddha Purnima
KANPUR,2013-08-09,Eid al-Fitr
KANPUR,2013-08-15,Independence Day
KANPUR,2013-08-20,Raksha Bandhan
KANPUR,2013-08-28,Janmashtami (Vaishnava)
KANPUR,2013-10-02,Mahatma Gandhi's Birthday
KANPUR,2013-10-13,Dussehra
KANPUR,2013-10-16,Eid al-Adha
KANPUR,2013-11-03,Diwali (Deepavali)
KANPUR,2013-11-04,Govardhan Puja
KANPUR,2013-11-05,Bhai Duj; Chitragupt's Birthday
KANPUR,2013-11-14,Ashura
KANPUR,2013-11-17,Guru Nanak's Birthday
KANPUR,2013-12-25,Christmas
KANPUR,2014-01-14,Prophet's Birthday
KANPUR,2014-01-26,Republic Day
KANPUR,2014-03-17,Holi
KANPUR,2014-04-08,Ram Navami
KANPUR,2014-04-13,Mahavira's Birthday
KANPUR,2014-04-14,Dr. B. R. Ambedkar's Birthday
KANPUR,2014-04-18,Good Friday
KANPUR,2014-05-14,Buddha Purnima
KANPUR,2014-07-29,Eid al-Fitr
KANPUR,2014-08-10,Raksha Bandhan
KANPUR,2014-08-15,Independence Day
KANPUR,2014-08-18,Janmashtami (Vaishnava)
KANPUR,2014-10-02,Mahatma Gandhi's Birthday
KANPUR,2014-10-03,Dussehra
KANPUR,2014-10-06,Eid al-Adha
KANPUR,2014-10-23,Diwali (Deepavali)
KANPUR,2014-10-24,Govardhan Puja
KANPUR,2014-10-25,Bhai Duj; Chitragupt's Birthday
KANPUR,2014-11-04,Ashura
KANPUR,2014-11-06,Guru Nanak's Birthday
KANPUR,2014-12-25,Christmas
KANPUR,2015-01-04,Prophet's Birthday
KANPUR,2015-01-26,Republic Day
KANPUR,2015-03-06,Holi
KANPUR,2015-03-28,Ram Navami
KANPUR,2015-04-02,Mahavira's Birthday
KANPUR,2015-04-03,Good Friday
KANPUR,2015-04-14,Dr. B. R. Ambedkar's Birthday
KANPUR,2015-05-04,Buddha Purnima
KANPUR,2015-07-18,Eid al-Fitr
KANPUR,2015-08-15,Independence Day
KANPUR,2015-08-29,Raksha Bandhan
KANPUR,2015-09-05,Janmashtami (Vaishnava)
KANPUR,2015-09-25,Eid al-Adha
KANPUR,2015-10-02,Mahatma Gandhi's Birthday
KANPUR,2015-10-22,Dussehra
KANPUR,2015-10-24,Ashura
KANPUR,2015-11-11,Diwali (Deepavali)
KANPUR,2015-11-12,Govardhan Puja
KANPUR,2015-11-13,Bhai Duj; Chitragupt's Birthday
KANPUR,2015-11-25,Guru Nanak's Birthday
KANPUR,2015-12-24,Prophet's Birthday
KANPUR,2015-12-25,Christmas
KANPUR,2016-01-26,Republic Day
KANPUR,2016-03-24,Holi
KANPUR,2016-03-25,Good Friday
KANPUR,2016-04-14,Dr. B. R. Ambedkar's Birthday
KANPUR,2016-04-15,Ram Navami
KANPUR,2016-04-20,Mahavira's Birthday
KANPUR,2016-05-21,Buddha Purnima
KANPUR,2016-07-06,Eid al-Fitr
KANPUR,2016-08-15,Independence Day
KANPUR,2016-08-18,Raksha Bandhan
KANPUR,2016-08-25,Janmashtami (Vaishnava)
KANPUR,2016-09-12,Eid al-Adha
KANPUR,2016-10-02,Mahatma Gandhi's Birthday
KANPUR,2016-10-11,Dussehra
KANPUR,2016-10-12,Ashura
KANPUR,2016-10-30,Diwali (Deepavali)
KANPUR,2016-10-31,Govardhan Puja
KANPUR,2016-11-01,Bhai Duj; Chitragupt's Birthday
KANPUR,2016-11-14,Guru Nanak's Birthday
KANPUR,2016-12-13,Prophet's Birthday
KANPUR,2016-12-25,Christmas
KANPUR,2017-01-26,Republic Day
KANPUR,2017-02-24,Maha Shivaratri
KANPUR,2017-03-13,Holi
KANPUR,2017-04-04,Ram Navami
KANPUR,2017-04-09,Mahavira's Birthday
KANPUR,2017-04-14,Dr. B. R. Ambedkar's Birthday; Good Friday
KANPUR,2017-05-10,Buddha Purnima
KANPUR,2017-06-26,Eid al-Fitr
KANPUR,2017-08-07,Raksha Bandhan
KANPUR,2017-08-15,Independence Day
KANPUR,2017-09-02,Eid al-Adha
KANPUR,2017-09-30,Dussehra
KANPUR,2017-10-01,Ashura
KANPUR,2017-10-02,Mahatma Gandhi's Birthday
KANPUR,2017-10-19,Diwali (Deepavali)
KANPUR,2017-10-20,Govardhan Puja
KANPUR,2017-10-21,Bhai Duj; Chitragupt's Birthday
KANPUR,2017-11-04,Guru Nanak's Birthday
KANPUR,2017-12-02,Prophet's Birthday
KANPUR,2017-12-25,Christmas
KANPUR,2018-01-26,Republic Day
KANPUR,2018-02-13,Maha Shivaratri
KANPUR,2018-03-02,Holi
KANPUR,2018-03-29,Mahavira's Birthday
KANPUR,2018-03-30,Good Friday
KANPUR,2018-04-14,Dr. B. R. Ambedkar's Birthday
KANPUR,2018-04-30,Buddha Purnima
KANPUR,2018-06-16,Eid al-Fitr
KANPUR,2018-08-15,Independence Day
KANPUR,2018-08-22,Eid al-Adha
KANPUR,2018-08-26,Raksha Bandhan
KANPUR,2018-09-03,Janmashtami (Vaishnava)
KANPUR,2018-09-21,Ashura
KANPUR,2018-10-02,Mahatma Gandhi's Birthday
KANPUR,2018-10-19,Dussehra
KANPUR,2018-11-07,Diwali (Deepavali)
KANPUR,2018-11-08,Govardhan Puja
KANPUR,2018-11-09,Bhai Duj; Chitragupt's Birthday
KANPUR,2018-11-21,Prophet's Birthday
KANPUR,2018-11-23,Guru Nanak's Birthday
KANPUR,2018-12-25,Christmas
KANPUR,2019-01-26,Republic Day
KANPUR,2019-03-04,Maha Shivaratri
KANPUR,2019-03-21,Holi
KANPUR,2019-04-13,Ram Navami
KANPUR,2019-04-14,Dr. B. R. Ambedkar's Birthday
KANPUR,2019-04-17,Mahavira's Birthday
KANPUR,2019-04-19,Good Friday
KANPUR,2019-05-18,Buddha Purnima
KANPUR,2019-06-05,Eid al-Fitr
KANPUR,2019-08-12,Eid al-Adha
KANPUR,2019-08-15,Independence Day; Raksha Bandhan
KANPUR,2019-08-24,Janmashtami (Vaishnava)
KANPUR,2019-09-10,Ashura
KANPUR,2019-10-02,Mahatma Gandhi's Birthday
KANPUR,2019-10-08,Dussehra
KANPUR,2019-10-27,Diwali (Deepavali)
KANPUR,2019-10-28,Govardhan Puja
KANPUR,2019-10-29,Bhai Duj; Chitragupt's Birthday
KANPUR,2019-11-10,Prophet's Birthday
KANPUR,2019-11-12,Guru Nanak's Birthday
KANPUR,2019-12-25,Christmas
KANPUR,2020-01-26,Republic Day
KANPUR,2020-03-10,Holi
KANPUR,2020-04-02,Ram Navami
KANPUR,2020-04-06,Mahavira's Birthday
KANPUR,2020-04-10,Good Friday
KANPUR,2020-04-14,Dr. B. R. Ambedkar's Birthday
KANPUR,2020-05-07,Buddha Purnima
KANPUR,2020-05-25,Eid al-Fitr
KANPUR,2020-08-01,Eid al-Adha
KANPUR,2020-08-03,Raksha Bandhan
KANPUR,2020-08-12,Janmashtami (Vaishnava)
KANPUR,2020-08-15,Independence Day
KANPUR,2020-08-30,Ashura
KANPUR,2020-10-02,Mahatma Gandhi's Birthday
KANPUR,2020-10-25,Dussehra
KANPUR,2020-10-30,Prophet's Birthday
KANPUR,2020-11-14,Diwali (Deepavali)
KANPUR,2020-11-15,Govardhan Puja
KANPUR,2020-11-16,Bhai Duj; Chitragupt's Birthday
KANPUR,2020-11-30,Guru Nanak's Birthday
KANPUR,2020-12-25,Christmas
KOLKATA,2006-01-11,Eid al-Adha
KOLKATA,2006-01-26,Republic Day
KOLKATA,2006-02-09,Ashura
KOLKATA,2006-02-26,Maha Shivaratri
KOLKATA,2006-03-15,Holi
KOLKATA,2006-04-06,Ram Navami
KOLKATA,2006-04-11,Mahavira's Birthday; Prophet's Birthday
KOLKATA,2006-04-14,Dr. B. R. Ambedkar's Birthday; Good Friday
KOLKATA,2006-04-15,Bengali New Year
KOLKATA,2006-05-09,Rabindra Jayanti
KOLKATA,2006-05-13,Buddha Purnima
KOLKATA,2006-08-15,Independence Day
KOLKATA,2006-08-16,Janmashtami (Vaishnava)
KOLKATA,2006-10-02,Dussehra; Mahatma Gandhi's Birthday
KOLKATA,2006-10-21,Diwali (Deepavali)
KOLKATA,2006-10-25,Eid al-Fitr
KOLKATA,2006-11-05,Guru Nanak's Birthday
KOLKATA,2006-12-25,Christmas
KOLKATA,2007-01-01,Eid al-Adha
KOLKATA,2007-01-26,Republic Day
KOLKATA,2007-01-30,Ashura
KOLKATA,2007-02-16,Maha Shivaratri
KOLKATA,2007-03-04,Holi
KOLKATA,2007-03-26,Ram Navami
KOLKATA,2007-03-31,Mahavira's Birthday
KOLKATA,2007-04-01,Prophet's Birthday
KOLKATA,2007-04-06,Good Friday
KOLKATA,2007-04-14,Dr. B. R. Ambedkar's Birthday
KOLKATA,2007-04-15,Bengali New Year
KOLKATA,2007-05-02,Buddha Purnima
KOLKATA,2007-05-09,Rabindra Jayanti
KOLKATA,2007-08-15,Independence Day
KOLKATA,2007-09-04,Janmashtami (Vaishnava)
KOLKATA,2007-10-02,Mahatma Gandhi's Birthday
KOLKATA,2007-10-14,Eid al-Fitr
KOLKATA,2007-10-21,Dussehra
KOLKATA,2007-11-09,Diwali (Deepavali)
KOLKATA,2007-11-24,Guru Nanak's Birthday
KOLKATA,2007-12-21,Eid al-Adha
KOLKATA,2007-12-25,Christmas
KOLKATA,2008-01-19,Ashura
KOLKATA,2008-01-26,Republic Day
KOLKATA,2008-03-06,Maha Shivaratri
KOLKATA,2008-03-21,Good Friday; Prophet's Birthday
KOLKATA,2008-03-22,Holi
KOLKATA,2008-04-14,Dr. B. R. Ambedkar's Birthday; Ram Navami
KOLKATA,2008-04-15,Bengali New Year
KOLKATA,2008-04-18,Mahavira's Birthday
KOLKATA,2008-05-09,Rabindra Jayanti
KOLKATA,2008-05-20,Buddha Purnima
KOLKATA,2008-08-15,Independence Day
KOLKATA,2008-10-02,Eid al-Fitr; Mahatma Gandhi's Birthday
KOLKATA,2008-10-09,Dussehra
KOLKATA,2008-10-28,Diwali (Deepavali)
KOLKATA,2008-11-13,Guru Nanak's Birthday
KOLKATA,2008-12-09,Eid al-Adha
KOLKATA,2008-12-25,Christmas
KOLKATA,2009-01-08,Ashura
KOLKATA,2009-01-26,Republic Day
KOLKATA,2009-03-10,Prophet's Birthday
KOLKATA,2009-03-11,Holi
KOLKATA,2009-04-03,Ram Navami
KOLKATA,2009-04-07,Mahavira's Birthday
KOLKATA,2009-04-10,Good Friday
KOLKATA,2009-04-14,Dr. B. R. Ambedkar's Birthday
KOLKATA,2009-04-15,Bengali New Year
KOLKATA,2009-05-08,Buddha Purnima
KOLKATA,2009-05-09,Rabindra Jayanti
KOLKATA,2009-08-14,Janmashtami (Vaishnava)
KOLKATA,2009-08-15,Independence Day
KOLKATA,2009-09-21,Eid al-Fitr
KOLKATA,2009-09-28,Dussehra
KOLKATA,2009-10-02,Mahatma Gandhi's Birthday
KOLKATA,2009-10-17,Diwali (Deepavali)
KOLKATA,2009-11-02,Guru Nanak's Birthday
KOLKATA,2009-11-28,Eid al-Adha
KOLKATA,2009-12-25,Christmas
KOLKATA,2009-12-28,Ashura
KOLKATA,2010-01-26,Republic Day
KOLKATA,2010-02-27,Prophet's Birthday
KOLKATA,2010-03-01,Holi
KOLKATA,2010-03-24,Ram Navami
KOLKATA,2010-04-02,Good Friday
KOLKATA,2010-04-14,Dr. B. R. Ambedkar's Birthday
KOLKATA,2010-04-15,Bengali New Year
KOLKATA,2010-04-28,Mahavira's Birthday
KOLKATA,2010-05-09,Rabindra Jayanti
KOLKATA,2010-05-27,Buddha Purnima
KOLKATA,2010-08-15,Independence Day
KOLKATA,2010-09-02,Janmashtami (Vaishnava)
KOLKATA,2010-09-11,Eid al-Fitr
KOLKATA,2010-10-02,Mahatma Gandhi's Birthday
KOLKATA,2010-10-17,Dussehra
KOLKATA,2010-11-05,Diwali (Deepavali)
KOLKATA,2010-11-17,Eid al-Adha
KOLKATA,2010-11-21,Guru Nanak's Birthday
KOLKATA,2010-12-17,Ashura
KOLKATA,2010-12-25,Christmas
KOLKATA,2011-01-26,Republic Day
KOLKATA,2011-02-16,Prophet's Birthday
KOLKATA,2011-03-02,Maha Shivaratri
KOLKATA,2011-04-12,Ram Navami
KOLKATA,2011-04-14,Dr. B. R. Ambedkar's Birthday
KOLKATA,2011-04-15,Bengali New Year
KOLKATA,2011-04-16,Mahavira's Birthday
KOLKATA,2011-04-22,Good Friday
KOLKATA,2011-05-09,Rabindra Jayanti
KOLKATA,2011-05-17,Buddha Purnima
KOLKATA,2011-08-15,Independence Day
KOLKATA,2011-08-22,Janmashtami (Vaishnava)
KOLKATA,2011-08-31,Eid al-Fitr
KOLKATA,2011-10-02,Mahatma Gandhi's Birthday
KOLKATA,2011-10-06,Dussehra
KOLKATA,2011-10-26,Diwali (Deepavali)
KOLKATA,2011-11-07,Eid al-Adha
KOLKATA,2011-11-10,Guru Nanak's Birthday
KOLKATA,2011-12-06,Ashura
KOLKATA,2011-12-25,Christmas
KOLKATA,2012-01-26,Republic Day
KOLKATA,2012-02-05,Prophet's Birthday
KOLKATA,2012-02-20,Maha Shivaratri
KOLKATA,2012-03-08,Holi
KOLKATA,2012-04-05,Mahavira's Birthday
KOLKATA,2012-04-06,Good Friday
KOLKATA,2012-04-14,Dr. B. R. Ambedkar's Birthday
KOLKATA,2012-04-15,Bengali New Year
KOLKATA,2012-05-06,Buddha Purnima
KOLKATA,2012-05-09,Rabindra Jayanti
KOLKATA,2012-08-10,Janmashtami (Vaishnava)
KOLKATA,2012-08-15,Independence Day
KOLKATA,2012-08-20,Eid al-Fitr
KOLKATA,2012-10-02,Mahatma Gandhi's Birthday
KOLKATA,2012-10-24,Dussehra
KOLKATA,2012-10-27,Eid al-Adha
KOLKATA,2012-11-13,Diwali (Deepavali)
KOLKATA,2012-11-25,Ashura
KOLKATA,2012-11-28,Guru Nanak's Birthday
KOLKATA,2012-12-25,Christmas
KOLKATA,2013-01-25,Prophet's Birthday
KOLKATA,2013-01-26,Republic Day
KOLKATA,2013-03-27,Holi
KOLKATA,2013-03-29,Good Friday
KOLKATA,2013-04-14,Dr. B. R. Ambedkar's Birthday
KOLKATA,2013-04-15,Bengali New Year
KOLKATA,2013-04-19,Ram Navami
KOLKATA,2013-04-24,Mahavira's Birthday
KOLKATA,2013-05-09,Rabindra Jayanti
KOLKATA,2013-05-25,Buddha Purnima
KOLKATA,2013-08-09,Eid al-Fitr
KOLKATA,2013-08-15,Independence Day
KOLKATA,2013-08-28,Janmashtami (Vaishnava)
KOLKATA,2013-10-02,Mahatma Gandhi's Birthday
KOLKATA,2013-10-13,Dussehra
KOLKATA,2013-10-16,Eid al-Adha
KOLKATA,2013-11-03,Diwali (Deepavali)
KOLKATA,2013-11-14,Ashura
KOLKATA,2013-11-17,Guru Nanak's Birthday
KOLKATA,2013-12-25,Christmas
KOLKATA,2014-01-14,Prophet's Birthday
KOLKATA,2014-01-26,Republic Day
KOLKATA,2014-03-17,Holi
KOLKATA,2014-04-08,Ram Navami
KOLKATA,2014-04-13,Mahavira's Birthday
KOLKATA,2014-04-14,Dr. B. R. Ambedkar's Birthday
KOLKATA,2014-04-15,Bengali New Year
KOLKATA,2014-04-18,Good Friday
KOLKATA,2014-05-09,Rabindra Jayanti
KOLKATA,2014-05-14,Buddha Purnima
KOLKATA,2014-07-29,Eid al-Fitr
KOLKATA,2014-08-15,Independence Day
KOLKATA,2014-08-18,Janmashtami (Vaishnava)
KOLKATA,2014-10-02,Mahatma Gandhi's Birthday
KOLKATA,2014-10-03,Dussehra
KOLKATA,2014-10-06,Eid al-Adha
KOLKATA,2014-10-23,Diwali (Deepavali)
KOLKATA,2014-11-04,Ashura
KOLKATA,2014-11-06,Guru Nanak's Birthday
KOLKATA,2014-12-25,Christmas
KOLKATA,2015-01-04,Prophet's Birthday
KOLKATA,2015-01-26,Republic Day
KOLKATA,2015-03-06,Holi
KOLKATA,2015-03-28,Ram Navami
KOLKATA,2015-04-02,Mahavira's Birthday
KOLKATA,2015-04-03,Good Friday
KOLKATA,2015-04-14,Dr. B. R. Ambedkar's Birthday
KOLKATA,2015-04-15,Bengali New Year
KOLKATA,2015-05-04,Buddha Purnima
KOLKATA,2015-05-09,Rabindra Jayanti
KOLKATA,2015-07-18,Eid al-Fitr
KOLKATA,2015-08-15,Independence Day
KOLKATA,2015-09-05,Janmashtami (Vaishnava)
KOLKATA,2015-09-25,Eid al-Adha
KOLKATA,2015-10-02,Mahatma Gandhi's Birthday
KOLKATA,2015-10-22,Dussehra
KOLKATA,2015-10-24,Ashura
KOLKATA,2015-11-11,Diwali (Deepavali)
KOLKATA,2015-11-25,Guru Nanak's Birthday
KOLKATA,2015-12-24,Prophet's Birthday
KOLKATA,2015-12-25,Christmas
KOLKATA,2016-01-26,Republic Day
KOLKATA,2016-03-24,Holi
KOLKATA,2016-03-25,Good Friday
KOLKATA,2016-04-14,Dr. B. R. Ambedkar's Birthday
KOLKATA,2016-04-15,Bengali New Year; Ram Navami
KOLKATA,2016-04-20,Mahavira's Birthday
KOLKATA,2016-05-09,Rabindra Jayanti
KOLKATA,2016-05-21,Buddha Purnima
KOLKATA,2016-07-06,Eid al-Fitr
KOLKATA,2016-08-15,Independence Day
KOLKATA,2016-08-25,Janmashtami (Vaishnava)
KOLKATA,2016-09-12,Eid al-Adha
KOLKATA,2016-10-02,Mahatma Gandhi's Birthday
KOLKATA,2016-10-11,Dussehra
KOLKATA,2016-10-12,Ashura
KOLKATA,2016-10-30,Diwali (Deepavali)
KOLKATA,2016-11-14,Guru Nanak's Birthday
KOLKATA,2016-12-13,Prophet's Birthday
KOLKATA,2016-12-25,Christmas
KOLKATA,2017-01-26,Republic Day
KOLKATA,2017-02-24,Maha Shivaratri
KOLKATA,2017-03-13,Holi
KOLKATA,2017-04-04,Ram Navami
KOLKATA,2017-04-09,Mahavira's Birthday
KOLKATA,2017-04-14,Dr. B. R. Ambedkar's Birthday; Good Friday
KOLKATA,2017-04-15,Bengali New Year
KOLKATA,2017-05-09,Rabindra Jayanti
KOLKATA,2017-05-10,Buddha Purnima
KOLKATA,2017-06-26,Eid al-Fitr
KOLKATA,2017-08-15,Independence Day
KOLKATA,2017-09-02,Eid al-Adha
KOLKATA,2017-09-30,Dussehra
KOLKATA,2017-10-01,Ashura
KOLKATA,2017-10-02,Mahatma Gandhi's Birthday
KOLKATA,2017-10-19,Diwali (Deepavali)
KOLKATA,2017-11-04,Guru Nanak's Birthday
KOLKATA,2017-12-02,Prophet's Birthday
KOLKATA,2017-12-25,Christmas
KOLKATA,2018-01-26,Republic Day
KOLKATA,2018-02-13,Maha Shivaratri
KOLKATA,2018-03-02,Holi
KOLKATA,2018-03-29,Mahavira's Birthday
KOLKATA,2018-03-30,Good Friday
KOLKATA,2018-04-14,Dr. B. R. Ambedkar's Birthday
KOLKATA,2018-04-15,Bengali New Year
KOLKATA,2018-04-30,Buddha Purnima
KOLKATA,2018-05-09,Rabindra Jayanti
KOLKATA,2018-06-16,Eid al-Fitr
KOLKATA,2018-08-15,Independence Day
KOLKATA,2018-08-22,Eid al-Adha
KOLKATA,2018-09-03,Janmashtami (Vaishnava)
KOLKATA,2018-09-21,Ashura
KOLKATA,2018-10-02,Mahatma Gandhi's Birthday
KOLKATA,2018-10-19,Dussehra
KOLKATA,2018-11-07,Diwali (Deepavali)
KOLKATA,2018-11-21,Prophet's Birthday
KOLKATA,2018-11-23,Guru Nanak's Birthday
KOLKATA,2018-12-25,Christmas
KOLKATA,2019-01-26,Republic Day
KOLKATA,2019-03-04,Maha Shivaratri
KOLKATA,2019-03-21,Holi
KOLKATA,2019-04-13,Ram Navami
KOLKATA,2019-04-14,Dr. B. R. Ambedkar's Birthday
KOLKATA,2019-04-15,Bengali New Year
KOLKATA,2019-04-17,Mahavira's Birthday
KOLKATA,2019-04-19,Good Friday
KOLKATA,2019-05-09,Rabindra Jayanti
KOLKATA,2019-05-18,Buddha Purnima
KOLKATA,2019-06-05,Eid al-Fitr
KOLKATA,2019-08-12,Eid al-Adha
KOLKATA,2019-08-15,Independence Day
KOLKATA,2019-08-24,Janmashtami (Vaishnava)
KOLKATA,2019-09-10,Ashura
KOLKATA,2019-10-02,Mahatma Gandhi's Birthday
KOLKATA,2019-10-08,Dussehra
KOLKATA,2019-10-27,Diwali (Deepavali)
KOLKATA,2019-11-10,Prophet's Birthday
KOLKATA,2019-11-12,Guru Nanak's Birthday
KOLKATA,2019-12-25,Christmas
KOLKATA,2020-01-26,Republic Day
KOLKATA,2020-03-10,Holi
KOLKATA,2020-04-02,Ram Navami
KOLKATA,2020-04-06,Mahavira's Birthday
KOLKATA,2020-04-10,Good Friday
KOLKATA,2020-04-14,Dr. B. R. Ambedkar's Birthday
KOLKATA,2020-04-15,Bengali New Year
KOLKATA,2020-05-07,Buddha Purnima
KOLKATA,2020-05-09,Rabindra Jayanti
KOLKATA,2020-05-25,Eid al-Fitr
KOLKATA,2020-08-01,Eid al-Adha
KOLKATA,2020-08-12,Janmashtami (Vaishnava)
KOLKATA,2020-08-15,Independence Day
KOLKATA,2020-08-30,Ashura
KOLKATA,2020-10-02,Mahatma Gandhi's Birthday
KOLKATA,2020-10-25,Dussehra
KOLKATA,2020-10-30,Prophet's Birthday
KOLKATA,2020-11-14,Diwali (Deepavali)
KOLKATA,2020-11-30,Guru Nanak's Birthday
KOLKATA,2020-12-25,Christmas
MUMBAI,2006-01-11,Eid al-Adha
MUMBAI,2006-01-26,Republic Day
MUMBAI,2006-02-09,Ashura
MUMBAI,2006-02-19,Chhatrapati Shivaji Maharaj's Birthday
MUMBAI,2006-02-26,Maha Shivaratri
MUMBAI,2006-03-15,Holi
MUMBAI,2006-03-30,Gudi Padwa
MUMBAI,2006-04-06,Ram Navami
MUMBAI,2006-04-11,Mahavira's Birthday; Prophet's Birthday
MUMBAI,2006-04-14,Dr. B. R. Ambedkar's Birthday; Good Friday
MUMBAI,2006-05-01,Maharashtra Day
MUMBAI,2006-05-13,Buddha Purnima
MUMBAI,2006-08-15,Independence Day
MUMBAI,2006-08-16,Janmashtami (Vaishnava)
MUMBAI,2006-08-20,Parsi New Year (Shahenshahi)
MUMBAI,2006-08-27,Ganesh Chaturthi
MUMBAI,2006-10-02,Dussehra; Mahatma Gandhi's Birthday
MUMBAI,2006-10-21,Diwali (Deepavali)
MUMBAI,2006-10-22,Diwali (Bali Pratipada)
MUMBAI,2006-10-25,Eid al-Fitr
MUMBAI,2006-11-05,Guru Nanak's Birthday
MUMBAI,2006-12-25,Christmas
MUMBAI,2007-01-01,Eid al-Adha
MUMBAI,2007-01-26,Republic Day
MUMBAI,2007-01-30,Ashura
MUMBAI,2007-02-16,Maha Shivaratri
MUMBAI,2007-02-19,Chhatrapati Shivaji Maharaj's Birthday
MUMBAI,2007-03-04,Holi
MUMBAI,2007-03-19,Gudi Padwa
MUMBAI,2007-03-26,Ram Navami
MUMBAI,2007-03-31,Mahavira's Birthday
MUMBAI,2007-04-01,Prophet's Birthday
MUMBAI,2007-04-06,Good Friday
MUMBAI,2007-04-14,Dr. B. R. Ambedkar's Birthday
MUMBAI,2007-05-01,Maharashtra Day
MUMBAI,2007-05-02,Buddha Purnima
MUMBAI,2007-08-15,Independence Day
MUMBAI,2007-08-20,Parsi New Year (Shahenshahi)
MUMBAI,2007-09-04,Janmashtami (Vaishnava)
MUMBAI,2007-09-15,Ganesh Chaturthi
MUMBAI,2007-10-02,Mahatma Gandhi's Birthday
MUMBAI,2007-10-14,Eid al-Fitr
MUMBAI,2007-10-21,Dussehra
MUMBAI,2007-11-09,Diwali (Deepavali)
MUMBAI,2007-11-10,Diwali (Bali Pratipada)
MUMBAI,2007-11-24,Guru Nanak's Birthday
MUMBAI,2007-12-21,Eid al-Adha
MUMBAI,2007-12-25,Christmas
MUMBAI,2008-01-19,Ashura
MUMBAI,2008-01-26,Republic Day
MUMBAI,2008-02-19,Chhatrapati Shivaji Maharaj's Birthday
MUMBAI,2008-03-06,Maha Shivaratri
MUMBAI,2008-03-21,Good Friday; Prophet's Birthday
MUMBAI,2008-03-22,Holi
MUMBAI,2008-04-06,Gudi Padwa
MUMBAI,2008-04-14,Dr. B. R. Ambedkar's Birthday; Ram Navami
MUMBAI,2008-04-18,Mahavira's Birthday
MUMBAI,2008-05-01,Maharashtra Day
MUMBAI,2008-05-20,Buddha Purnima
MUMBAI,2008-08-15,Independence Day
MUMBAI,2008-08-19,Parsi New Year (Shahenshahi)
MUMBAI,2008-09-03,Ganesh Chaturthi
MUMBAI,2008-10-02,Eid al-Fitr; Mahatma Gandhi's Birthday
MUMBAI,2008-10-09,Dussehra
MUMBAI,2008-10-28,Diwali (Deepavali)
MUMBAI,2008-10-29,Diwali (Bali Pratipada)
MUMBAI,2008-11-13,Guru Nanak's Birthday
MUMBAI,2008-12-09,Eid al-Adha
MUMBAI,2008-12-25,Christmas
MUMBAI,2009-01-08,Ashura
MUMBAI,2009-01-26,Republic Day
MUMBAI,2009-02-19,Chhatrapati Shivaji Maharaj's Birthday
MUMBAI,2009-03-10,Prophet's Birthday
MUMBAI,2009-03-11,Holi
MUMBAI,2009-03-27,Gudi Padwa
MUMBAI,2009-04-03,Ram Navami
MUMBAI,2009-04-07,Mahavira's Birthday
MUMBAI,2009-04-10,Good Friday
MUMBAI,2009-04-14,Dr. B. R. Ambedkar's Birthday
MUMBAI,2009-05-01,Maharashtra Day
MUMBAI,2009-05-08,Buddha Purnima
MUMBAI,2009-08-14,Janmashtami (Vaishnava)
MUMBAI,2009-08-15,Independence Day
MUMBAI,2009-08-19,Parsi New Year (Shahenshahi)
MUMBAI,2009-08-23,Ganesh Chaturthi
MUMBAI,2009-09-21,Eid al-Fitr
MUMBAI,2009-09-28,Dussehra
MUMBAI,2009-10-02,Mahatma Gandhi's Birthday
MUMBAI,2009-10-17,Diwali (Deepavali)
MUMBAI,2009-10-18,Diwali (Bali Pratipada)
MUMBAI,2009-11-02,Guru Nanak's Birthday
MUMBAI,2009-11-28,Eid al-Adha
MUMBAI,2009-12-25,Christmas
MUMBAI,2009-12-28,Ashura
MUMBAI,2010-01-26,Republic Day
MUMBAI,2010-02-19,Chhatrapati Shivaji Maharaj's Birthday
MUMBAI,2010-02-27,Prophet's Birthday
MUMBAI,2010-03-01,Holi
MUMBAI,2010-03-16,Gudi Padwa
MUMBAI,2010-03-24,Ram Navami
MUMBAI,2010-04-02,Good Friday
MUMBAI,2010-04-14,Dr. B. R. Ambedkar's Birthday
MUMBAI,2010-04-28,Mahavira's Birthday
MUMBAI,2010-05-01,Maharashtra Day
MUMBAI,2010-05-27,Buddha Purnima
MUMBAI,2010-08-15,Independence Day
MUMBAI,2010-08-19,Parsi New Year (Shahenshahi)
MUMBAI,2010-09-02,Janmashtami (Vaishnava)
MUMBAI,2010-09-11,Eid al-Fitr; Ganesh Chaturthi
MUMBAI,2010-10-02,Mahatma Gandhi's Birthday
MUMBAI,2010-10-17,Dussehra
MUMBAI,2010-11-05,Diwali (Deepavali)
MUMBAI,2010-11-06,Diwali (Bali Pratipada)
MUMBAI,2010-11-17,Eid al-Adha
MUMBAI,2010-11-21,Guru Nanak's Birthday
MUMBAI,2010-12-17,Ashura
MUMBAI,2010-12-25,Christmas
MUMBAI,2011-01-26,Republic Day
MUMBAI,2011-02-16,Prophet's Birthday
MUMBAI,2011-02-19,Chhatrapati Shivaji Maharaj's Birthday
MUMBAI,2011-03-02,Maha Shivaratri
MUMBAI,2011-03-20,Holi
MUMBAI,2011-04-04,Gudi Padwa
MUMBAI,2011-04-12,Ram Navami
MUMBAI,2011-04-14,Dr. B. R. Ambedkar's Birthday
MUMBAI,2011-04-16,Mahavira's Birthday
MUMBAI,2011-04-22,Good Friday
MUMBAI,2011-05-01,Maharashtra Day
MUMBAI,2011-05-17,Buddha Purnima
MUMBAI,2011-08-15,Independence Day
MUMBAI,2011-08-19,Parsi New Year (Shahenshahi)
MUMBAI,2011-08-22,Janmashtami (Vaishnava)
MUMBAI,2011-08-31,Eid al-Fitr
MUMBAI,2011-09-01,Ganesh Chaturthi
MUMBAI,2011-10-02,Mahatma Gandhi's Birthday
MUMBAI,2011-10-06,Dussehra
MUMBAI,2011-10-26,Diwali (Deepavali)
MUMBAI,2011-10-27,Diwali (Bali Pratipada)
MUMBAI,2011-11-07,Eid al-Adha
MUMBAI,2011-11-10,Guru Nanak's Birthday
MUMBAI,2011-12-06,Ashura
MUMBAI,2011-12-25,Christmas
MUMBAI,2012-01-26,Republic Day
MUMBAI,2012-02-05,Prophet's Birthday
MUMBAI,2012-02-19,Chhatrapati Shivaji Maharaj's Birthday
MUMBAI,2012-02-20,Maha Shivaratri
MUMBAI,2012-03-08,Holi
MUMBAI,2012-03-23,Gudi Padwa
MUMBAI,2012-04-05,Mahavira's Birthday
MUMBAI,2012-04-06,Good Friday
MUMBAI,2012-04-14,Dr. B. R. Ambedkar's Birthday
MUMBAI,2012-05-01,Maharashtra Day
MUMBAI,2012-05-06,Buddha Purnima
MUMBAI,2012-08-10,Janmashtami (Vaishnava)
MUMBAI,2012-08-15,Independence Day
MUMBAI,2012-08-18,Parsi New Year (Shahenshahi)
MUMBAI,2012-08-20,Eid al-Fitr
MUMBAI,2012-09-19,Ganesh Chaturthi
MUMBAI,2012-10-02,Mahatma Gandhi's Birthday
MUMBAI,2012-10-24,Dussehra
MUMBAI,2012-10-27,Eid al-Adha
MUMBAI,2012-11-13,Diwali (Deepavali)
MUMBAI,2012-11-14,Diwali (Bali Pratipada)
MUMBAI,2012-11-25,Ashura
MUMBAI,2012-11-28,Guru Nanak's Birthday
MUMBAI,2012-12-25,Christmas
MUMBAI,2013-01-25,Prophet's Birthday
MUMBAI,2013-01-26,Republic Day
MUMBAI,2013-02-19,Chhatrapati Shivaji Maharaj's Birthday
MUMBAI,2013-03-27,Holi
MUMBAI,2013-03-29,Good Friday
MUMBAI,2013-04-11,Gudi Padwa
MUMBAI,2013-04-14,Dr. B. R. Ambedkar's Birthday
MUMBAI,2013-04-19,Ram Navami
MUMBAI,2013-04-24,Mahavira's Birthday
MUMBAI,2013-05-01,Maharashtra Day
MUMBAI,2013-05-25,Buddha Purnima
MUMBAI,2013-08-09,Eid al-Fitr
MUMBAI,2013-08-15,Independence Day
MUMBAI,2013-08-18,Parsi New Year (Shahenshahi)
MUMBAI,2013-08-28,Janmashtami (Vaishnava)
MUMBAI,2013-09-09,Ganesh Chaturthi
MUMBAI,2013-10-02,Mahatma Gandhi's Birthday
MUMBAI,2013-10-13,Dussehra
MUMBAI,2013-10-16,Eid al-Adha
MUMBAI,2013-11-03,Diwali (Deepavali)
MUMBAI,2013-11-04,Diwali (Bali Pratipada)
MUMBAI,2013-11-14,Ashura
MUMBAI,2013-11-17,Guru Nanak's Birthday
MUMBAI,2013-12-25,Christmas
MUMBAI,2014-01-14,Prophet's Birthday
MUMBAI,2014-01-26,Republic Day
MUMBAI,2014-02-19,Chhatrapati Shivaji Maharaj's Birthday
MUMBAI,2014-03-17,Holi
MUMBAI,2014-03-31,Gudi Padwa
MUMBAI,2014-04-08,Ram Navami
MUMBAI,2014-04-13,Mahavira's Birthday
MUMBAI,2014-04-14,Dr. B. R. Ambedkar's Birthday
MUMBAI,2014-04-18,Good Friday
MUMBAI,2014-05-01,Maharashtra Day
MUMBAI,2014-05-14,Buddha Purnima
MUMBAI,2014-07-29,Eid al-Fitr
MUMBAI,2014-08-15,Independence Day
MUMBAI,2014-08-18,Janmashtami (Vaishnava); Parsi New Year (Shahenshahi)
MUMBAI,2014-08-29,Ganesh Chaturthi
MUMBAI,2014-10-02,Mahatma Gandhi's Birthday
MUMBAI,2014-10-03,Dussehra
MUMBAI,2014-10-06,Eid al-Adha
MUMBAI,2014-10-23,Diwali (Deepavali)
MUMBAI,2014-10-24,Diwali (Bali Pratipada)
MUMBAI,2014-11-04,Ashura
MUMBAI,2014-11-06,Guru Nanak's Birthday
MUMBAI,2014-12-25,Christmas
MUMBAI,2015-01-04,Prophet's Birthday
MUMBAI,2015-01-26,Republic Day
MUMBAI,2015-02-19,Chhatrapati Shivaji Maharaj's Birthday
MUMBAI,2015-03-06,Holi
MUMBAI,2015-03-21,Gudi Padwa
MUMBAI,2015-03-28,Ram Navami
MUMBAI,2015-04-02,Mahavira's Birthday
MUMBAI,2015-04-03,Good Friday
MUMBAI,2015-04-14,Dr. B. R. Ambedkar's Birthday
MUMBAI,2015-05-01,Maharashtra Day
MUMBAI,2015-05-04,Buddha Purnima
MUMBAI,2015-07-18,Eid al-Fitr
MUMBAI,2015-08-15,Independence Day
MUMBAI,2015-08-18,Parsi New Year (Shahenshahi)
MUMBAI,2015-09-05,Janmashtami (Vaishnava)
MUMBAI,2015-09-17,Ganesh Chaturthi
MUMBAI,2015-09-25,Eid al-Adha
MUMBAI,2015-10-02,Mahatma Gandhi's Birthday
MUMBAI,2015-10-22,Dussehra
MUMBAI,2015-10-24,Ashura
MUMBAI,2015-11-11,Diwali (Deepavali)
MUMBAI,2015-11-12,Diwali (Bali Pratipada)
MUMBAI,2015-11-25,Guru Nanak's Birthday
MUMBAI,2015-12-24,Prophet's Birthday
MUMBAI,2015-12-25,Christmas
MUMBAI,2016-01-26,Republic Day
MUMBAI,2016-02-19,Chhatrapati Shivaji Maharaj's Birthday
MUMBAI,2016-03-24,Holi
MUMBAI,2016-03-25,Good Friday
MUMBAI,2016-04-08,Gudi Padwa
MUMBAI,2016-04-14,Dr. B. R. Ambedkar's Birthday
MUMBAI,2016-04-15,Ram Navami
MUMBAI,2016-04-20,Mahavira's Birthday
MUMBAI,2016-05-01,Maharashtra Day
MUMBAI,2016-05-21,Buddha Purnima
MUMBAI,2016-07-06,Eid al-Fitr
MUMBAI,2016-08-15,Independence Day
MUMBAI,2016-08-17,Parsi New Year (Shahenshahi)
MUMBAI,2016-08-25,Janmashtami (Vaishnava)
MUMBAI,2016-09-05,Ganesh Chaturthi
MUMBAI,2016-09-12,Eid al-Adha
MUMBAI,2016-10-02,Mahatma Gandhi's Birthday
MUMBAI,2016-10-11,Dussehra
MUMBAI,2016-10-12,Ashura
MUMBAI,2016-10-30,Diwali (Deepavali)
MUMBAI,2016-10-31,Diwali (Bali Pratipada)
MUMBAI,2016-11-14,Guru Nanak's Birthday
MUMBAI,2016-12-13,Prophet's Birthday
MUMBAI,2016-12-25,Christmas
MUMBAI,2017-01-26,Republic Day
MUMBAI,2017-02-19,Chhatrapati Shivaji Maharaj's Birthday
MUMBAI,2017-02-24,Maha Shivaratri
MUMBAI,2017-03-13,Holi
MUMBAI,2017-03-28,Gudi Padwa
MUMBAI,2017-04-04,Ram Navami
MUMBAI,2017-04-09,Mahavira's Birthday
MUMBAI,2017-04-14,Dr. B. R. Ambedkar's Birthday; Good Friday
MUMBAI,2017-05-01,Maharashtra Day
MUMBAI,2017-05-10,Buddha Purnima
MUMBAI,2017-06-26,Eid al-Fitr
MUMBAI,2017-08-15,Independence Day
MUMBAI,2017-08-17,Parsi New Year (Shahenshahi)
MUMBAI,2017-08-25,Ganesh Chaturthi
MUMBAI,2017-09-02,Eid al-Adha
MUMBAI,2017-09-30,Dussehra
MUMBAI,2017-10-01,Ashura
MUMBAI,2017-10-02,Mahatma Gandhi's Birthday
MUMBAI,2017-10-19,Diwali (Deepavali)
MUMBAI,2017-10-20,Diwali (Bali Pratipada)
MUMBAI,2017-11-04,Guru Nanak's Birthday
MUMBAI,2017-12-02,Prophet's Birthday
MUMBAI,2017-12-25,Christmas
MUMBAI,2018-01-26,Republic Day
MUMBAI,2018-02-13,Maha Shivaratri
MUMBAI,2018-02-19,Chhatrapati Shivaji Maharaj's Birthday
MUMBAI,2018-03-02,Holi
MUMBAI,2018-03-18,Gudi Padwa
MUMBAI,2018-03-29,Mahavira's Birthday
MUMBAI,2018-03-30,Good Friday
MUMBAI,2018-04-14,Dr. B. R. Ambedkar's Birthday
MUMBAI,2018-04-30,Buddha Purnima
MUMBAI,2018-05-01,Maharashtra Day
MUMBAI,2018-06-16,Eid al-Fitr
MUMBAI,2018-08-15,Independence Day
MUMBAI,2018-08-17,Parsi New Year (Shahenshahi)
MUMBAI,2018-08-22,Eid al-Adha
MUMBAI,2018-09-03,Janmashtami (Vaishnava)
MUMBAI,2018-09-13,Ganesh Chaturthi
MUMBAI,2018-09-21,Ashura
MUMBAI,2018-10-02,Mahatma Gandhi's Birthday
MUMBAI,2018-10-19,Dussehra
MUMBAI,2018-11-07,Diwali (Deepavali)
MUMBAI,2018-11-08,Diwali (Bali Pratipada)
MUMBAI,2018-11-21,Prophet's Birthday
MUMBAI,2018-11-23,Guru Nanak's Birthday
MUMBAI,2018-12-25,Christmas
MUMBAI,2019-01-26,Republic Day
MUMBAI,2019-02-19,Chhatrapati Shivaji Maharaj's Birthday
MUMBAI,2019-03-04,Maha Shivaratri
MUMBAI,2019-03-21,Holi
MUMBAI,2019-04-06,Gudi Padwa
MUMBAI,2019-04-13,Ram Navami
MUMBAI,2019-04-14,Dr. B. R. Ambedkar's Birthday
MUMBAI,2019-04-17,Mahavira's Birthday
MUMBAI,2019-04-19,Good Friday
MUMBAI,2019-05-01,Maharashtra Day
MUMBAI,2019-05-18,Buddha Purnima
MUMBAI,2019-06-05,Eid al-Fitr
MUMBAI,2019-08-12,Eid al-Adha
MUMBAI,2019-08-15,Independence Day
MUMBAI,2019-08-17,Parsi New Year (Shahenshahi)
MUMBAI,2019-08-24,Janmashtami (Vaishnava)
MUMBAI,2019-09-02,Ganesh Chaturthi
MUMBAI,2019-09-10,Ashura
MUMBAI,2019-10-02,Mahatma Gandhi's Birthday
MUMBAI,2019-10-08,Dussehra
MUMBAI,2019-10-27,Diwali (Deepavali)
MUMBAI,2019-10-28,Diwali (Bali Pratipada)
MUMBAI,2019-11-10,Prophet's Birthday
MUMBAI,2019-11-12,Guru Nanak's Birthday
MUMBAI,2019-12-25,Christmas
MUMBAI,2020-01-26,Republic Day
MUMBAI,2020-02-19,Chhatrapati Shivaji Maharaj's Birthday
MUMBAI,2020-03-10,Holi
MUMBAI,2020-03-25,Gudi Padwa
MUMBAI,2020-04-02,Ram Navami
MUMBAI,2020-04-06,Mahavira's Birthday
MUMBAI,2020-04-10,Good Friday
MUMBAI,2020-04-14,Dr. B. R. Ambedkar's Birthday
MUMBAI,2020-05-01,Maharashtra Day
MUMBAI,2020-05-07,Buddha Purnima
MUMBAI,2020-05-25,Eid al-Fitr
MUMBAI,2020-08-01,Eid al-Adha
MUMBAI,2020-08-12,Janmashtami (Vaishnava)
MUMBAI,2020-08-15,Independence Day
MUMBAI,2020-08-16,Parsi New Year (Shahenshahi)
MUMBAI,2020-08-22,Ganesh Chaturthi
MUMBAI,2020-08-30,Ashura
MUMBAI,2020-10-02,Mahatma Gandhi's Birthday
MUMBAI,2020-10-25,Dussehra
MUMBAI,2020-10-30,Prophet's Birthday
MUMBAI,2020-11-14,Diwali (Deepavali)
MUMBAI,2020-11-15,Diwali (Bali Pratipada)
MUMBAI,2020-11-30,Guru Nanak's Birthday
MUMBAI,2020-12-25,Christmas
NATIONAL,2006-01-11,Eid al-Adha
NATIONAL,2006-01-26,Republic Day
NATIONAL,2006-02-09,Ashura
NATIONAL,2006-02-26,Maha Shivaratri
NATIONAL,2006-03-15,Holi
NATIONAL,2006-04-06,Ram Navami
NATIONAL,2006-04-11,Mahavira's Birthday; Prophet's Birthday
NATIONAL,2006-04-14,Dr. B. R. Ambedkar's Birthday; Good Friday
NATIONAL,2006-05-13,Buddha Purnima
NATIONAL,2006-08-15,Independence Day
NATIONAL,2006-08-16,Janmashtami (Vaishnava)
NATIONAL,2006-10-02,Dussehra; Mahatma Gandhi's Birthday
NATIONAL,2006-10-21,Diwali (Deepavali)
NATIONAL,2006-10-25,Eid al-Fitr
NATIONAL,2006-11-05,Guru Nanak's Birthday
NATIONAL,2006-12-25,Christmas
NATIONAL,2007-01-01,Eid al-Adha
NATIONAL,2007-01-26,Republic Day
NATIONAL,2007-01-30,Ashura
NATIONAL,2007-02-16,Maha Shivaratri
NATIONAL,2007-03-04,Holi
NATIONAL,2007-03-26,Ram Navami
NATIONAL,2007-03-31,Mahavira's Birthday
NATIONAL,2007-04-01,Prophet's Birthday
NATIONAL,2007-04-06,Good Friday
NATIONAL,2007-04-14,Dr. B. R. Ambedkar's Birthday
NATIONAL,2007-05-02,Buddha Purnima
NATIONAL,2007-08-15,Independence Day
NATIONAL,2007-09-04,Janmashtami (Vaishnava)
NATIONAL,2007-10-02,Mahatma Gandhi's Birthday
NATIONAL,2007-10-14,Eid al-Fitr
NATIONAL,2007-10-21,Dussehra
NATIONAL,2007-11-09,Diwali (Deepavali)
NATIONAL,2007-11-24,Guru Nanak's Birthday
NATIONAL,2007-12-21,Eid al-Adha
NATIONAL,2007-12-25,Christmas
NATIONAL,2008-01-19,Ashura
NATIONAL,2008-01-26,Republic Day
NATIONAL,2008-03-06,Maha Shivaratri
NATIONAL,2008-03-21,Good Friday; Prophet's Birthday
NATIONAL,2008-03-22,Holi
NATIONAL,2008-04-14,Dr. B. R. Ambedkar's Birthday; Ram Navami
NATIONAL,2008-04-18,Mahavira's Birthday
NATIONAL,2008-05-20,Buddha Purnima
NATIONAL,2008-08-15,Independence Day
NATIONAL,2008-10-02,Eid al-Fitr; Mahatma Gandhi's Birthday
NATIONAL,2008-10-09,Dussehra
NATIONAL,2008-10-28,Diwali (Deepavali)
NATIONAL,2008-11-13,Guru Nanak's Birthday
NATIONAL,2008-12-09,Eid al-Adha
NATIONAL,2008-12-25,Christmas
NATIONAL,2009-01-08,Ashura
NATIONAL,2009-01-26,Republic Day
NATIONAL,2009-03-10,Prophet's Birthday
NATIONAL,2009-03-11,Holi
NATIONAL,2009-04-03,Ram Navami
NATIONAL,2009-04-07,Mahavira's Birthday
NATIONAL,2009-04-10,Good Friday
NATIONAL,2009-04-14,Dr. B. R. Ambedkar's Birthday
NATIONAL,2009-05-08,Buddha Purnima
NATIONAL,2009-08-14,Janmashtami (Vaishnava)
NATIONAL,2009-08-15,Independence Day
NATIONAL,2009-09-21,Eid al-Fitr
NATIONAL,2009-09-28,Dussehra
NATIONAL,2009-10-02,Mahatma Gandhi's Birthday
NATIONAL,2009-10-17,Diwali (Deepavali)
NATIONAL,2009-11-02,Guru Nanak's Birthday
NATIONAL,2009-11-28,Eid al-Adha
NATIONAL,2009-12-25,Christmas
NATIONAL,2009-12-28,Ashura
NATIONAL,2010-01-26,Republic Day
NATIONAL,2010-02-27,Prophet's Birthday
NATIONAL,2010-03-01,Holi
NATIONAL,2010-03-24,Ram Navami
NATIONAL,2010-04-02,Good Friday
NATIONAL,2010-04-14,Dr. B. R. Ambedkar's Birthday
NATIONAL,2010-04-28,Mahavira's Birthday
NATIONAL,2010-05-27,Buddha Purnima
NATIONAL,2010-08-15,Independence Day
NATIONAL,2010-09-02,Janmashtami (Vaishnava)
NATIONAL,2010-09-11,Eid al-Fitr
NATIONAL,2010-10-02,Mahatma Gandhi's Birthday
NATIONAL,2010-10-17,Dussehra
NATIONAL,2010-11-05,Diwali (Deepavali)
NATIONAL,2010-11-17,Eid al-Adha
NATIONAL,2010-11-21,Guru Nanak's Birthday
NATIONAL,2010-12-17,Ashura
NATIONAL,2010-12-25,Christmas
NATIONAL,2011-01-26,Republic Day
NATIONAL,2011-02-16,Prophet's Birthday
NATIONAL,2011-03-02,Maha Shivaratri
NATIONAL,2011-04-12,Ram Navami
NATIONAL,2011-04-14,Dr. B. R. Ambedkar's Birthday
NATIONAL,2011-04-16,Mahavira's Birthday
NATIONAL,2011-04-22,Good Friday
NATIONAL,2011-05-17,Buddha Purnima
NATIONAL,2011-08-15,Independence Day
NATIONAL,2011-08-22,Janmashtami (Vaishnava)
NATIONAL,2011-08-31,Eid al-Fitr
NATIONAL,2011-10-02,Mahatma Gandhi's Birthday
NATIONAL,2011-10-06,Dussehra
NATIONAL,2011-10-26,Diwali (Deepavali)
NATIONAL,2011-11-07,Eid al-Adha
NATIONAL,2011-11-10,Guru Nanak's Birthday
NATIONAL,2011-12-06,Ashura
NATIONAL,2011-12-25,Christmas
NATIONAL,2012-01-26,Republic Day
NATIONAL,2012-02-05,Prophet's Birthday
NATIONAL,2012-02-20,Maha Shivaratri
NATIONAL,2012-03-08,Holi
NATIONAL,2012-04-05,Mahavira's Birthday
NATIONAL,2012-04-06,Good Friday
NATIONAL,2012-04-14,Dr. B. R. Ambedkar's Birthday
NATIONAL,2012-05-06,Buddha Purnima
NATIONAL,2012-08-10,Janmashtami (Vaishnava)
NATIONAL,2012-08-15,Independence Day
NATIONAL,2012-08-20,Eid al-Fitr
NATIONAL,2012-10-02,Mahatma Gandhi's Birthday
NATIONAL,2012-10-24,Dussehra
NATIONAL,2012-10-27,Eid al-Adha
NATIONAL,2012-11-13,Diwali (Deepavali)
NATIONAL,2012-11-25,Ashura
NATIONAL,2012-11-28,Guru Nanak's Birthday
NATIONAL,2012-12-25,Christmas
NATIONAL,2013-01-25,Prophet's Birthday
NATIONAL,2013-01-26,Republic Day
NATIONAL,2013-03-27,Holi
NATIONAL,2013-03-29,Good Friday
NATIONAL,2013-04-14,Dr. B. R. Ambedkar's Birthday
NATIONAL,2013-04-19,Ram Navami
NATIONAL,2013-04-24,Mahavira's Birthday
NATIONAL,2013-05-25,Buddha Purnima
NATIONAL,2013-08-09,Eid al-Fitr
NATIONAL,2013-08-15,Independence Day
NATIONAL,2013-08-28,Janmashtami (Vaishnava)
NATIONAL,2013-10-02,Mahatma Gandhi's Birthday
NATIONAL,2013-10-13,Dussehra
NATIONAL,2013-10-16,Eid al-Adha
NATIONAL,2013-11-03,Diwali (Deepavali)
NATIONAL,2013-11-14,Ashura
NATIONAL,2013-11-17,Guru Nanak's Birthday
NATIONAL,2013-12-25,Christmas
NATIONAL,2014-01-14,Prophet's Birthday
NATIONAL,2014-01-26,Republic Day
NATIONAL,2014-03-17,Holi
NATIONAL,2014-04-08,Ram Navami
NATIONAL,2014-04-13,Mahavira's Birthday
NATIONAL,2014-04-14,Dr. B. R. Ambedkar's Birthday
NATIONAL,2014-04-18,Good Friday
NATIONAL,2014-05-14,Buddha Purnima
NATIONAL,2014-07-29,Eid al-Fitr
NATIONAL,2014-08-15,Independence Day
NATIONAL,2014-08-18,Janmashtami (Vaishnava)
NATIONAL,2014-10-02,Mahatma Gandhi's Birthday
NATIONAL,2014-10-03,Dussehra
NATIONAL,2014-10-06,Eid al-Adha
NATIONAL,2014-10-23,Diwali (Deepavali)
NATIONAL,2014-11-04,Ashura
NATIONAL,2014-11-06,Guru Nanak's Birthday
NATIONAL,2014-12-25,Christmas
NATIONAL,2015-01-04,Prophet's Birthday
NATIONAL,2015-01-26,Republic Day
NATIONAL,2015-03-06,Holi
NATIONAL,2015-03-28,Ram Navami
NATIONAL,2015-04-02,Mahavira's Birthday
NATIONAL,2015-04-03,Good Friday
NATIONAL,2015-04-14,Dr. B. R. Ambedkar's Birthday
NATIONAL,2015-05-04,Buddha Purnima
NATIONAL,2015-07-18,Eid al-Fitr
NATIONAL,2015-08-15,Independence Day
NATIONAL,2015-09-05,Janmashtami (Vaishnava)
NATIONAL,2015-09-25,Eid al-Adha
NATIONAL,2015-10-02,Mahatma Gandhi's Birthday
NATIONAL,2015-10-22,Dussehra
NATIONAL,2015-10-24,Ashura
NATIONAL,2015-11-11,Diwali (Deepavali)
NATIONAL,2015-11-25,Guru Nanak's Birthday
NATIONAL,2015-12-24,Prophet's Birthday
NATIONAL,2015-12-25,Christmas
NATIONAL,2016-01-26,Republic Day
NATIONAL,2016-03-24,Holi
NATIONAL,2016-03-25,Good Friday
NATIONAL,2016-04-14,Dr. B. R. Ambedkar's Birthday
NATIONAL,2016-04-15,Ram Navami
NATIONAL,2016-04-20,Mahavira's Birthday
NATIONAL,2016-05-21,Buddha Purnima
NATIONAL,2016-07-06,Eid al-Fitr
NATIONAL,2016-08-15,Independence Day
NATIONAL,2016-08-25,Janmashtami (Vaishnava)
NATIONAL,2016-09-12,Eid al-Adha
NATIONAL,2016-10-02,Mahatma Gandhi's Birthday
NATIONAL,2016-10-11,Dussehra
NATIONAL,2016-10-12,Ashura
NATIONAL,2016-10-30,Diwali (Deepavali)
NATIONAL,2016-11-14,Guru Nanak's Birthday
NATIONAL,2016-12-13,Prophet's Birthday
NATIONAL,2016-12-25,Christmas
NATIONAL,2017-01-26,Republic Day
NATIONAL,2017-02-24,Maha Shivaratri
NATIONAL,2017-03-13,Holi
NATIONAL,2017-04-04,Ram Navami
NATIONAL,2017-04-09,Mahavira's Birthday
NATIONAL,2017-04-14,Dr. B. R. Ambedkar's Birthday; Good Friday
NATIONAL,2017-05-10,Buddha Purnima
NATIONAL,2017-06-26,Eid al-Fitr
NATIONAL,2017-08-15,Independence Day
NATIONAL,2017-09-02,Eid al-Adha
NATIONAL,2017-09-30,Dussehra
NATIONAL,2017-10-01,Ashura
NATIONAL,2017-10-02,Mahatma Gandhi's Birthday
NATIONAL,2017-10-19,Diwali (Deepavali)
NATIONAL,2017-11-04,Guru Nanak's Birthday
NATIONAL,2017-12-02,Prophet's Birthday
NATIONAL,2017-12-25,Christmas
NATIONAL,2018-01-26,Republic Day
NATIONAL,2018-02-13,Maha Shivaratri
NATIONAL,2018-03-02,Holi
NATIONAL,2018-03-29,Mahavira's Birthday
NATIONAL,2018-03-30,Good Friday
NATIONAL,2018-04-14,Dr. B. R. Ambedkar's Birthday
NATIONAL,2018-04-30,Buddha Purnima
NATIONAL,2018-06-16,Eid al-Fitr
NATIONAL,2018-08-15,Independence Day
NATIONAL,2018-08-22,Eid al-Adha
NATIONAL,2018-09-03,Janmashtami (Vaishnava)
NATIONAL,2018-09-21,Ashura
NATIONAL,2018-10-02,Mahatma Gandhi's Birthday
NATIONAL,2018-10-19,Dussehra
NATIONAL,2018-11-07,Diwali (Deepavali)
NATIONAL,2018-11-21,Prophet's Birthday
NATIONAL,2018-11-23,Guru Nanak's Birthday
NATIONAL,2018-12-25,Christmas
NATIONAL,2019-01-26,Republic Day
NATIONAL,2019-03-04,Maha Shivaratri
NATIONAL,2019-03-21,Holi
NATIONAL,2019-04-13,Ram Navami
NATIONAL,2019-04-14,Dr. B. R. Ambedkar's Birthday
NATIONAL,2019-04-17,Mahavira's Birthday
NATIONAL,2019-04-19,Good Friday
NATIONAL,2019-05-18,Buddha Purnima
NATIONAL,2019-06-05,Eid al-Fitr
NATIONAL,2019-08-12,Eid al-Adha
NATIONAL,2019-08-15,Independence Day
NATIONAL,2019-08-24,Janmashtami (Vaishnava)
NATIONAL,2019-09-10,Ashura
NATIONAL,2019-10-02,Mahatma Gandhi's Birthday
NATIONAL,2019-10-08,Dussehra
NATIONAL,2019-10-27,Diwali (Deepavali)
NATIONAL,2019-11-10,Prophet's Birthday
NATIONAL,2019-11-12,Guru Nanak's Birthday
NATIONAL,2019-12-25,Christmas
NATIONAL,2020-01-26,Republic Day
NATIONAL,2020-03-10,Holi
NATIONAL,2020-04-02,Ram Navami
NATIONAL,2020-04-06,Mahavira's Birthday
NATIONAL,2020-04-10,Good Friday
NATIONAL,2020-04-14,Dr. B. R. Ambedkar's Birthday
NATIONAL,2020-05-07,Buddha Purnima
NATIONAL,2020-05-25,Eid al-Fitr
NATIONAL,2020-08-01,Eid al-Adha
NATIONAL,2020-08-12,Janmashtami (Vaishnava)
NATIONAL,2020-08-15,Independence Day
NATIONAL,2020-08-30,Ashura
NATIONAL,2020-10-02,Mahatma Gandhi's Birthday
NATIONAL,2020-10-25,Dussehra
NATIONAL,2020-10-30,Prophet's Birthday
NATIONAL,2020-11-14,Diwali (Deepavali)
NATIONAL,2020-11-30,Guru Nanak's Birthday
NATIONAL,2020-12-25,Christmas
PATNA,2006-01-11,Eid al-Adha
PATNA,2006-01-26,Republic Day
PATNA,2006-02-09,Ashura
PATNA,2006-02-26,Maha Shivaratri
PATNA,2006-03-15,Holi
PATNA,2006-03-22,Bihar Day
PATNA,2006-04-06,Ram Navami
PATNA,2006-04-11,Mahavira's Birthday; Prophet's Birthday
PATNA,2006-04-14,Dr. B. R. Ambedkar's Birthday; Good Friday
PATNA,2006-05-13,Buddha Purnima
PATNA,2006-08-15,Independence Day
PATNA,2006-08-16,Janmashtami (Vaishnava)
PATNA,2006-10-02,Dussehra; Mahatma Gandhi's Birthday
PATNA,2006-10-21,Diwali (Deepavali)
PATNA,2006-10-25,Eid al-Fitr
PATNA,2006-10-28,Chhath Puja
PATNA,2006-11-05,Guru Nanak's Birthday
PATNA,2006-12-25,Christmas
PATNA,2007-01-01,Eid al-Adha
PATNA,2007-01-26,Republic Day
PATNA,2007-01-30,Ashura
PATNA,2007-02-16,Maha Shivaratri
PATNA,2007-03-04,Holi
PATNA,2007-03-22,Bihar Day
PATNA,2007-03-26,Ram Navami
PATNA,2007-03-31,Mahavira's Birthday
PATNA,2007-04-01,Prophet's Birthday
PATNA,2007-04-06,Good Friday
PATNA,2007-04-14,Dr. B. R. Ambedkar's Birthday
PATNA,2007-05-02,Buddha Purnima
PATNA,2007-08-15,Independence Day
PATNA,2007-09-04,Janmashtami (Vaishnava)
PATNA,2007-10-02,Mahatma Gandhi's Birthday
PATNA,2007-10-14,Eid al-Fitr
PATNA,2007-10-21,Dussehra
PATNA,2007-11-09,Diwali (Deepavali)
PATNA,2007-11-16,Chhath Puja
PATNA,2007-11-24,Guru Nanak's Birthday
PATNA,2007-12-21,Eid al-Adha
PATNA,2007-12-25,Christmas
PATNA,2008-01-19,Ashura
PATNA,2008-01-26,Republic Day
PATNA,2008-03-06,Maha Shivaratri
PATNA,2008-03-21,Good Friday; Prophet's Birthday
PATNA,2008-03-22,Bihar Day; Holi
PATNA,2008-04-14,Dr. B. R. Ambedkar's Birthday; Ram Navami
PATNA,2008-04-18,Mahavira's Birthday
PATNA,2008-05-20,Buddha Purnima
PATNA,2008-08-15,Independence Day
PATNA,2008-10-02,Eid al-Fitr; Mahatma Gandhi's Birthday
PATNA,2008-10-09,Dussehra
PATNA,2008-10-28,Diwali (Deepavali)
PATNA,2008-11-04,Chhath Puja
PATNA,2008-11-13,Guru Nanak's Birthday
PATNA,2008-12-09,Eid al-Adha
PATNA,2008-12-25,Christmas
PATNA,2009-01-08,Ashura
PATNA,2009-01-26,Republic Day
PATNA,2009-03-10,Prophet's Birthday
PATNA,2009-03-11,Holi
PATNA,2009-03-22,Bihar Day
PATNA,2009-04-03,Ram Navami
PATNA,2009-04-07,Mahavira's Birthday
PATNA,2009-04-10,Good Friday
PATNA,2009-04-14,Dr. B. R. Ambedkar's Birthday
PATNA,2009-05-08,Buddha Purnima
PATNA,2009-08-14,Janmashtami (Vaishnava)
PATNA,2009-08-15,Independence Day
PATNA,2009-09-21,Eid al-Fitr
PATNA,2009-09-28,Dussehra
PATNA,2009-10-02,Mahatma Gandhi's Birthday
PATNA,2009-10-17,Diwali (Deepavali)
PATNA,2009-10-24,Chhath Puja
PATNA,2009-11-02,Guru Nanak's Birthday
PATNA,2009-11-28,Eid al-Adha
PATNA,2009-12-25,Christmas
PATNA,2009-12-28,Ashura
PATNA,2010-01-26,Republic Day
PATNA,2010-02-27,Prophet's Birthday
PATNA,2010-03-01,Holi
PATNA,2010-03-22,Bihar Day
PATNA,2010-03-24,Ram Navami
PATNA,2010-04-02,Good Friday
PATNA,2010-04-14,Dr. B. R. Ambedkar's Birthday
PATNA,2010-04-28,Mahavira's Birthday
PATNA,2010-05-27,Buddha Purnima
PATNA,2010-08-15,Independence Day
PATNA,2010-09-02,Janmashtami (Vaishnava)
PATNA,2010-09-11,Eid al-Fitr
PATNA,2010-10-02,Mahatma Gandhi's Birthday
PATNA,2010-10-17,Dussehra
PATNA,2010-11-05,Diwali (Deepavali)
PATNA,2010-11-11,Chhath Puja
PATNA,2010-11-17,Eid al-Adha
PATNA,2010-11-21,Guru Nanak's Birthday
PATNA,2010-12-17,Ashura
PATNA,2010-12-25,Christmas
PATNA,2011-01-26,Republic Day
PATNA,2011-02-16,Prophet's Birthday
PATNA,2011-03-02,Maha Shivaratri
PATNA,2011-03-22,Bihar Day
PATNA,2011-04-12,Ram Navami
PATNA,2011-04-14,Dr. B. R. Ambedkar's Birthday
PATNA,2011-04-16,Mahavira's Birthday
PATNA,2011-04-22,Good Friday
PATNA,2011-05-17,Buddha Purnima
PATNA,2011-08-15,Independence Day
PATNA,2011-08-22,Janmashtami (Vaishnava)
PATNA,2011-08-31,Eid al-Fitr
PATNA,2011-10-02,Mahatma Gandhi's Birthday
PATNA,2011-10-06,Dussehra
PATNA,2011-10-26,Diwali (Deepavali)
PATNA,2011-11-01,Chhath Puja
PATNA,2011-11-07,Eid al-Adha
PATNA,2011-11-10,Guru Nanak's Birthday
PATNA,2011-12-06,Ashura
PATNA,2011-12-25,Christmas
PATNA,2012-01-26,Republic Day
PATNA,2012-02-05,Prophet's Birthday
PATNA,2012-02-20,Maha Shivaratri
PATNA,2012-03-08,Holi
PATNA,2012-03-22,Bihar Day
PATNA,2012-04-05,Mahavira's Birthday
PATNA,2012-04-06,Good Friday
PATNA,2012-04-14,Dr. B. R. Ambedkar's Birthday
PATNA,2012-05-06,Buddha Purnima
PATNA,2012-08-10,Janmashtami (Vaishnava)
PATNA,2012-08-15,Independence Day
PATNA,2012-08-20,Eid al-Fitr
PATNA,2012-10-02,Mahatma Gandhi's Birthday
PATNA,2012-10-24,Dussehra
PATNA,2012-10-27,Eid al-Adha
PATNA,2012-11-13,Diwali (Deepavali)
PATNA,2012-11-19,Chhath Puja
PATNA,2012-11-25,Ashura
PATNA,2012-11-28,Guru Nanak's Birthday
PATNA,2012-12-25,Christmas
PATNA,2013-01-25,Prophet's Birthday
PATNA,2013-01-26,Republic Day
PATNA,2013-03-22,Bihar Day
PATNA,2013-03-27,Holi
PATNA,2013-03-29,Good Friday
PATNA,2013-04-14,Dr. B. R. Ambedkar's Birthday
PATNA,2013-04-19,Ram Navami
PATNA,2013-04-24,Mahavira's Birthday
PATNA,2013-05-25,Buddha Purnima
PATNA,2013-08-09,Eid al-Fitr
PATNA,2013-08-15,Independence Day
PATNA,2013-08-28,Janmashtami (Vaishnava)
PATNA,2013-10-02,Mahatma Gandhi's Birthday
PATNA,2013-10-13,Dussehra
PATNA,2013-10-16,Eid al-Adha
PATNA,2013-11-03,Diwali (Deepavali)
PATNA,2013-11-08,Chhath Puja
PATNA,2013-11-14,Ashura
PATNA,2013-11-17,Guru Nanak's Birthday
PATNA,2013-12-25,Christmas
PATNA,2014-01-14,Prophet's Birthday
PATNA,2014-01-26,Republic Day
PATNA,2014-03-17,Holi
PATNA,2014-03-22,Bihar Day
PATNA,2014-04-08,Ram Navami
PATNA,2014-04-13,Mahavira's Birthday
PATNA,2014-04-14,Dr. B. R. Ambedkar's Birthday
PATNA,2014-04-18,Good Friday
PATNA,2014-05-14,Buddha Purnima
PATNA,2014-07-29,Eid al-Fitr
PATNA,2014-08-15,Independence Day
PATNA,2014-08-18,Janmashtami (Vaishnava)
PATNA,2014-10-02,Mahatma Gandhi's Birthday
PATNA,2014-10-03,Dussehra
PATNA,2014-10-06,Eid al-Adha
PATNA,2014-10-23,Diwali (Deepavali)
PATNA,2014-10-29,Chhath Puja
PATNA,2014-11-04,Ashura
PATNA,2014-11-06,Guru Nanak's Birthday
PATNA,2014-12-25,Christmas
PATNA,2015-01-04,Prophet's Birthday
PATNA,2015-01-26,Republic Day
PATNA,2015-03-06,Holi
PATNA,2015-03-22,Bihar Day
PATNA,2015-03-28,Ram Navami
PATNA,2015-04-02,Mahavira's Birthday
PATNA,2015-04-03,Good Friday
PATNA,2015-04-14,Dr. B. R. Ambedkar's Birthday
PATNA,2015-05-04,Buddha Purnima
PATNA,2015-07-18,Eid al-Fitr
PATNA,2015-08-15,Independence Day
PATNA,2015-09-05,Janmashtami (Vaishnava)
PATNA,2015-09-25,Eid al-Adha
PATNA,2015-10-02,Mahatma Gandhi's Birthday
PATNA,2015-10-22,Dussehra
PATNA,2015-10-24,Ashura
PATNA,2015-11-11,Diwali (Deepavali)
PATNA,2015-11-17,Chhath Puja
PATNA,2015-11-25,Guru Nanak's Birthday
PATNA,2015-12-24,Prophet's Birthday
PATNA,2015-12-25,Christmas
PATNA,2016-01-26,Republic Day
PATNA,2016-03-22,Bihar Day
PATNA,2016-03-24,Holi
PATNA,2016-03-25,Good Friday
PATNA,2016-04-14,Dr. B. R. Ambedkar's Birthday
PATNA,2016-04-15,Ram Navami
PATNA,2016-04-20,Mahavira's Birthday
PATNA,2016-05-21,Buddha Purnima
PATNA,2016-07-06,Eid al-Fitr
PATNA,2016-08-15,Independence Day
PATNA,2016-08-25,Janmashtami (Vaishnava)
PATNA,2016-09-12,Eid al-Adha
PATNA,2016-10-02,Mahatma Gandhi's Birthday
PATNA,2016-10-11,Dussehra
PATNA,2016-10-12,Ashura
PATNA,2016-10-30,Diwali (Deepavali)
PATNA,2016-11-06,Chhath Puja
PATNA,2016-11-14,Guru Nanak's Birthday
PATNA,2016-12-13,Prophet's Birthday
PATNA,2016-12-25,Christmas
PATNA,2017-01-26,Republic Day
PATNA,2017-02-24,Maha Shivaratri
PATNA,2017-03-13,Holi
PATNA,2017-03-22,Bihar Day
PATNA,2017-04-04,Ram Navami
PATNA,2017-04-09,Mahavira's Birthday
PATNA,2017-04-14,Dr. B. R. Ambedkar's Birthday; Good Friday
PATNA,2017-05-10,Buddha Purnima
PATNA,2017-06-26,Eid al-Fitr
PATNA,2017-08-15,Independence Day
PATNA,2017-09-02,Eid al-Adha
PATNA,2017-09-30,Dussehra
PATNA,2017-10-01,Ashura
PATNA,2017-10-02,Mahatma Gandhi's Birthday
PATNA,2017-10-19,Diwali (Deepavali)
PATNA,2017-10-26,Chhath Puja
PATNA,2017-11-04,Guru Nanak's Birthday
PATNA,2017-12-02,Prophet's Birthday
PATNA,2017-12-25,Christmas
PATNA,2018-01-26,Republic Day
PATNA,2018-02-13,Maha Shivaratri
PATNA,2018-03-02,Holi
PATNA,2018-03-22,Bihar Day
PATNA,2018-03-29,Mahavira's Birthday
PATNA,2018-03-30,Good Friday
PATNA,2018-04-14,Dr. B. R. Ambedkar's Birthday
PATNA,2018-04-30,Buddha Purnima
PATNA,2018-06-16,Eid al-Fitr
PATNA,2018-08-15,Independence Day
PATNA,2018-08-22,Eid al-Adha
PATNA,2018-09-03,Janmashtami (Vaishnava)
PATNA,2018-09-21,Ashura
PATNA,2018-10-02,Mahatma Gandhi's Birthday
PATNA,2018-10-19,Dussehra
PATNA,2018-11-07,Diwali (Deepavali)
PATNA,2018-11-13,Chhath Puja
PATNA,2018-11-21,Prophet's Birthday
PATNA,2018-11-23,Guru Nanak's Birthday
PATNA,2018-12-25,Christmas
PATNA,2019-01-26,Republic Day
PATNA,2019-03-04,Maha Shivaratri
PATNA,2019-03-21,Holi
PATNA,2019-03-22,Bihar Day
PATNA,2019-04-13,Ram Navami
PATNA,2019-04-14,Dr. B. R. Ambedkar's Birthday
PATNA,2019-04-17,Mahavira's Birthday
PATNA,2019-04-19,Good Friday
PATNA,2019-05-18,Buddha Purnima
PATNA,2019-06-05,Eid al-Fitr
PATNA,2019-08-12,Eid al-Adha
PATNA,2019-08-15,Independence Day
PATNA,2019-08-24,Janmashtami (Vaishnava)
PATNA,2019-09-10,Ashura
PATNA,2019-10-02,Mahatma Gandhi's Birthday
PATNA,2019-10-08,Dussehra
PATNA,2019-10-27,Diwali (Deepavali)
PATNA,2019-11-02,Chhath Puja
PATNA,2019-11-10,Prophet's Birthday
PATNA,2019-11-12,Guru Nanak's Birthday
PATNA,2019-12-25,Christmas
PATNA,2020-01-26,Republic Day
PATNA,2020-03-10,Holi
PATNA,2020-03-22,Bihar Day
PATNA,2020-04-02,Ram Navami
PATNA,2020-04-06,Mahavira's Birthday
PATNA,2020-04-10,Good Friday
PATNA,2020-04-14,Dr. B. R. Ambedkar's Birthday
PATNA,2020-05-07,Buddha Purnima
PATNA,2020-05-25,Eid al-Fitr
PATNA,2020-08-01,Eid al-Adha
PATNA,2020-08-12,Janmashtami (Vaishnava)
PATNA,2020-08-15,Independence Day
PATNA,2020-08-30,Ashura
PATNA,2020-10-02,Mahatma Gandhi's Birthday
PATNA,2020-10-25,Dussehra
PATNA,2020-10-30,Prophet's Birthday
PATNA,2020-11-14,Diwali (Deepavali)
PATNA,2020-11-20,Chhath Puja
PATNA,2020-11-30,Guru Nanak's Birthday
PATNA,2020-12-25,Christmas
PONDICHERRY,2006-01-11,Eid al-Adha
PONDICHERRY,2006-01-26,Republic Day
PONDICHERRY,2006-02-09,Ashura
PONDICHERRY,2006-02-26,Maha Shivaratri
PONDICHERRY,2006-03-15,Holi
PONDICHERRY,2006-04-06,Ram Navami
PONDICHERRY,2006-04-11,Mahavira's Birthday; Prophet's Birthday
PONDICHERRY,2006-04-14,Dr. B. R. Ambedkar's Birthday; Good Friday
PONDICHERRY,2006-05-13,Buddha Purnima
PONDICHERRY,2006-08-15,Independence Day
PONDICHERRY,2006-08-16,Janmashtami (Vaishnava); Puducherry De Jure Transfer Day
PONDICHERRY,2006-10-02,Dussehra; Mahatma Gandhi's Birthday
PONDICHERRY,2006-10-21,Diwali (Deepavali)
PONDICHERRY,2006-10-25,Eid al-Fitr
PONDICHERRY,2006-11-01,Puducherry Liberation Day
PONDICHERRY,2006-11-05,Guru Nanak's Birthday
PONDICHERRY,2006-12-25,Christmas
PONDICHERRY,2007-01-01,Eid al-Adha
PONDICHERRY,2007-01-26,Republic Day
PONDICHERRY,2007-01-30,Ashura
PONDICHERRY,2007-02-16,Maha Shivaratri
PONDICHERRY,2007-03-04,Holi
PONDICHERRY,2007-03-26,Ram Navami
PONDICHERRY,2007-03-31,Mahavira's Birthday
PONDICHERRY,2007-04-01,Prophet's Birthday
PONDICHERRY,2007-04-06,Good Friday
PONDICHERRY,2007-04-14,Dr. B. R. Ambedkar's Birthday
PONDICHERRY,2007-05-02,Buddha Purnima
PONDICHERRY,2007-08-15,Independence Day
PONDICHERRY,2007-08-16,Puducherry De Jure Transfer Day
PONDICHERRY,2007-09-04,Janmashtami (Vaishnava)
PONDICHERRY,2007-10-02,Mahatma Gandhi's Birthday
PONDICHERRY,2007-10-14,Eid al-Fitr
PONDICHERRY,2007-10-21,Dussehra
PONDICHERRY,2007-11-01,Puducherry Liberation Day
PONDICHERRY,2007-11-09,Diwali (Deepavali)
PONDICHERRY,2007-11-24,Guru Nanak's Birthday
PONDICHERRY,2007-12-21,Eid al-Adha
PONDICHERRY,2007-12-25,Christmas
PONDICHERRY,2008-01-19,Ashura
PONDICHERRY,2008-01-26,Republic Day
PONDICHERRY,2008-03-06,Maha Shivaratri
PONDICHERRY,2008-03-21,Good Friday; Prophet's Birthday
PONDICHERRY,2008-03-22,Holi
PONDICHERRY,2008-04-14,Dr. B. R. Ambedkar's Birthday; Ram Navami
PONDICHERRY,2008-04-18,Mahavira's Birthday
PONDICHERRY,2008-05-20,Buddha Purnima
PONDICHERRY,2008-08-15,Independence Day
PONDICHERRY,2008-08-16,Puducherry De Jure Transfer Day
PONDICHERRY,2008-10-02,Eid al-Fitr; Mahatma Gandhi's Birthday
PONDICHERRY,2008-10-09,Dussehra
PONDICHERRY,2008-10-28,Diwali (Deepavali)
PONDICHERRY,2008-11-01,Puducherry Liberation Day
PONDICHERRY,2008-11-13,Guru Nanak's Birthday
PONDICHERRY,2008-12-09,Eid al-Adha
PONDICHERRY,2008-12-25,Christmas
PONDICHERRY,2009-01-08,Ashura
PONDICHERRY,2009-01-26,Republic Day
PONDICHERRY,2009-03-10,Prophet's Birthday
PONDICHERRY,2009-03-11,Holi
PONDICHERRY,2009-04-03,Ram Navami
PONDICHERRY,2009-04-07,Mahavira's Birthday
PONDICHERRY,2009-04-10,Good Friday
PONDICHERRY,2009-04-14,Dr. B. R. Ambedkar's Birthday
PONDICHERRY,2009-05-08,Buddha Purnima
PONDICHERRY,2009-08-14,Janmashtami (Vaishnava)
PONDICHERRY,2009-08-15,Independence Day
PONDICHERRY,2009-08-16,Puducherry De Jure Transfer Day
PONDICHERRY,2009-09-21,Eid al-Fitr
PONDICHERRY,2009-09-28,Dussehra
PONDICHERRY,2009-10-02,Mahatma Gandhi's Birthday
PONDICHERRY,2009-10-17,Diwali (Deepavali)
PONDICHERRY,2009-11-01,Puducherry Liberation Day
PONDICHERRY,2009-11-02,Guru Nanak's Birthday
PONDICHERRY,2009-11-28,Eid al-Adha
PONDICHERRY,2009-12-25,Christmas
PONDICHERRY,2009-12-28,Ashura
PONDICHERRY,2010-01-26,Republic Day
PONDICHERRY,2010-02-27,Prophet's Birthday
PONDICHERRY,2010-03-01,Holi
PONDICHERRY,2010-03-24,Ram Navami
PONDICHERRY,2010-04-02,Good Friday
PONDICHERRY,2010-04-14,Dr. B. R. Ambedkar's Birthday
PONDICHERRY,2010-04-28,Mahavira's Birthday
PONDICHERRY,2010-05-27,Buddha Purnima
PONDICHERRY,2010-08-15,Independence Day
PONDICHERRY,2010-08-16,Puducherry De Jure Transfer Day
PONDICHERRY,2010-09-02,Janmashtami (Vaishnava)
PONDICHERRY,2010-09-11,Eid al-Fitr
PONDICHERRY,2010-10-02,Mahatma Gandhi's Birthday
PONDICHERRY,2010-10-17,Dussehra
PONDICHERRY,2010-11-01,Puducherry Liberation Day
PONDICHERRY,2010-11-05,Diwali (Deepavali)
PONDICHERRY,2010-11-17,Eid al-Adha
PONDICHERRY,2010-11-21,Guru Nanak's Birthday
PONDICHERRY,2010-12-17,Ashura
PONDICHERRY,2010-12-25,Christmas
PONDICHERRY,2011-01-26,Republic Day
PONDICHERRY,2011-02-16,Prophet's Birthday
PONDICHERRY,2011-03-02,Maha Shivaratri
PONDICHERRY,2011-04-12,Ram Navami
PONDICHERRY,2011-04-14,Dr. B. R. Ambedkar's Birthday
PONDICHERRY,2011-04-16,Mahavira's Birthday
PONDICHERRY,2011-04-22,Good Friday
PONDICHERRY,2011-05-17,Buddha Purnima
PONDICHERRY,2011-08-15,Independence Day
PONDICHERRY,2011-08-16,Puducherry De Jure Transfer Day
PONDICHERRY,2011-08-22,Janmashtami (Vaishnava)
PONDICHERRY,2011-08-31,Eid al-Fitr
PONDICHERRY,2011-10-02,Mahatma Gandhi's Birthday
PONDICHERRY,2011-10-06,Dussehra
PONDICHERRY,2011-10-26,Diwali (Deepavali)
PONDICHERRY,2011-11-01,Puducherry Liberation Day
PONDICHERRY,2011-11-07,Eid al-Adha
PONDICHERRY,2011-11-10,Guru Nanak's Birthday
PONDICHERRY,2011-12-06,Ashura
PONDICHERRY,2011-12-25,Christmas
PONDICHERRY,2012-01-26,Republic Day
PONDICHERRY,2012-02-05,Prophet's Birthday
PONDICHERRY,2012-02-20,Maha Shivaratri
PONDICHERRY,2012-03-08,Holi
PONDICHERRY,2012-04-05,Mahavira's Birthday
PONDICHERRY,2012-04-06,Good Friday
PONDICHERRY,2012-04-14,Dr. B. R. Ambedkar's Birthday
PONDICHERRY,2012-05-06,Buddha Purnima
PONDICHERRY,2012-08-10,Janmashtami (Vaishnava)
PONDICHERRY,2012-08-15,Independence Day
PONDICHERRY,2012-08-16,Puducherry De Jure Transfer Day
PONDICHERRY,2012-08-20,Eid al-Fitr
PONDICHERRY,2012-10-02,Mahatma Gandhi's Birthday
PONDICHERRY,2012-10-24,Dussehra
PONDICHERRY,2012-10-27,Eid al-Adha
PONDICHERRY,2012-11-01,Puducherry Liberation Day
PONDICHERRY,2012-11-13,Diwali (Deepavali)
PONDICHERRY,2012-11-25,Ashura
PONDICHERRY,2012-11-28,Guru Nanak's Birthday
PONDICHERRY,2012-12-25,Christmas
PONDICHERRY,2013-01-25,Prophet's Birthday
PONDICHERRY,2013-01-26,Republic Day
PONDICHERRY,2013-03-27,Holi
PONDICHERRY,2013-03-29,Good Friday
PONDICHERRY,2013-04-14,Dr. B. R. Ambedkar's Birthday
PONDICHERRY,2013-04-19,Ram Navami
PONDICHERRY,2013-04-24,Mahavira's Birthday
PONDICHERRY,2013-05-25,Buddha Purnima
PONDICHERRY,2013-08-09,Eid al-Fitr
PONDICHERRY,2013-08-15,Independence Day
PONDICHERRY,2013-08-16,Puducherry De Jure Transfer Day
PONDICHERRY,2013-08-28,Janmashtami (Vaishnava)
PONDICHERRY,2013-10-02,Mahatma Gandhi's Birthday
PONDICHERRY,2013-10-13,Dussehra
PONDICHERRY,2013-10-16,Eid al-Adha
PONDICHERRY,2013-11-01,Puducherry Liberation Day
PONDICHERRY,2013-11-03,Diwali (Deepavali)
PONDICHERRY,2013-11-14,Ashura
PONDICHERRY,2013-11-17,Guru Nanak's Birthday
PONDICHERRY,2013-12-25,Christmas
PONDICHERRY,2014-01-14,Prophet's Birthday
PONDICHERRY,2014-01-26,Republic Day
PONDICHERRY,2014-03-17,Holi
PONDICHERRY,2014-04-08,Ram Navami
PONDICHERRY,2014-04-13,Mahavira's Birthday
PONDICHERRY,2014-04-14,Dr. B. R. Ambedkar's Birthday
PONDICHERRY,2014-04-18,Good Friday
PONDICHERRY,2014-05-14,Buddha Purnima
PONDICHERRY,2014-07-29,Eid al-Fitr
PONDICHERRY,2014-08-15,Independence Day
PONDICHERRY,2014-08-16,Puducherry De Jure Transfer Day
PONDICHERRY,2014-08-18,Janmashtami (Vaishnava)
PONDICHERRY,2014-10-02,Mahatma Gandhi's Birthday
PONDICHERRY,2014-10-03,Dussehra
PONDICHERRY,2014-10-06,Eid al-Adha
PONDICHERRY,2014-10-23,Diwali (Deepavali)
PONDICHERRY,2014-11-01,Puducherry Liberation Day
PONDICHERRY,2014-11-04,Ashura
PONDICHERRY,2014-11-06,Guru Nanak's Birthday
PONDICHERRY,2014-12-25,Christmas
PONDICHERRY,2015-01-04,Prophet's Birthday
PONDICHERRY,2015-01-26,Republic Day
PONDICHERRY,2015-03-06,Holi
PONDICHERRY,2015-03-28,Ram Navami
PONDICHERRY,2015-04-02,Mahavira's Birthday
PONDICHERRY,2015-04-03,Good Friday
PONDICHERRY,2015-04-14,Dr. B. R. Ambedkar's Birthday
PONDICHERRY,2015-05-04,Buddha Purnima
PONDICHERRY,2015-07-18,Eid al-Fitr
PONDICHERRY,2015-08-15,Independence Day
PONDICHERRY,2015-08-16,Puducherry De Jure Transfer Day
PONDICHERRY,2015-09-05,Janmashtami (Vaishnava)
PONDICHERRY,2015-09-25,Eid al-Adha
PONDICHERRY,2015-10-02,Mahatma Gandhi's Birthday
PONDICHERRY,2015-10-22,Dussehra
PONDICHERRY,2015-10-24,Ashura
PONDICHERRY,2015-11-01,Puducherry Liberation Day
PONDICHERRY,2015-11-11,Diwali (Deepavali)
PONDICHERRY,2015-11-25,Guru Nanak's Birthday
PONDICHERRY,2015-12-24,Prophet's Birthday
PONDICHERRY,2015-12-25,Christmas
PONDICHERRY,2016-01-26,Republic Day
PONDICHERRY,2016-03-24,Holi
PONDICHERRY,2016-03-25,Good Friday
PONDICHERRY,2016-04-14,Dr. B. R. Ambedkar's Birthday
PONDICHERRY,2016-04-15,Ram Navami
PONDICHERRY,2016-04-20,Mahavira's Birthday
PONDICHERRY,2016-05-21,Buddha Purnima
PONDICHERRY,2016-07-06,Eid al-Fitr
PONDICHERRY,2016-08-15,Independence Day
PONDICHERRY,2016-08-16,Puducherry De Jure Transfer Day
PONDICHERRY,2016-08-25,Janmashtami (Vaishnava)
PONDICHERRY,2016-09-12,Eid al-Adha
PONDICHERRY,2016-10-02,Mahatma Gandhi's Birthday
PONDICHERRY,2016-10-11,Dussehra
PONDICHERRY,2016-10-12,Ashura
PONDICHERRY,2016-10-30,Diwali (Deepavali)
PONDICHERRY,2016-11-01,Puducherry Liberation Day
PONDICHERRY,2016-11-14,Guru Nanak's Birthday
PONDICHERRY,2016-12-13,Prophet's Birthday
PONDICHERRY,2016-12-25,Christmas
PONDICHERRY,2017-01-26,Republic Day
PONDICHERRY,2017-02-24,Maha Shivaratri
PONDICHERRY,2017-03-13,Holi
PONDICHERRY,2017-04-04,Ram Navami
PONDICHERRY,2017-04-09,Mahavira's Birthday
PONDICHERRY,2017-04-14,Dr. B. R. Ambedkar's Birthday; Good Friday
PONDICHERRY,2017-05-10,Buddha Purnima
PONDICHERRY,2017-06-26,Eid al-Fitr
PONDICHERRY,2017-08-15,Independence Day
PONDICHERRY,2017-08-16,Puducherry De Jure Transfer Day
PONDICHERRY,2017-09-02,Eid al-Adha
PONDICHERRY,2017-09-30,Dussehra
PONDICHERRY,2017-10-01,Ashura
PONDICHERRY,2017-10-02,Mahatma Gandhi's Birthday
PONDICHERRY,2017-10-19,Diwali (Deepavali)
PONDICHERRY,2017-11-01,Puducherry Liberation Day
PONDICHERRY,2017-11-04,Guru Nanak's Birthday
PONDICHERRY,2017-12-02,Prophet's Birthday
PONDICHERRY,2017-12-25,Christmas
PONDICHERRY,2018-01-26,Republic Day
PONDICHERRY,2018-02-13,Maha Shivaratri
PONDICHERRY,2018-03-02,Holi
PONDICHERRY,2018-03-29,Mahavira's Birthday
PONDICHERRY,2018-03-30,Good Friday
PONDICHERRY,2018-04-14,Dr. B. R. Ambedkar's Birthday
PONDICHERRY,2018-04-30,Buddha Purnima
PONDICHERRY,2018-06-16,Eid al-Fitr
PONDICHERRY,2018-08-15,Independence Day
PONDICHERRY,2018-08-16,Puducherry De Jure Transfer Day
PONDICHERRY,2018-08-22,Eid al-Adha
PONDICHERRY,2018-09-03,Janmashtami (Vaishnava)
PONDICHERRY,2018-09-21,Ashura
PONDICHERRY,2018-10-02,Mahatma Gandhi's Birthday
PONDICHERRY,2018-10-19,Dussehra
PONDICHERRY,2018-11-01,Puducherry Liberation Day
PONDICHERRY,2018-11-07,Diwali (Deepavali)
PONDICHERRY,2018-11-21,Prophet's Birthday
PONDICHERRY,2018-11-23,Guru Nanak's Birthday
PONDICHERRY,2018-12-25,Christmas
PONDICHERRY,2019-01-26,Republic Day
PONDICHERRY,2019-03-04,Maha Shivaratri
PONDICHERRY,2019-03-21,Holi
PONDICHERRY,2019-04-13,Ram Navami
PONDICHERRY,2019-04-14,Dr. B. R. Ambedkar's Birthday
PONDICHERRY,2019-04-17,Mahavira's Birthday
PONDICHERRY,2019-04-19,Good Friday
PONDICHERRY,2019-05-18,Buddha Purnima
PONDICHERRY,2019-06-05,Eid al-Fitr
PONDICHERRY,2019-08-12,Eid al-Adha
PONDICHERRY,2019-08-15,Independence Day
PONDICHERRY,2019-08-16,Puducherry De Jure Transfer Day
PONDICHERRY,2019-08-24,Janmashtami (Vaishnava)
PONDICHERRY,2019-09-10,Ashura
PONDICHERRY,2019-10-02,Mahatma Gandhi's Birthday
PONDICHERRY,2019-10-08,Dussehra
PONDICHERRY,2019-10-27,Diwali (Deepavali)
PONDICHERRY,2019-11-01,Puducherry Liberation Day
PONDICHERRY,2019-11-10,Prophet's Birthday
PONDICHERRY,2019-11-12,Guru Nanak's Birthday
PONDICHERRY,2019-12-25,Christmas
PONDICHERRY,2020-01-26,Republic Day
PONDICHERRY,2020-03-10,Holi
PONDICHERRY,2020-04-02,Ram Navami
PONDICHERRY,2020-04-06,Mahavira's Birthday
PONDICHERRY,2020-04-10,Good Friday
PONDICHERRY,2020-04-14,Dr. B. R. Ambedkar's Birthday
PONDICHERRY,2020-05-07,Buddha Purnima
PONDICHERRY,2020-05-25,Eid al-Fitr
PONDICHERRY,2020-08-01,Eid al-Adha
PONDICHERRY,2020-08-12,Janmashtami (Vaishnava)
PONDICHERRY,2020-08-15,Independence Day
PONDICHERRY,2020-08-16,Puducherry De Jure Transfer Day
PONDICHERRY,2020-08-30,Ashura
PONDICHERRY,2020-10-02,Mahatma Gandhi's Birthday
PONDICHERRY,2020-10-25,Dussehra
PONDICHERRY,2020-10-30,Prophet's Birthday
PONDICHERRY,2020-11-01,Puducherry Liberation Day
PONDICHERRY,2020-11-14,Diwali (Deepavali)
PONDICHERRY,2020-11-30,Guru Nanak's Birthday
PONDICHERRY,2020-12-25,Christmas
PUNE,2006-01-11,Eid al-Adha
PUNE,2006-01-26,Republic Day
PUNE,2006-02-09,Ashura
PUNE,2006-02-19,Chhatrapati Shivaji Maharaj's Birthday
PUNE,2006-02-26,Maha Shivaratri
PUNE,2006-03-15,Holi
PUNE,2006-03-30,Gudi Padwa
PUNE,2006-04-06,Ram Navami
PUNE,2006-04-11,Mahavira's Birthday; Prophet's Birthday
PUNE,2006-04-14,Dr. B. R. Ambedkar's Birthday; Good Friday
PUNE,2006-05-01,Maharashtra Day
PUNE,2006-05-13,Buddha Purnima
PUNE,2006-08-15,Independence Day
PUNE,2006-08-16,Janmashtami (Vaishnava)
PUNE,2006-08-20,Parsi New Year (Shahenshahi)
PUNE,2006-08-27,Ganesh Chaturthi
PUNE,2006-10-02,Dussehra; Mahatma Gandhi's Birthday
PUNE,2006-10-21,Diwali (Deepavali)
PUNE,2006-10-22,Diwali (Bali Pratipada)
PUNE,2006-10-25,Eid al-Fitr
PUNE,2006-11-05,Guru Nanak's Birthday
PUNE,2006-12-25,Christmas
PUNE,2007-01-01,Eid al-Adha
PUNE,2007-01-26,Republic Day
PUNE,2007-01-30,Ashura
PUNE,2007-02-16,Maha Shivaratri
PUNE,2007-02-19,Chhatrapati Shivaji Maharaj's Birthday
PUNE,2007-03-04,Holi
PUNE,2007-03-19,Gudi Padwa
PUNE,2007-03-26,Ram Navami
PUNE,2007-03-31,Mahavira's Birthday
PUNE,2007-04-01,Prophet's Birthday
PUNE,2007-04-06,Good Friday
PUNE,2007-04-14,Dr. B. R. Ambedkar's Birthday
PUNE,2007-05-01,Maharashtra Day
PUNE,2007-05-02,Buddha Purnima
PUNE,2007-08-15,Independence Day
PUNE,2007-08-20,Parsi New Year (Shahenshahi)
PUNE,2007-09-04,Janmashtami (Vaishnava)
PUNE,2007-09-15,Ganesh Chaturthi
PUNE,2007-10-02,Mahatma Gandhi's Birthday
PUNE,2007-10-14,Eid al-Fitr
PUNE,2007-10-21,Dussehra
PUNE,2007-11-09,Diwali (Deepavali)
PUNE,2007-11-10,Diwali (Bali Pratipada)
PUNE,2007-11-24,Guru Nanak's Birthday
PUNE,2007-12-21,Eid al-Adha
PUNE,2007-12-25,Christmas
PUNE,2008-01-19,Ashura
PUNE,2008-01-26,Republic Day
PUNE,2008-02-19,Chhatrapati Shivaji Maharaj's Birthday
PUNE,2008-03-06,Maha Shivaratri
PUNE,2008-03-21,Good Friday; Prophet's Birthday
PUNE,2008-03-22,Holi
PUNE,2008-04-06,Gudi Padwa
PUNE,2008-04-14,Dr. B. R. Ambedkar's Birthday; Ram Navami
PUNE,2008-04-18,Mahavira's Birthday
PUNE,2008-05-01,Maharashtra Day
PUNE,2008-05-20,Buddha Purnima
PUNE,2008-08-15,Independence Day
PUNE,2008-08-19,Parsi New Year (Shahenshahi)
PUNE,2008-09-03,Ganesh Chaturthi
PUNE,2008-10-02,Eid al-Fitr; Mahatma Gandhi's Birthday
PUNE,2008-10-09,Dussehra
PUNE,2008-10-28,Diwali (Deepavali)
PUNE,2008-10-29,Diwali (Bali Pratipada)
PUNE,2008-11-13,Guru Nanak's Birthday
PUNE,2008-12-09,Eid al-Adha
PUNE,2008-12-25,Christmas
PUNE,2009-01-08,Ashura
PUNE,2009-01-26,Republic Day
PUNE,2009-02-19,Chhatrapati Shivaji Maharaj's Birthday
PUNE,2009-03-10,Prophet's Birthday
PUNE,2009-03-11,Holi
PUNE,2009-03-27,Gudi Padwa
PUNE,2009-04-03,Ram Navami
PUNE,2009-04-07,Mahavira's Birthday
PUNE,2009-04-10,Good Friday
PUNE,2009-04-14,Dr. B. R. Ambedkar's Birthday
PUNE,2009-05-01,Maharashtra Day
PUNE,2009-05-08,Buddha Purnima
PUNE,2009-08-14,Janmashtami (Vaishnava)
PUNE,2009-08-15,Independence Day
PUNE,2009-08-19,Parsi New Year (Shahenshahi)
PUNE,2009-08-23,Ganesh Chaturthi
PUNE,2009-09-21,Eid al-Fitr
PUNE,2009-09-28,Dussehra
PUNE,2009-10-02,Mahatma Gandhi's Birthday
PUNE,2009-10-17,Diwali (Deepavali)
PUNE,2009-10-18,Diwali (Bali Pratipada)
PUNE,2009-11-02,Guru Nanak's Birthday
PUNE,2009-11-28,Eid al-Adha
PUNE,2009-12-25,Christmas
PUNE,2009-12-28,Ashura
PUNE,2010-01-26,Republic Day
PUNE,2010-02-19,Chhatrapati Shivaji Maharaj's Birthday
PUNE,2010-02-27,Prophet's Birthday
PUNE,2010-03-01,Holi
PUNE,2010-03-16,Gudi Padwa
PUNE,2010-03-24,Ram Navami
PUNE,2010-04-02,Good Friday
PUNE,2010-04-14,Dr. B. R. Ambedkar's Birthday
PUNE,2010-04-28,Mahavira's Birthday
PUNE,2010-05-01,Maharashtra Day
PUNE,2010-05-27,Buddha Purnima
PUNE,2010-08-15,Independence Day
PUNE,2010-08-19,Parsi New Year (Shahenshahi)
PUNE,2010-09-02,Janmashtami (Vaishnava)
PUNE,2010-09-11,Eid al-Fitr; Ganesh Chaturthi
PUNE,2010-10-02,Mahatma Gandhi's Birthday
PUNE,2010-10-17,Dussehra
PUNE,2010-11-05,Diwali (Deepavali)
PUNE,2010-11-06,Diwali (Bali Pratipada)
PUNE,2010-11-17,Eid al-Adha
PUNE,2010-11-21,Guru Nanak's Birthday
PUNE,2010-12-17,Ashura
PUNE,2010-12-25,Christmas
PUNE,2011-01-26,Republic Day
PUNE,2011-02-16,Prophet's Birthday
PUNE,2011-02-19,Chhatrapati Shivaji Maharaj's Birthday
PUNE,2011-03-02,Maha Shivaratri
PUNE,2011-03-20,Holi
PUNE,2011-04-04,Gudi Padwa
PUNE,2011-04-12,Ram Navami
PUNE,2011-04-14,Dr. B. R. Ambedkar's Birthday
PUNE,2011-04-16,Mahavira's Birthday
PUNE,2011-04-22,Good Friday
PUNE,2011-05-01,Maharashtra Day
PUNE,2011-05-17,Buddha Purnima
PUNE,2011-08-15,Independence Day
PUNE,2011-08-19,Parsi New Year (Shahenshahi)
PUNE,2011-08-22,Janmashtami (Vaishnava)
PUNE,2011-08-31,Eid al-Fitr
PUNE,2011-09-01,Ganesh Chaturthi
PUNE,2011-10-02,Mahatma Gandhi's Birthday
PUNE,2011-10-06,Dussehra
PUNE,2011-10-26,Diwali (Deepavali)
PUNE,2011-10-27,Diwali (Bali Pratipada)
PUNE,2011-11-07,Eid al-Adha
PUNE,2011-11-10,Guru Nanak's Birthday
PUNE,2011-12-06,Ashura
PUNE,2011-12-25,Christmas
PUNE,2012-01-26,Republic Day
PUNE,2012-02-05,Prophet's Birthday
PUNE,2012-02-19,Chhatrapati Shivaji Maharaj's Birthday
PUNE,2012-02-20,Maha Shivaratri
PUNE,2012-03-08,Holi
PUNE,2012-03-23,Gudi Padwa
PUNE,2012-04-05,Mahavira's Birthday
PUNE,2012-04-06,Good Friday
PUNE,2012-04-14,Dr. B. R. Ambedkar's Birthday
PUNE,2012-05-01,Maharashtra Day
PUNE,2012-05-06,Buddha Purnima
PUNE,2012-08-10,Janmashtami (Vaishnava)
PUNE,2012-08-15,Independence Day
PUNE,2012-08-18,Parsi New Year (Shahenshahi)
PUNE,2012-08-20,Eid al-Fitr
PUNE,2012-09-19,Ganesh Chaturthi
PUNE,2012-10-02,Mahatma Gandhi's Birthday
PUNE,2012-10-24,Dussehra
PUNE,2012-10-27,Eid al-Adha
PUNE,2012-11-13,Diwali (Deepavali)
PUNE,2012-11-14,Diwali (Bali Pratipada)
PUNE,2012-11-25,Ashura
PUNE,2012-11-28,Guru Nanak's Birthday
PUNE,2012-12-25,Christmas
PUNE,2013-01-25,Prophet's Birthday
PUNE,2013-01-26,Republic Day
PUNE,2013-02-19,Chhatrapati Shivaji Maharaj's Birthday
PUNE,2013-03-27,Holi
PUNE,2013-03-29,Good Friday
PUNE,2013-04-11,Gudi Padwa
PUNE,2013-04-14,Dr. B. R. Ambedkar's Birthday
PUNE,2013-04-19,Ram Navami
PUNE,2013-04-24,Mahavira's Birthday
PUNE,2013-05-01,Maharashtra Day
PUNE,2013-05-25,Buddha Purnima
PUNE,2013-08-09,Eid al-Fitr
PUNE,2013-08-15,Independence Day
PUNE,2013-08-18,Parsi New Year (Shahenshahi)
PUNE,2013-08-28,Janmashtami (Vaishnava)
PUNE,2013-09-09,Ganesh Chaturthi
PUNE,2013-10-02,Mahatma Gandhi's Birthday
PUNE,2013-10-13,Dussehra
PUNE,2013-10-16,Eid al-Adha
PUNE,2013-11-03,Diwali (Deepavali)
PUNE,2013-11-04,Diwali (Bali Pratipada)
PUNE,2013-11-14,Ashura
PUNE,2013-11-17,Guru Nanak's Birthday
PUNE,2013-12-25,Christmas
PUNE,2014-01-14,Prophet's Birthday
PUNE,2014-01-26,Republic Day
PUNE,2014-02-19,Chhatrapati Shivaji Maharaj's Birthday
PUNE,2014-03-17,Holi
PUNE,2014-03-31,Gudi Padwa
PUNE,2014-04-08,Ram Navami
PUNE,2014-04-13,Mahavira's Birthday
PUNE,2014-04-14,Dr. B. R. Ambedkar's Birthday
PUNE,2014-04-18,Good Friday
PUNE,2014-05-01,Maharashtra Day
PUNE,2014-05-14,Buddha Purnima
PUNE,2014-07-29,Eid al-Fitr
PUNE,2014-08-15,Independence Day
PUNE,2014-08-18,Janmashtami (Vaishnava); Parsi New Year (Shahenshahi)
PUNE,2014-08-29,Ganesh Chaturthi
PUNE,2014-10-02,Mahatma Gandhi's Birthday
PUNE,2014-10-03,Dussehra
PUNE,2014-10-06,Eid al-Adha
PUNE,2014-10-23,Diwali (Deepavali)
PUNE,2014-10-24,Diwali (Bali Pratipada)
PUNE,2014-11-04,Ashura
PUNE,2014-11-06,Guru Nanak's Birthday
PUNE,2014-12-25,Christmas
PUNE,2015-01-04,Prophet's Birthday
PUNE,2015-01-26,Republic Day
PUNE,2015-02-19,Chhatrapati Shivaji Maharaj's Birthday
PUNE,2015-03-06,Holi
PUNE,2015-03-21,Gudi Padwa
PUNE,2015-03-28,Ram Navami
PUNE,2015-04-02,Mahavira's Birthday
PUNE,2015-04-03,Good Friday
PUNE,2015-04-14,Dr. B. R. Ambedkar's Birthday
PUNE,2015-05-01,Maharashtra Day
PUNE,2015-05-04,Buddha Purnima
PUNE,2015-07-18,Eid al-Fitr
PUNE,2015-08-15,Independence Day
PUNE,2015-08-18,Parsi New Year (Shahenshahi)
PUNE,2015-09-05,Janmashtami (Vaishnava)
PUNE,2015-09-17,Ganesh Chaturthi
PUNE,2015-09-25,Eid al-Adha
PUNE,2015-10-02,Mahatma Gandhi's Birthday
PUNE,2015-10-22,Dussehra
PUNE,2015-10-24,Ashura
PUNE,2015-11-11,Diwali (Deepavali)
PUNE,2015-11-12,Diwali (Bali Pratipada)
PUNE,2015-11-25,Guru Nanak's Birthday
PUNE,2015-12-24,Prophet's Birthday
PUNE,2015-12-25,Christmas
PUNE,2016-01-26,Republic Day
PUNE,2016-02-19,Chhatrapati Shivaji Maharaj's Birthday
PUNE,2016-03-24,Holi
PUNE,2016-03-25,Good Friday
PUNE,2016-04-08,Gudi Padwa
PUNE,2016-04-14,Dr. B. R. Ambedkar's Birthday
PUNE,2016-04-15,Ram Navami
PUNE,2016-04-20,Mahavira's Birthday
PUNE,2016-05-01,Maharashtra Day
PUNE,2016-05-21,Buddha Purnima
PUNE,2016-07-06,Eid al-Fitr
PUNE,2016-08-15,Independence Day
PUNE,2016-08-17,Parsi New Year (Shahenshahi)
PUNE,2016-08-25,Janmashtami (Vaishnava)
PUNE,2016-09-05,Ganesh Chaturthi
PUNE,2016-09-12,Eid al-Adha
PUNE,2016-10-02,Mahatma Gandhi's Birthday
PUNE,2016-10-11,Dussehra
PUNE,2016-10-12,Ashura
PUNE,2016-10-30,Diwali (Deepavali)
PUNE,2016-10-31,Diwali (Bali Pratipada)
PUNE,2016-11-14,Guru Nanak's Birthday
PUNE,2016-12-13,Prophet's Birthday
PUNE,2016-12-25,Christmas
PUNE,2017-01-26,Republic Day
PUNE,2017-02-19,Chhatrapati Shivaji Maharaj's Birthday
PUNE,2017-02-24,Maha Shivaratri
PUNE,2017-03-13,Holi
PUNE,2017-03-28,Gudi Padwa
PUNE,2017-04-04,Ram Navami
PUNE,2017-04-09,Mahavira's Birthday
PUNE,2017-04-14,Dr. B. R. Ambedkar's Birthday; Good Friday
PUNE,2017-05-01,Maharashtra Day
PUNE,2017-05-10,Buddha Purnima
PUNE,2017-06-26,Eid al-Fitr
PUNE,2017-08-15,Independence Day
PUNE,2017-08-17,Parsi New Year (Shahenshahi)
PUNE,2017-08-25,Ganesh Chaturthi
PUNE,2017-09-02,Eid al-Adha
PUNE,2017-09-30,Dussehra
PUNE,2017-10-01,Ashura
PUNE,2017-10-02,Mahatma Gandhi's Birthday
PUNE,2017-10-19,Diwali (Deepavali)
PUNE,2017-10-20,Diwali (Bali Pratipada)
PUNE,2017-11-04,Guru Nanak's Birthday
PUNE,2017-12-02,Prophet's Birthday
PUNE,2017-12-25,Christmas
PUNE,2018-01-26,Republic Day
PUNE,2018-02-13,Maha Shivaratri
PUNE,2018-02-19,Chhatrapati Shivaji Maharaj's Birthday
PUNE,2018-03-02,Holi
PUNE,2018-03-18,Gudi Padwa
PUNE,2018-03-29,Mahavira's Birthday
PUNE,2018-03-30,Good Friday
PUNE,2018-04-14,Dr. B. R. Ambedkar's Birthday
PUNE,2018-04-30,Buddha Purnima
PUNE,2018-05-01,Maharashtra Day
PUNE,2018-06-16,Eid al-Fitr
PUNE,2018-08-15,Independence Day
PUNE,2018-08-17,Parsi New Year (Shahenshahi)
PUNE,2018-08-22,Eid al-Adha
PUNE,2018-09-03,Janmashtami (Vaishnava)
PUNE,2018-09-13,Ganesh Chaturthi
PUNE,2018-09-21,Ashura
PUNE,2018-10-02,Mahatma Gandhi's Birthday
PUNE,2018-10-19,Dussehra
PUNE,2018-11-07,Diwali (Deepavali)
PUNE,2018-11-08,Diwali (Bali Pratipada)
PUNE,2018-11-21,Prophet's Birthday
PUNE,2018-11-23,Guru Nanak's Birthday
PUNE,2018-12-25,Christmas
PUNE,2019-01-26,Republic Day
PUNE,2019-02-19,Chhatrapati Shivaji Maharaj's Birthday
PUNE,2019-03-04,Maha Shivaratri
PUNE,2019-03-21,Holi
PUNE,2019-04-06,Gudi Padwa
PUNE,2019-04-13,Ram Navami
PUNE,2019-04-14,Dr. B. R. Ambedkar's Birthday
PUNE,2019-04-17,Mahavira's Birthday
PUNE,2019-04-19,Good Friday
PUNE,2019-05-01,Maharashtra Day
PUNE,2019-05-18,Buddha Purnima
PUNE,2019-06-05,Eid al-Fitr
PUNE,2019-08-12,Eid al-Adha
PUNE,2019-08-15,Independence Day
PUNE,2019-08-17,Parsi New Year (Shahenshahi)
PUNE,2019-08-24,Janmashtami (Vaishnava)
PUNE,2019-09-02,Ganesh Chaturthi
PUNE,2019-09-10,Ashura
PUNE,2019-10-02,Mahatma Gandhi's Birthday
PUNE,2019-10-08,Dussehra
PUNE,2019-10-27,Diwali (Deepavali)
PUNE,2019-10-28,Diwali (Bali Pratipada)
PUNE,2019-11-10,Prophet's Birthday
PUNE,2019-11-12,Guru Nanak's Birthday
PUNE,2019-12-25,Christmas
PUNE,2020-01-26,Republic Day
PUNE,2020-02-19,Chhatrapati Shivaji Maharaj's Birthday
PUNE,2020-03-10,Holi
PUNE,2020-03-25,Gudi Padwa
PUNE,2020-04-02,Ram Navami
PUNE,2020-04-06,Mahavira's Birthday
PUNE,2020-04-10,Good Friday
PUNE,2020-04-14,Dr. B. R. Ambedkar's Birthday
PUNE,2020-05-01,Maharashtra Day
PUNE,2020-05-07,Buddha Purnima
PUNE,2020-05-25,Eid al-Fitr
PUNE,2020-08-01,Eid al-Adha
PUNE,2020-08-12,Janmashtami (Vaishnava)
PUNE,2020-08-15,Independence Day
PUNE,2020-08-16,Parsi New Year (Shahenshahi)
PUNE,2020-08-22,Ganesh Chaturthi
PUNE,2020-08-30,Ashura
PUNE,2020-10-02,Mahatma Gandhi's Birthday
PUNE,2020-10-25,Dussehra
PUNE,2020-10-30,Prophet's Birthday
PUNE,2020-11-14,Diwali (Deepavali)
PUNE,2020-11-15,Diwali (Bali Pratipada)
PUNE,2020-11-30,Guru Nanak's Birthday
PUNE,2020-12-25,Christmas
SHILLONG,2006-01-11,Eid al-Adha
SHILLONG,2006-01-26,Republic Day
SHILLONG,2006-02-09,Ashura
SHILLONG,2006-02-26,Maha Shivaratri
SHILLONG,2006-03-15,Holi
SHILLONG,2006-04-06,Ram Navami
SHILLONG,2006-04-11,Mahavira's Birthday; Prophet's Birthday
SHILLONG,2006-04-14,Dr. B. R. Ambedkar's Birthday; Good Friday
SHILLONG,2006-05-13,Buddha Purnima
SHILLONG,2006-08-15,Independence Day
SHILLONG,2006-08-16,Janmashtami (Vaishnava)
SHILLONG,2006-10-02,Dussehra; Mahatma Gandhi's Birthday
SHILLONG,2006-10-21,Diwali (Deepavali)
SHILLONG,2006-10-25,Eid al-Fitr
SHILLONG,2006-11-05,Guru Nanak's Birthday
SHILLONG,2006-12-25,Christmas
SHILLONG,2007-01-01,Eid al-Adha
SHILLONG,2007-01-26,Republic Day
SHILLONG,2007-01-30,Ashura
SHILLONG,2007-02-16,Maha Shivaratri
SHILLONG,2007-03-04,Holi
SHILLONG,2007-03-26,Ram Navami
SHILLONG,2007-03-31,Mahavira's Birthday
SHILLONG,2007-04-01,Prophet's Birthday
SHILLONG,2007-04-06,Good Friday
SHILLONG,2007-04-14,Dr. B. R. Ambedkar's Birthday
SHILLONG,2007-05-02,Buddha Purnima
SHILLONG,2007-08-15,Independence Day
SHILLONG,2007-09-04,Janmashtami (Vaishnava)
SHILLONG,2007-10-02,Mahatma Gandhi's Birthday
SHILLONG,2007-10-14,Eid al-Fitr
SHILLONG,2007-10-21,Dussehra
SHILLONG,2007-11-09,Diwali (Deepavali)
SHILLONG,2007-11-24,Guru Nanak's Birthday
SHILLONG,2007-12-21,Eid al-Adha
SHILLONG,2007-12-25,Christmas
SHILLONG,2008-01-19,Ashura
SHILLONG,2008-01-26,Republic Day
SHILLONG,2008-03-06,Maha Shivaratri
SHILLONG,2008-03-21,Good Friday; Prophet's Birthday
SHILLONG,2008-03-22,Holi
SHILLONG,2008-04-14,Dr. B. R. Ambedkar's Birthday; Ram Navami
SHILLONG,2008-04-18,Mahavira's Birthday
SHILLONG,2008-05-20,Buddha Purnima
SHILLONG,2008-08-15,Independence Day
SHILLONG,2008-10-02,Eid al-Fitr; Mahatma Gandhi's Birthday
SHILLONG,2008-10-09,Dussehra
SHILLONG,2008-10-28,Diwali (Deepavali)
SHILLONG,2008-11-13,Guru Nanak's Birthday
SHILLONG,2008-12-09,Eid al-Adha
SHILLONG,2008-12-25,Christmas
SHILLONG,2009-01-08,Ashura
SHILLONG,2009-01-26,Republic Day
SHILLONG,2009-03-10,Prophet's Birthday
SHILLONG,2009-03-11,Holi
SHILLONG,2009-04-03,Ram Navami
SHILLONG,2009-04-07,Mahavira's Birthday
SHILLONG,2009-04-10,Good Friday
SHILLONG,2009-04-14,Dr. B. R. Ambedkar's Birthday
SHILLONG,2009-05-08,Buddha Purnima
SHILLONG,2009-08-14,Janmashtami (Vaishnava)
SHILLONG,2009-08-15,Independence Day
SHILLONG,2009-09-21,Eid al-Fitr
SHILLONG,2009-09-28,Dussehra
SHILLONG,2009-10-02,Mahatma Gandhi's Birthday
SHILLONG,2009-10-17,Diwali (Deepavali)
SHILLONG,2009-11-02,Guru Nanak's Birthday
SHILLONG,2009-11-28,Eid al-Adha
SHILLONG,2009-12-25,Christmas
SHILLONG,2009-12-28,Ashura
SHILLONG,2010-01-26,Republic Day
SHILLONG,2010-02-27,Prophet's Birthday
SHILLONG,2010-03-01,Holi
SHILLONG,2010-03-24,Ram Navami
SHILLONG,2010-04-02,Good Friday
SHILLONG,2010-04-14,Dr. B. R. Ambedkar's Birthday
SHILLONG,2010-04-28,Mahavira's Birthday
SHILLONG,2010-05-27,Buddha Purnima
SHILLONG,2010-08-15,Independence Day
SHILLONG,2010-09-02,Janmashtami (Vaishnava)
SHILLONG,2010-09-11,Eid al-Fitr
SHILLONG,2010-10-02,Mahatma Gandhi's Birthday
SHILLONG,2010-10-17,Dussehra
SHILLONG,2010-11-05,Diwali (Deepavali)
SHILLONG,2010-11-17,Eid al-Adha
SHILLONG,2010-11-21,Guru Nanak's Birthday
SHILLONG,2010-12-17,Ashura
SHILLONG,2010-12-25,Christmas
SHILLONG,2011-01-26,Republic Day
SHILLONG,2011-02-16,Prophet's Birthday
SHILLONG,2011-03-02,Maha Shivaratri
SHILLONG,2011-04-12,Ram Navami
SHILLONG,2011-04-14,Dr. B. R. Ambedkar's Birthday
SHILLONG,2011-04-16,Mahavira's Birthday
SHILLONG,2011-04-22,Good Friday
SHILLONG,2011-05-17,Buddha Purnima
SHILLONG,2011-08-15,Independence Day
SHILLONG,2011-08-22,Janmashtami (Vaishnava)
SHILLONG,2011-08-31,Eid al-Fitr
SHILLONG,2011-10-02,Mahatma Gandhi's Birthday
SHILLONG,2011-10-06,Dussehra
SHILLONG,2011-10-26,Diwali (Deepavali)
SHILLONG,2011-11-07,Eid al-Adha
SHILLONG,2011-11-10,Guru Nanak's Birthday
SHILLONG,2011-12-06,Ashura
SHILLONG,2011-12-25,Christmas
SHILLONG,2012-01-26,Republic Day
SHILLONG,2012-02-05,Prophet's Birthday
SHILLONG,2012-02-20,Maha Shivaratri
SHILLONG,2012-03-08,Holi
SHILLONG,2012-04-05,Mahavira's Birthday
SHILLONG,2012-04-06,Good Friday
SHILLONG,2012-04-14,Dr. B. R. Ambedkar's Birthday
SHILLONG,2012-05-06,Buddha Purnima
SHILLONG,2012-08-10,Janmashtami (Vaishnava)
SHILLONG,2012-08-15,Independence Day
SHILLONG,2012-08-20,Eid al-Fitr
SHILLONG,2012-10-02,Mahatma Gandhi's Birthday
SHILLONG,2012-10-24,Dussehra
SHILLONG,2012-10-27,Eid al-Adha
SHILLONG,2012-11-13,Diwali (Deepavali)
SHILLONG,2012-11-25,Ashura
SHILLONG,2012-11-28,Guru Nanak's Birthday
SHILLONG,2012-12-25,Christmas
SHILLONG,2013-01-25,Prophet's Birthday
SHILLONG,2013-01-26,Republic Day
SHILLONG,2013-03-27,Holi
SHILLONG,2013-03-29,Good Friday
SHILLONG,2013-04-14,Dr. B. R. Ambedkar's Birthday
SHILLONG,2013-04-19,Ram Navami
SHILLONG,2013-04-24,Mahavira's Birthday
SHILLONG,2013-05-25,Buddha Purnima
SHILLONG,2013-08-09,Eid al-Fitr
SHILLONG,2013-08-15,Independence Day
SHILLONG,2013-08-28,Janmashtami (Vaishnava)
SHILLONG,2013-10-02,Mahatma Gandhi's Birthday
SHILLONG,2013-10-13,Dussehra
SHILLONG,2013-10-16,Eid al-Adha
SHILLONG,2013-11-03,Diwali (Deepavali)
SHILLONG,2013-11-14,Ashura
SHILLONG,2013-11-17,Guru Nanak's Birthday
SHILLONG,2013-12-25,Christmas
SHILLONG,2014-01-14,Prophet's Birthday
SHILLONG,2014-01-26,Republic Day
SHILLONG,2014-03-17,Holi
SHILLONG,2014-04-08,Ram Navami
SHILLONG,2014-04-13,Mahavira's Birthday
SHILLONG,2014-04-14,Dr. B. R. Ambedkar's Birthday
SHILLONG,2014-04-18,Good Friday
SHILLONG,2014-05-14,Buddha Purnima
SHILLONG,2014-07-29,Eid al-Fitr
SHILLONG,2014-08-15,Independence Day
SHILLONG,2014-08-18,Janmashtami (Vaishnava)
SHILLONG,2014-10-02,Mahatma Gandhi's Birthday
SHILLONG,2014-10-03,Dussehra
SHILLONG,2014-10-06,Eid al-Adha
SHILLONG,2014-10-23,Diwali (Deepavali)
SHILLONG,2014-11-04,Ashura
SHILLONG,2014-11-06,Guru Nanak's Birthday
SHILLONG,2014-12-25,Christmas
SHILLONG,2015-01-04,Prophet's Birthday
SHILLONG,2015-01-26,Republic Day
SHILLONG,2015-03-06,Holi
SHILLONG,2015-03-28,Ram Navami
SHILLONG,2015-04-02,Mahavira's Birthday
SHILLONG,2015-04-03,Good Friday
SHILLONG,2015-04-14,Dr. B. R. Ambedkar's Birthday
SHILLONG,2015-05-04,Buddha Purnima
SHILLONG,2015-07-18,Eid al-Fitr
SHILLONG,2015-08-15,Independence Day
SHILLONG,2015-09-05,Janmashtami (Vaishnava)
SHILLONG,2015-09-25,Eid al-Adha
SHILLONG,2015-10-02,Mahatma Gandhi's Birthday
SHILLONG,2015-10-22,Dussehra
SHILLONG,2015-10-24,Ashura
SHILLONG,2015-11-11,Diwali (Deepavali)
SHILLONG,2015-11-25,Guru Nanak's Birthday
SHILLONG,2015-12-24,Prophet's Birthday
SHILLONG,2015-12-25,Christmas
SHILLONG,2016-01-26,Republic Day
SHILLONG,2016-03-24,Holi
SHILLONG,2016-03-25,Good Friday
SHILLONG,2016-04-14,Dr. B. R. Ambedkar's Birthday
SHILLONG,2016-04-15,Ram Navami
SHILLONG,2016-04-20,Mahavira's Birthday
SHILLONG,2016-05-21,Buddha Purnima
SHILLONG,2016-07-06,Eid al-Fitr
SHILLONG,2016-08-15,Independence Day
SHILLONG,2016-08-25,Janmashtami (Vaishnava)
SHILLONG,2016-09-12,Eid al-Adha
SHILLONG,2016-10-02,Mahatma Gandhi's Birthday
SHILLONG,2016-10-11,Dussehra
SHILLONG,2016-10-12,Ashura
SHILLONG,2016-10-30,Diwali (Deepavali)
SHILLONG,2016-11-14,Guru Nanak's Birthday
SHILLONG,2016-12-13,Prophet's Birthday
SHILLONG,2016-12-25,Christmas
SHILLONG,2017-01-26,Republic Day
SHILLONG,2017-02-24,Maha Shivaratri
SHILLONG,2017-03-13,Holi
SHILLONG,2017-04-04,Ram Navami
SHILLONG,2017-04-09,Mahavira's Birthday
SHILLONG,2017-04-14,Dr. B. R. Ambedkar's Birthday; Good Friday
SHILLONG,2017-05-10,Buddha Purnima
SHILLONG,2017-06-26,Eid al-Fitr
SHILLONG,2017-08-15,Independence Day
SHILLONG,2017-09-02,Eid al-Adha
SHILLONG,2017-09-30,Dussehra
SHILLONG,2017-10-01,Ashura
SHILLONG,2017-10-02,Mahatma Gandhi's Birthday
SHILLONG,2017-10-19,Diwali (Deepavali)
SHILLONG,2017-11-04,Guru Nanak's Birthday
SHILLONG,2017-12-02,Prophet's Birthday
SHILLONG,2017-12-25,Christmas
SHILLONG,2018-01-26,Republic Day
SHILLONG,2018-02-13,Maha Shivaratri
SHILLONG,2018-03-02,Holi
SHILLONG,2018-03-29,Mahavira's Birthday
SHILLONG,2018-03-30,Good Friday
SHILLONG,2018-04-14,Dr. B. R. Ambedkar's Birthday
SHILLONG,2018-04-30,Buddha Purnima
SHILLONG,2018-06-16,Eid al-Fitr
SHILLONG,2018-08-15,Independence Day
SHILLONG,2018-08-22,Eid al-Adha
SHILLONG,2018-09-03,Janmashtami (Vaishnava)
SHILLONG,2018-09-21,Ashura
SHILLONG,2018-10-02,Mahatma Gandhi's Birthday
SHILLONG,2018-10-19,Dussehra
SHILLONG,2018-11-07,Diwali (Deepavali)
SHILLONG,2018-11-21,Prophet's Birthday
SHILLONG,2018-11-23,Guru Nanak's Birthday
SHILLONG,2018-12-25,Christmas
SHILLONG,2019-01-26,Republic Day
SHILLONG,2019-03-04,Maha Shivaratri
SHILLONG,2019-03-21,Holi
SHILLONG,2019-04-13,Ram Navami
SHILLONG,2019-04-14,Dr. B. R. Ambedkar's Birthday
SHILLONG,2019-04-17,Mahavira's Birthday
SHILLONG,2019-04-19,Good Friday
SHILLONG,2019-05-18,Buddha Purnima
SHILLONG,2019-06-05,Eid al-Fitr
SHILLONG,2019-08-12,Eid al-Adha
SHILLONG,2019-08-15,Independence Day
SHILLONG,2019-08-24,Janmashtami (Vaishnava)
SHILLONG,2019-09-10,Ashura
SHILLONG,2019-10-02,Mahatma Gandhi's Birthday
SHILLONG,2019-10-08,Dussehra
SHILLONG,2019-10-27,Diwali (Deepavali)
SHILLONG,2019-11-10,Prophet's Birthday
SHILLONG,2019-11-12,Guru Nanak's Birthday
SHILLONG,2019-12-25,Christmas
SHILLONG,2020-01-26,Republic Day
SHILLONG,2020-03-10,Holi
SHILLONG,2020-04-02,Ram Navami
SHILLONG,2020-04-06,Mahavira's Birthday
SHILLONG,2020-04-10,Good Friday
SHILLONG,2020-04-14,Dr. B. R. Ambedkar's Birthday
SHILLONG,2020-05-07,Buddha Purnima
SHILLONG,2020-05-25,Eid al-Fitr
SHILLONG,2020-08-01,Eid al-Adha
SHILLONG,2020-08-12,Janmashtami (Vaishnava)
SHILLONG,2020-08-15,Independence Day
SHILLONG,2020-08-30,Ashura
SHILLONG,2020-10-02,Mahatma Gandhi's Birthday
SHILLONG,2020-10-25,Dussehra
SHILLONG,2020-10-30,Prophet's Birthday
SHILLONG,2020-11-14,Diwali (Deepavali)
SHILLONG,2020-11-30,Guru Nanak's Birthday
SHILLONG,2020-12-25,Christmas
UTTARAKHAND,2006-01-11,Eid al-Adha
UTTARAKHAND,2006-01-26,Republic Day
UTTARAKHAND,2006-02-09,Ashura
UTTARAKHAND,2006-02-26,Maha Shivaratri
UTTARAKHAND,2006-03-14,Holika Dahan
UTTARAKHAND,2006-03-15,Holi
UTTARAKHAND,2006-03-30,Cheti Chand
UTTARAKHAND,2006-04-06,Ram Navami
UTTARAKHAND,2006-04-11,Mahavira's Birthday; Prophet's Birthday
UTTARAKHAND,2006-04-14,Dr. B. R. Ambedkar's Birthday; Good Friday
UTTARAKHAND,2006-05-13,Buddha Purnima
UTTARAKHAND,2006-07-16,Harela
UTTARAKHAND,2006-08-09,Raksha Bandhan
UTTARAKHAND,2006-08-15,Independence Day
UTTARAKHAND,2006-08-16,Janmashtami (Vaishnava)
UTTARAKHAND,2006-09-17,Vishwakarma Puja
UTTARAKHAND,2006-10-02,Dussehra; Mahatma Gandhi's Birthday
UTTARAKHAND,2006-10-07,Maharishi Valmiki's Birthday
UTTARAKHAND,2006-10-21,Diwali (Deepavali)
UTTARAKHAND,2006-10-25,Eid al-Fitr
UTTARAKHAND,2006-11-05,Guru Nanak's Birthday
UTTARAKHAND,2006-11-24,Guru Tegh Bahadur's Martyrdom Day
UTTARAKHAND,2006-12-25,Christmas
UTTARAKHAND,2007-01-01,Eid al-Adha
UTTARAKHAND,2007-01-26,Republic Day
UTTARAKHAND,2007-01-30,Ashura
UTTARAKHAND,2007-02-16,Maha Shivaratri
UTTARAKHAND,2007-03-03,Holika Dahan
UTTARAKHAND,2007-03-04,Holi
UTTARAKHAND,2007-03-19,Cheti Chand
UTTARAKHAND,2007-03-26,Ram Navami
UTTARAKHAND,2007-03-31,Mahavira's Birthday
UTTARAKHAND,2007-04-01,Prophet's Birthday
UTTARAKHAND,2007-04-06,Good Friday
UTTARAKHAND,2007-04-14,Dr. B. R. Ambedkar's Birthday
UTTARAKHAND,2007-05-02,Buddha Purnima
UTTARAKHAND,2007-07-16,Harela
UTTARAKHAND,2007-08-15,Independence Day
UTTARAKHAND,2007-08-28,Raksha Bandhan
UTTARAKHAND,2007-09-04,Janmashtami (Vaishnava)
UTTARAKHAND,2007-09-17,Vishwakarma Puja
UTTARAKHAND,2007-10-02,Mahatma Gandhi's Birthday
UTTARAKHAND,2007-10-14,Eid al-Fitr
UTTARAKHAND,2007-10-21,Dussehra
UTTARAKHAND,2007-10-26,Maharishi Valmiki's Birthday
UTTARAKHAND,2007-11-09,Diwali (Deepavali)
UTTARAKHAND,2007-11-24,Guru Nanak's Birthday; Guru Tegh Bahadur's Martyrdom Day
UTTARAKHAND,2007-12-21,Eid al-Adha
UTTARAKHAND,2007-12-25,Christmas
UTTARAKHAND,2008-01-19,Ashura
UTTARAKHAND,2008-01-26,Republic Day
UTTARAKHAND,2008-03-06,Maha Shivaratri
UTTARAKHAND,2008-03-21,Good Friday; Holika Dahan; Prophet's Birthday
UTTARAKHAND,2008-03-22,Holi
UTTARAKHAND,2008-04-06,Cheti Chand
UTTARAKHAND,2008-04-14,Dr. B. R. Ambedkar's Birthday; Ram Navami
UTTARAKHAND,2008-04-18,Mahavira's Birthday
UTTARAKHAND,2008-05-20,Buddha Purnima
UTTARAKHAND,2008-07-16,Harela
UTTARAKHAND,2008-08-15,Independence Day
UTTARAKHAND,2008-08-16,Raksha Bandhan
UTTARAKHAND,2008-09-16,Vishwakarma Puja
UTTARAKHAND,2008-10-02,Eid al-Fitr; Mahatma Gandhi's Birthday
UTTARAKHAND,2008-10-09,Dussehra
UTTARAKHAND,2008-10-14,Maharishi Valmiki's Birthday
UTTARAKHAND,2008-10-28,Diwali (Deepavali)
UTTARAKHAND,2008-11-13,Guru Nanak's Birthday
UTTARAKHAND,2008-11-24,Guru Tegh Bahadur's Martyrdom Day
UTTARAKHAND,2008-12-09,Eid al-Adha
UTTARAKHAND,2008-12-25,Christmas
UTTARAKHAND,2009-01-08,Ashura
UTTARAKHAND,2009-01-26,Republic Day
UTTARAKHAND,2009-03-10,Holika Dahan; Prophet's Birthday
UTTARAKHAND,2009-03-11,Holi
UTTARAKHAND,2009-03-27,Cheti Chand
UTTARAKHAND,2009-04-03,Ram Navami
UTTARAKHAND,2009-04-07,Mahavira's Birthday
UTTARAKHAND,2009-04-10,Good Friday
UTTARAKHAND,2009-04-14,Dr. B. R. Ambedkar's Birthday
UTTARAKHAND,2009-05-08,Buddha Purnima
UTTARAKHAND,2009-07-16,Harela
UTTARAKHAND,2009-08-05,Raksha Bandhan
UTTARAKHAND,2009-08-14,Janmashtami (Vaishnava)
UTTARAKHAND,2009-08-15,Independence Day
UTTARAKHAND,2009-09-17,Vishwakarma Puja
UTTARAKHAND,2009-09-21,Eid al-Fitr
UTTARAKHAND,2009-09-28,Dussehra
UTTARAKHAND,2009-10-02,Mahatma Gandhi's Birthday
UTTARAKHAND,2009-10-04,Maharishi Valmiki's Birthday
UTTARAKHAND,2009-10-17,Diwali (Deepavali)
UTTARAKHAND,2009-11-02,Guru Nanak's Birthday
UTTARAKHAND,2009-11-24,Guru Tegh Bahadur's Martyrdom Day
UTTARAKHAND,2009-11-28,Eid al-Adha
UTTARAKHAND,2009-12-25,Christmas
UTTARAKHAND,2009-12-28,Ashura
UTTARAKHAND,2010-01-26,Republic Day
UTTARAKHAND,2010-02-27,Prophet's Birthday
UTTARAKHAND,2010-02-28,Holika Dahan
UTTARAKHAND,2010-03-01,Holi
UTTARAKHAND,2010-03-16,Cheti Chand
UTTARAKHAND,2010-03-24,Ram Navami
UTTARAKHAND,2010-04-02,Good Friday
UTTARAKHAND,2010-04-14,Dr. B. R. Ambedkar's Birthday
UTTARAKHAND,2010-04-28,Mahavira's Birthday
UTTARAKHAND,2010-05-27,Buddha Purnima
UTTARAKHAND,2010-07-16,Harela
UTTARAKHAND,2010-08-15,Independence Day
UTTARAKHAND,2010-08-24,Raksha Bandhan
UTTARAKHAND,2010-09-02,Janmashtami (Vaishnava)
UTTARAKHAND,2010-09-11,Eid al-Fitr
UTTARAKHAND,2010-09-17,Vishwakarma Puja
UTTARAKHAND,2010-10-02,Mahatma Gandhi's Birthday
UTTARAKHAND,2010-10-17,Dussehra
UTTARAKHAND,2010-10-22,Maharishi Valmiki's Birthday
UTTARAKHAND,2010-11-05,Diwali (Deepavali)
UTTARAKHAND,2010-11-17,Eid al-Adha
UTTARAKHAND,2010-11-21,Guru Nanak's Birthday
UTTARAKHAND,2010-11-24,Guru Tegh Bahadur's Martyrdom Day
UTTARAKHAND,2010-12-17,Ashura
UTTARAKHAND,2010-12-25,Christmas
UTTARAKHAND,2011-01-26,Republic Day
UTTARAKHAND,2011-02-16,Prophet's Birthday
UTTARAKHAND,2011-03-02,Maha Shivaratri
UTTARAKHAND,2011-03-19,Holika Dahan
UTTARAKHAND,2011-04-04,Cheti Chand
UTTARAKHAND,2011-04-12,Ram Navami
UTTARAKHAND,2011-04-14,Dr. B. R. Ambedkar's Birthday
UTTARAKHAND,2011-04-16,Mahavira's Birthday
UTTARAKHAND,2011-04-22,Good Friday
UTTARAKHAND,2011-05-17,Buddha Purnima
UTTARAKHAND,2011-07-16,Harela
UTTARAKHAND,2011-08-13,Raksha Bandhan
UTTARAKHAND,2011-08-15,Independence Day
UTTARAKHAND,2011-08-22,Janmashtami (Vaishnava)
UTTARAKHAND,2011-08-31,Eid al-Fitr
UTTARAKHAND,2011-09-17,Vishwakarma Puja
UTTARAKHAND,2011-10-02,Mahatma Gandhi's Birthday
UTTARAKHAND,2011-10-06,Dussehra
UTTARAKHAND,2011-10-11,Maharishi Valmiki's Birthday
UTTARAKHAND,2011-10-26,Diwali (Deepavali)
UTTARAKHAND,2011-11-07,Eid al-Adha
UTTARAKHAND,2011-11-10,Guru Nanak's Birthday
UTTARAKHAND,2011-11-24,Guru Tegh Bahadur's Martyrdom Day
UTTARAKHAND,2011-12-06,Ashura
UTTARAKHAND,2011-12-25,Christmas
UTTARAKHAND,2012-01-26,Republic Day
UTTARAKHAND,2012-02-05,Prophet's Birthday
UTTARAKHAND,2012-02-20,Maha Shivaratri
UTTARAKHAND,2012-03-07,Holika Dahan
UTTARAKHAND,2012-03-08,Holi
UTTARAKHAND,2012-03-23,Cheti Chand
UTTARAKHAND,2012-04-05,Mahavira's Birthday
UTTARAKHAND,2012-04-06,Good Friday
UTTARAKHAND,2012-04-14,Dr. B. R. Ambedkar's Birthday
UTTARAKHAND,2012-05-06,Buddha Purnima
UTTARAKHAND,2012-07-16,Harela
UTTARAKHAND,2012-08-02,Raksha Bandhan
UTTARAKHAND,2012-08-10,Janmashtami (Vaishnava)
UTTARAKHAND,2012-08-15,Independence Day
UTTARAKHAND,2012-08-20,Eid al-Fitr
UTTARAKHAND,2012-09-16,Vishwakarma Puja
UTTARAKHAND,2012-10-02,Mahatma Gandhi's Birthday
UTTARAKHAND,2012-10-24,Dussehra
UTTARAKHAND,2012-10-27,Eid al-Adha
UTTARAKHAND,2012-10-29,Maharishi Valmiki's Birthday
UTTARAKHAND,2012-11-13,Diwali (Deepavali)
UTTARAKHAND,2012-11-24,Guru Tegh Bahadur's Martyrdom Day
UTTARAKHAND,2012-11-25,Ashura
UTTARAKHAND,2012-11-28,Guru Nanak's Birthday
UTTARAKHAND,2012-12-25,Christmas
UTTARAKHAND,2013-01-25,Prophet's Birthday
UTTARAKHAND,2013-01-26,Republic Day
UTTARAKHAND,2013-03-26,Holika Dahan
UTTARAKHAND,2013-03-27,Holi
UTTARAKHAND,2013-03-29,Good Friday
UTTARAKHAND,2013-04-11,Cheti Chand
UTTARAKHAND,2013-04-14,Dr. B. R. Ambedkar's Birthday
UTTARAKHAND,2013-04-19,Ram Navami
UTTARAKHAND,2013-04-24,Mahavira's Birthday
UTTARAKHAND,2013-05-25,Buddha Purnima
UTTARAKHAND,2013-07-16,Harela
UTTARAKHAND,2013-08-09,Eid al-Fitr
UTTARAKHAND,2013-08-15,Independence Day
UTTARAKHAND,2013-08-20,Raksha Bandhan
UTTARAKHAND,2013-08-28,Janmashtami (Vaishnava)
UTTARAKHAND,2013-09-17,Vishwakarma Puja
UTTARAKHAND,2013-10-02,Mahatma Gandhi's Birthday
UTTARAKHAND,2013-10-13,Dussehra
UTTARAKHAND,2013-10-16,Eid al-Adha
UTTARAKHAND,2013-10-18,Maharishi Valmiki's Birthday
UTTARAKHAND,2013-11-03,Diwali (Deepavali)
UTTARAKHAND,2013-11-14,Ashura
UTTARAKHAND,2013-11-17,Guru Nanak's Birthday
UTTARAKHAND,2013-11-24,Guru Tegh Bahadur's Martyrdom Day
UTTARAKHAND,2013-12-25,Christmas
UTTARAKHAND,2014-01-14,Prophet's Birthday
UTTARAKHAND,2014-01-26,Republic Day
UTTARAKHAND,2014-03-16,Holika Dahan
UTTARAKHAND,2014-03-17,Holi
UTTARAKHAND,2014-03-31,Cheti Chand
UTTARAKHAND,2014-04-08,Ram Navami
UTTARAKHAND,2014-04-13,Mahavira's Birthday
UTTARAKHAND,2014-04-14,Dr. B. R. Ambedkar's Birthday
UTTARAKHAND,2014-04-18,Good Friday
UTTARAKHAND,2014-05-14,Buddha Purnima
UTTARAKHAND,2014-07-16,Harela
UTTARAKHAND,2014-07-29,Eid al-Fitr
UTTARAKHAND,2014-08-10,Raksha Bandhan
UTTARAKHAND,2014-08-15,Independence Day
UTTARAKHAND,2014-08-18,Janmashtami (Vaishnava)
UTTARAKHAND,2014-09-17,Vishwakarma Puja
UTTARAKHAND,2014-10-02,Mahatma Gandhi's Birthday
UTTARAKHAND,2014-10-03,Dussehra
UTTARAKHAND,2014-10-06,Eid al-Adha
UTTARAKHAND,2014-10-08,Maharishi Valmiki's Birthday
UTTARAKHAND,2014-10-23,Diwali (Deepavali)
UTTARAKHAND,2014-11-04,Ashura
UTTARAKHAND,2014-11-06,Guru Nanak's Birthday
UTTARAKHAND,2014-11-24,Guru Tegh Bahadur's Martyrdom Day
UTTARAKHAND,2014-12-25,Christmas
UTTARAKHAND,2015-01-04,Prophet's Birthday
UTTARAKHAND,2015-01-26,Republic Day
UTTARAKHAND,2015-03-05,Holika Dahan
UTTARAKHAND,2015-03-06,Holi
UTTARAKHAND,2015-03-21,Cheti Chand
UTTARAKHAND,2015-03-28,Ram Navami
UTTARAKHAND,2015-04-02,Mahavira's Birthday
UTTARAKHAND,2015-04-03,Good Friday
UTTARAKHAND,2015-04-14,Dr. B. R. Ambedkar's Birthday
UTTARAKHAND,2015-05-04,Buddha Purnima
UTTARAKHAND,2015-07-16,Harela
UTTARAKHAND,2015-07-18,Eid al-Fitr
UTTARAKHAND,2015-08-15,Independence Day
UTTARAKHAND,2015-08-29,Raksha Bandhan
UTTARAKHAND,2015-09-05,Janmashtami (Vaishnava)
UTTARAKHAND,2015-09-17,Vishwakarma Puja
UTTARAKHAND,2015-09-25,Eid al-Adha
UTTARAKHAND,2015-10-02,Mahatma Gandhi's Birthday
UTTARAKHAND,2015-10-22,Dussehra
UTTARAKHAND,2015-10-24,Ashura
UTTARAKHAND,2015-10-27,Maharishi Valmiki's Birthday
UTTARAKHAND,2015-11-11,Diwali (Deepavali)
UTTARAKHAND,2015-11-24,Guru Tegh Bahadur's Martyrdom Day
UTTARAKHAND,2015-11-25,Guru Nanak's Birthday
UTTARAKHAND,2015-12-24,Prophet's Birthday
UTTARAKHAND,2015-12-25,Christmas
UTTARAKHAND,2016-01-26,Republic Day
UTTARAKHAND,2016-03-23,Holika Dahan
UTTARAKHAND,2016-03-24,Holi
UTTARAKHAND,2016-03-25,Good Friday
UTTARAKHAND,2016-04-08,Cheti Chand
UTTARAKHAND,2016-04-14,Dr. B. R. Ambedkar's Birthday
UTTARAKHAND,2016-04-15,Ram Navami
UTTARAKHAND,2016-04-20,Mahavira's Birthday
UTTARAKHAND,2016-05-21,Buddha Purnima
UTTARAKHAND,2016-07-06,Eid al-Fitr
UTTARAKHAND,2016-07-16,Harela
UTTARAKHAND,2016-08-15,Independence Day
UTTARAKHAND,2016-08-18,Raksha Bandhan
UTTARAKHAND,2016-08-25,Janmashtami (Vaishnava)
UTTARAKHAND,2016-09-12,Eid al-Adha
UTTARAKHAND,2016-09-16,Vishwakarma Puja
UTTARAKHAND,2016-10-02,Mahatma Gandhi's Birthday
UTTARAKHAND,2016-10-11,Dussehra
UTTARAKHAND,2016-10-12,Ashura
UTTARAKHAND,2016-10-16,Maharishi Valmiki's Birthday
UTTARAKHAND,2016-10-30,Diwali (Deepavali)
UTTARAKHAND,2016-11-14,Guru Nanak's Birthday
UTTARAKHAND,2016-11-24,Guru Tegh Bahadur's Martyrdom Day
UTTARAKHAND,2016-12-13,Prophet's Birthday
UTTARAKHAND,2016-12-25,Christmas
UTTARAKHAND,2017-01-26,Republic Day
UTTARAKHAND,2017-02-24,Maha Shivaratri
UTTARAKHAND,2017-03-12,Holika Dahan
UTTARAKHAND,2017-03-13,Holi
UTTARAKHAND,2017-03-28,Cheti Chand
UTTARAKHAND,2017-04-04,Ram Navami
UTTARAKHAND,2017-04-09,Mahavira's Birthday
UTTARAKHAND,2017-04-14,Dr. B. R. Ambedkar's Birthday; Good Friday
UTTARAKHAND,2017-05-10,Buddha Purnima
UTTARAKHAND,2017-06-26,Eid al-Fitr
UTTARAKHAND,2017-07-16,Harela
UTTARAKHAND,2017-08-07,Raksha Bandhan
UTTARAKHAND,2017-08-15,Independence Day
UTTARAKHAND,2017-09-02,Eid al-Adha
UTTARAKHAND,2017-09-17,Vishwakarma Puja
UTTARAKHAND,2017-09-30,Dussehra
UTTARAKHAND,2017-10-01,Ashura
UTTARAKHAND,2017-10-02,Mahatma Gandhi's Birthday
UTTARAKHAND,2017-10-05,Maharishi Valmiki's Birthday
UTTARAKHAND,2017-10-19,Diwali (Deepavali)
UTTARAKHAND,2017-11-04,Guru Nanak's Birthday
UTTARAKHAND,2017-11-24,Guru Tegh Bahadur's Martyrdom Day
UTTARAKHAND,2017-12-02,Prophet's Birthday
UTTARAKHAND,2017-12-25,Christmas
UTTARAKHAND,2018-01-26,Republic Day
UTTARAKHAND,2018-02-13,Maha Shivaratri
UTTARAKHAND,2018-03-01,Holika Dahan
UTTARAKHAND,2018-03-02,Holi
UTTARAKHAND,2018-03-18,Cheti Chand
UTTARAKHAND,2018-03-29,Mahavira's Birthday
UTTARAKHAND,2018-03-30,Good Friday
UTTARAKHAND,2018-04-14,Dr. B. R. Ambedkar's Birthday
UTTARAKHAND,2018-04-30,Buddha Purnima
UTTARAKHAND,2018-06-16,Eid al-Fitr
UTTARAKHAND,2018-07-16,Harela
UTTARAKHAND,2018-08-15,Independence Day
UTTARAKHAND,2018-08-22,Eid al-Adha
UTTARAKHAND,2018-08-26,Raksha Bandhan
UTTARAKHAND,2018-09-03,Janmashtami (Vaishnava)
UTTARAKHAND,2018-09-17,Vishwakarma Puja
UTTARAKHAND,2018-09-21,Ashura
UTTARAKHAND,2018-10-02,Mahatma Gandhi's Birthday
UTTARAKHAND,2018-10-19,Dussehra
UTTARAKHAND,2018-10-24,Maharishi Valmiki's Birthday
UTTARAKHAND,2018-11-07,Diwali (Deepavali)
UTTARAKHAND,2018-11-21,Prophet's Birthday
UTTARAKHAND,2018-11-23,Guru Nanak's Birthday
UTTARAKHAND,2018-11-24,Guru Tegh Bahadur's Martyrdom Day
UTTARAKHAND,2018-12-25,Christmas
UTTARAKHAND,2019-01-26,Republic Day
UTTARAKHAND,2019-03-04,Maha Shivaratri
UTTARAKHAND,2019-03-20,Holika Dahan
UTTARAKHAND,2019-03-21,Holi
UTTARAKHAND,2019-04-06,Cheti Chand
UTTARAKHAND,2019-04-13,Ram Navami
UTTARAKHAND,2019-04-14,Dr. B. R. Ambedkar's Birthday
UTTARAKHAND,2019-04-17,Mahavira's Birthday
UTTARAKHAND,2019-04-19,Good Friday
UTTARAKHAND,2019-05-18,Buddha Purnima
UTTARAKHAND,2019-06-05,Eid al-Fitr
UTTARAKHAND,2019-07-16,Harela
UTTARAKHAND,2019-08-12,Eid al-Adha
UTTARAKHAND,2019-08-15,Independence Day; Raksha Bandhan
UTTARAKHAND,2019-08-24,Janmashtami (Vaishnava)
UTTARAKHAND,2019-09-10,Ashura
UTTARAKHAND,2019-09-17,Vishwakarma Puja
UTTARAKHAND,2019-10-02,Mahatma Gandhi's Birthday
UTTARAKHAND,2019-10-08,Dussehra
UTTARAKHAND,2019-10-13,Maharishi Valmiki's Birthday
UTTARAKHAND,2019-10-27,Diwali (Deepavali)
UTTARAKHAND,2019-11-10,Prophet's Birthday
UTTARAKHAND,2019-11-12,Guru Nanak's Birthday
UTTARAKHAND,2019-11-24,Guru Tegh Bahadur's Martyrdom Day
UTTARAKHAND,2019-12-25,Christmas
UTTARAKHAND,2020-01-26,Republic Day
UTTARAKHAND,2020-03-09,Holika Dahan
UTTARAKHAND,2020-03-10,Holi
UTTARAKHAND,2020-03-25,Cheti Chand
UTTARAKHAND,2020-04-02,Ram Navami
UTTARAKHAND,2020-04-06,Mahavira's Birthday
UTTARAKHAND,2020-04-10,Good Friday
UTTARAKHAND,2020-04-14,Dr. B. R. Ambedkar's Birthday
UTTARAKHAND,2020-05-07,Buddha Purnima
UTTARAKHAND,2020-05-25,Eid al-Fitr
UTTARAKHAND,2020-07-16,Harela
UTTARAKHAND,2020-08-01,Eid al-Adha
UTTARAKHAND,2020-08-03,Raksha Bandhan
UTTARAKHAND,2020-08-12,Janmashtami (Vaishnava)
UTTARAKHAND,2020-08-15,Independence Day
UTTARAKHAND,2020-08-30,Ashura
UTTARAKHAND,2020-09-16,Vishwakarma Puja
UTTARAKHAND,2020-10-02,Mahatma Gandhi's Birthday
UTTARAKHAND,2020-10-25,Dussehra
UTTARAKHAND,2020-10-30,Prophet's Birthday
UTTARAKHAND,2020-10-31,Maharishi Valmiki's Birthday
UTTARAKHAND,2020-11-14,Diwali (Deepavali)
UTTARAKHAND,2020-11-24,Guru Tegh Bahadur's Martyrdom Day
UTTARAKHAND,2020-11-30,Guru Nanak's Birthday
UTTARAKHAND,2020-12-25,Christmas
